task,task_category,condition,family,layer,sample_size,original_feature_count,feature_count,source_seed,n_sampling_repeats,n_projection_seeds,n_runs,test_accuracy_mean,test_accuracy_std,test_macro_f1_mean,test_macro_f1_std,test_balanced_accuracy_mean,test_balanced_accuracy_std,selected_c_mode
coat_vs_non_tops,cross_pooled,constant,constant,constant,10,0,0,42,10,5,50,0.857142857142857,1.1214946133455537e-16,0.4615384615384615,5.607473066727768e-17,0.5,0.0,
coat_vs_non_tops,cross_pooled,constant,constant,constant,20,0,0,42,10,5,50,0.857142857142857,1.1214946133455537e-16,0.4615384615384615,5.607473066727768e-17,0.5,0.0,
coat_vs_non_tops,cross_pooled,constant,constant,constant,30,0,0,42,10,5,50,0.857142857142857,1.1214946133455537e-16,0.4615384615384615,5.607473066727768e-17,0.5,0.0,
coat_vs_non_tops,cross_pooled,constant,constant,constant,50,0,0,42,10,5,50,0.857142857142857,1.1214946133455537e-16,0.4615384615384615,5.607473066727768e-17,0.5,0.0,
coat_vs_non_tops,cross_pooled,constant,constant,constant,80,0,0,42,10,5,50,0.857142857142857,1.1214946133455537e-16,0.4615384615384615,5.607473066727768e-17,0.5,0.0,
coat_vs_non_tops,cross_pooled,constant,constant,constant,110,0,0,42,10,5,50,0.857142857142857,1.1214946133455537e-16,0.4615384615384615,5.607473066727768e-17,0.5,0.0,
coat_vs_non_tops,cross_pooled,constant,constant,constant,150,0,0,42,10,5,50,0.857142857142857,1.1214946133455537e-16,0.4615384615384615,5.607473066727768e-17,0.5,0.0,
coat_vs_non_tops,cross_pooled,constant,constant,constant,200,0,0,42,10,5,50,0.857142857142857,1.1214946133455537e-16,0.4615384615384615,5.607473066727768e-17,0.5,0.0,
coat_vs_non_tops,cross_pooled,pixels,pixels,pixels,10,784,32,42,10,5,50,0.7704142857142857,0.09674070957786758,0.693445872411113,0.08323582449467022,0.8235916666666667,0.05182940753884483,0.01
coat_vs_non_tops,cross_pooled,pixels,pixels,pixels,20,784,32,42,10,5,50,0.8449599999999999,0.041846062076221255,0.7667187686289839,0.04535219454718941,0.8713766666666668,0.026905611238174337,0.1
coat_vs_non_tops,cross_pooled,pixels,pixels,pixels,30,784,32,42,10,5,50,0.8672857142857143,0.03426097260827504,0.7909447986792455,0.03791178942938014,0.8824416666666666,0.023361706813460687,0.1
coat_vs_non_tops,cross_pooled,pixels,pixels,pixels,50,784,32,42,10,5,50,0.8896257142857144,0.025573584774803648,0.8179909892853678,0.03163550820674672,0.8958816666666667,0.018447427061591644,0.1
coat_vs_non_tops,cross_pooled,pixels,pixels,pixels,80,784,32,42,10,5,50,0.9048999999999999,0.017552568749928023,0.8382035454672124,0.02404701787860882,0.9082416666666666,0.015992949924229474,0.1
coat_vs_non_tops,cross_pooled,pixels,pixels,pixels,110,784,32,42,10,5,50,0.9117971428571429,0.01553263925198949,0.848029926302645,0.02193338152142907,0.9143316666666668,0.013665966569922876,0.1
coat_vs_non_tops,cross_pooled,pixels,pixels,pixels,150,784,32,42,10,5,50,0.9152428571428571,0.012871008072913113,0.8530947498473195,0.018674934687193504,0.9182916666666666,0.012682335122116094,0.1
coat_vs_non_tops,cross_pooled,pixels,pixels,pixels,200,784,32,42,10,5,50,0.9177200000000001,0.012068351773776324,0.8571553298401884,0.01764374980563698,0.9224866666666667,0.012064280780398761,1.0
coat_vs_non_tops,cross_pooled,random_conv1,random,conv1,10,3136,32,42,10,5,50,0.796257142857143,0.08074933318917021,0.7210585110044644,0.07317096830226845,0.8492499999999998,0.042634963109695306,0.01
coat_vs_non_tops,cross_pooled,random_conv1,random,conv1,20,3136,32,42,10,5,50,0.8674971428571429,0.03549147101467487,0.7946794151440685,0.040901175604032815,0.8943066666666667,0.022767691035808623,0.1
coat_vs_non_tops,cross_pooled,random_conv1,random,conv1,30,3136,32,42,10,5,50,0.8819000000000001,0.033475861121126015,0.8119662800594932,0.03864882042765512,0.9025,0.018649902883152512,0.1
coat_vs_non_tops,cross_pooled,random_conv1,random,conv1,50,3136,32,42,10,5,50,0.8976999999999999,0.026613892054946974,0.8314657006828102,0.03294428179206542,0.911325,0.01424968919977728,0.1
coat_vs_non_tops,cross_pooled,random_conv1,random,conv1,80,3136,32,42,10,5,50,0.9150257142857143,0.016049945213544112,0.8541771128653908,0.02184719333951141,0.9227233333333333,0.00945291230364526,0.1
coat_vs_non_tops,cross_pooled,random_conv1,random,conv1,110,3136,32,42,10,5,50,0.9198171428571429,0.013153850137041177,0.8607826600336308,0.018254500061696783,0.92581,0.007348412141254221,0.1
coat_vs_non_tops,cross_pooled,random_conv1,random,conv1,150,3136,32,42,10,5,50,0.9227228571428573,0.012333198966665291,0.8652526458825003,0.01722247261129734,0.9292800000000001,0.0074049869817270015,0.1
coat_vs_non_tops,cross_pooled,random_conv1,random,conv1,200,3136,32,42,10,5,50,0.9247857142857143,0.008813503421772628,0.8684745262188346,0.012378773107843813,0.9326749999999998,0.0057637553600356824,1.0
coat_vs_non_tops,cross_pooled,fine_conv1,fine,conv1,10,3136,32,42,10,5,50,0.815322857142857,0.07140663692368766,0.7371438807755177,0.06799691997931498,0.8517633333333333,0.042564228378005,0.01
coat_vs_non_tops,cross_pooled,fine_conv1,fine,conv1,20,3136,32,42,10,5,50,0.8744942857142857,0.027725993289211222,0.8013795620919834,0.03308265712901263,0.8947133333333334,0.017217357626189853,1.0
coat_vs_non_tops,cross_pooled,fine_conv1,fine,conv1,30,3136,32,42,10,5,50,0.88582,0.026372098042919137,0.8153459274172212,0.030548642039248203,0.9017366666666667,0.013692819261194093,0.1
coat_vs_non_tops,cross_pooled,fine_conv1,fine,conv1,50,3136,32,42,10,5,50,0.9004457142857143,0.022166283855028366,0.8339261118903245,0.027663493694811313,0.9098933333333332,0.010971399636205234,0.1
coat_vs_non_tops,cross_pooled,fine_conv1,fine,conv1,80,3136,32,42,10,5,50,0.9116942857142857,0.017441590749700836,0.8491381558747564,0.023054031162211303,0.9183466666666666,0.009225635313558389,0.1
coat_vs_non_tops,cross_pooled,fine_conv1,fine,conv1,110,3136,32,42,10,5,50,0.9169514285714285,0.016153821452580992,0.8567420397633065,0.02203749885764216,0.9231716666666666,0.008882203569465905,0.1
coat_vs_non_tops,cross_pooled,fine_conv1,fine,conv1,150,3136,32,42,10,5,50,0.9185428571428572,0.014655789638542046,0.8591248810572738,0.01991787133429898,0.9252416666666667,0.00788480430251054,0.1
coat_vs_non_tops,cross_pooled,fine_conv1,fine,conv1,200,3136,32,42,10,5,50,0.9207257142857144,0.010797397375639355,0.8623930351936815,0.014869297026316512,0.9286983333333333,0.007346345328293489,0.1
coat_vs_non_tops,cross_pooled,coarse_conv1,coarse,conv1,10,3136,32,42,10,5,50,0.8081228571428573,0.07280538955339541,0.7257360511684762,0.06973184723930313,0.8349216666666667,0.05264819385087808,0.01
coat_vs_non_tops,cross_pooled,coarse_conv1,coarse,conv1,20,3136,32,42,10,5,50,0.8592257142857143,0.027972261056054944,0.7813325274188985,0.032071131495230595,0.8791983333333333,0.020897512640993873,0.01
coat_vs_non_tops,cross_pooled,coarse_conv1,coarse,conv1,30,3136,32,42,10,5,50,0.8686285714285714,0.026606375338686337,0.7927106551521284,0.029528506026499927,0.8862000000000002,0.015148153461329254,0.1
coat_vs_non_tops,cross_pooled,coarse_conv1,coarse,conv1,50,3136,32,42,10,5,50,0.8871914285714285,0.02105267208889327,0.8149843446418744,0.024845146302427512,0.8961616666666667,0.010093446746952206,0.1
coat_vs_non_tops,cross_pooled,coarse_conv1,coarse,conv1,80,3136,32,42,10,5,50,0.8965400000000001,0.016705656490158666,0.827481330015648,0.02088191362224579,0.9049316666666667,0.009199811598435689,0.1
coat_vs_non_tops,cross_pooled,coarse_conv1,coarse,conv1,110,3136,32,42,10,5,50,0.9047742857142858,0.014590026718052507,0.8381825882999636,0.018957191908694077,0.9094516666666667,0.009582321596993537,0.1
coat_vs_non_tops,cross_pooled,coarse_conv1,coarse,conv1,150,3136,32,42,10,5,50,0.9067857142857143,0.012562455384907549,0.8413732020100596,0.01647798794386215,0.913125,0.008838389805487285,0.1
coat_vs_non_tops,cross_pooled,coarse_conv1,coarse,conv1,200,3136,32,42,10,5,50,0.9076514285714284,0.011666444296883186,0.8430481420782421,0.015031168666382757,0.9159716666666669,0.008085701841092,0.1
coat_vs_non_tops,cross_pooled,random_conv2,random,conv2,10,1568,32,42,10,5,50,0.7772657142857143,0.0834224308315669,0.70093299014441,0.0754561473345716,0.83148,0.04553426720389729,0.01
coat_vs_non_tops,cross_pooled,random_conv2,random,conv2,20,1568,32,42,10,5,50,0.8537285714285714,0.03320974764446296,0.7778086734622055,0.0371468519268325,0.8843666666666666,0.022948169441714145,1.0
coat_vs_non_tops,cross_pooled,random_conv2,random,conv2,30,1568,32,42,10,5,50,0.8649228571428571,0.03025926027108511,0.7908002390650863,0.03449778826257779,0.8918383333333334,0.019525525548859973,1.0
coat_vs_non_tops,cross_pooled,random_conv2,random,conv2,50,1568,32,42,10,5,50,0.8837,0.03061396253684605,0.8142300787552799,0.037241487275911866,0.9044083333333333,0.01762492863561243,1.0
coat_vs_non_tops,cross_pooled,random_conv2,random,conv2,80,1568,32,42,10,5,50,0.9034257142857142,0.019775341504303497,0.8386782912322869,0.026062818829709435,0.9166733333333335,0.014491776149379304,1.0
coat_vs_non_tops,cross_pooled,random_conv2,random,conv2,110,1568,32,42,10,5,50,0.9140000000000001,0.016053326377942715,0.8529608973685466,0.022008853387302876,0.9234249999999998,0.011421590750012492,1.0
coat_vs_non_tops,cross_pooled,random_conv2,random,conv2,150,1568,32,42,10,5,50,0.9171828571428573,0.01388277332711222,0.8575361185179525,0.01955705277515878,0.9266399999999999,0.011119371872502603,1.0
coat_vs_non_tops,cross_pooled,random_conv2,random,conv2,200,1568,32,42,10,5,50,0.9192371428571429,0.012404289473180003,0.8606144817483359,0.017610532718484152,0.9290966666666668,0.01024313773939896,1.0
coat_vs_non_tops,cross_pooled,fine_conv2,fine,conv2,10,1568,32,42,10,5,50,0.8404257142857143,0.05326574000917973,0.7639571570502562,0.05324847399725546,0.8734483333333333,0.0321503293342985,0.01
coat_vs_non_tops,cross_pooled,fine_conv2,fine,conv2,20,1568,32,42,10,5,50,0.8760428571428571,0.027258832330549113,0.8041211680062422,0.03142955091222388,0.8993833333333333,0.016162791456440905,0.01
coat_vs_non_tops,cross_pooled,fine_conv2,fine,conv2,30,1568,32,42,10,5,50,0.8861028571428571,0.022463465456155136,0.8159442523485343,0.026596449143395717,0.9043933333333333,0.013226571294504736,0.01
coat_vs_non_tops,cross_pooled,fine_conv2,fine,conv2,50,1568,32,42,10,5,50,0.9007857142857142,0.016417330417148296,0.8342672135291942,0.020332393454190884,0.9121916666666666,0.009958861668733093,0.1
coat_vs_non_tops,cross_pooled,fine_conv2,fine,conv2,80,1568,32,42,10,5,50,0.9097828571428572,0.014485576850544978,0.8466833840473436,0.018851699048145803,0.9192983333333333,0.008844302168006368,0.1
coat_vs_non_tops,cross_pooled,fine_conv2,fine,conv2,110,1568,32,42,10,5,50,0.9167257142857143,0.012138443375498152,0.8563874814922761,0.0163580985409639,0.9243816666666667,0.007301959984450222,0.1
coat_vs_non_tops,cross_pooled,fine_conv2,fine,conv2,150,1568,32,42,10,5,50,0.9191057142857143,0.009017120557049136,0.8600788787151042,0.012228417029144928,0.9281533333333333,0.006359558128662442,0.1
coat_vs_non_tops,cross_pooled,fine_conv2,fine,conv2,200,1568,32,42,10,5,50,0.9192914285714286,0.007993539665557412,0.860762469644519,0.011057336013302116,0.9305283333333334,0.006267167126130272,0.1
coat_vs_non_tops,cross_pooled,coarse_conv2,coarse,conv2,10,1568,32,42,10,5,50,0.8451914285714285,0.0680996440839807,0.772525075130282,0.06869412509112642,0.8797366666666667,0.037961634619018275,0.01
coat_vs_non_tops,cross_pooled,coarse_conv2,coarse,conv2,20,1568,32,42,10,5,50,0.8852800000000002,0.03291486829335409,0.8173071872706258,0.040156722452562445,0.9085633333333334,0.019389882989803642,0.01
coat_vs_non_tops,cross_pooled,coarse_conv2,coarse,conv2,30,1568,32,42,10,5,50,0.89676,0.02802427162449184,0.8312945454399582,0.03516017856482882,0.9148016666666667,0.01686392527330403,0.01
coat_vs_non_tops,cross_pooled,coarse_conv2,coarse,conv2,50,1568,32,42,10,5,50,0.9135771428571428,0.02434337110559409,0.8534952549674775,0.031723476862560385,0.9239783333333331,0.013936005443900574,0.1
coat_vs_non_tops,cross_pooled,coarse_conv2,coarse,conv2,80,1568,32,42,10,5,50,0.9211085714285716,0.016814779996252274,0.8632020030160479,0.023515204334558695,0.9278383333333332,0.01133119990423967,0.1
coat_vs_non_tops,cross_pooled,coarse_conv2,coarse,conv2,110,1568,32,42,10,5,50,0.9250771428571428,0.014061867524765275,0.8688669915188219,0.020275632472273056,0.9310616666666667,0.010448581178296681,0.1
coat_vs_non_tops,cross_pooled,coarse_conv2,coarse,conv2,150,1568,32,42,10,5,50,0.9279285714285713,0.012485301645715513,0.8732685680047902,0.018550355992062312,0.9344333333333334,0.009779165923932381,0.1
coat_vs_non_tops,cross_pooled,coarse_conv2,coarse,conv2,200,1568,32,42,10,5,50,0.9292800000000001,0.01086829870317219,0.8752956185305883,0.016274903290350303,0.9360799999999999,0.009550987412001841,0.1
coat_vs_non_tops,cross_pooled,random_fc,random,fc,10,128,32,42,10,5,50,0.7889057142857143,0.07214195715744956,0.7119075245075828,0.06489517591740332,0.8414366666666666,0.035139201481047114,0.01
coat_vs_non_tops,cross_pooled,random_fc,random,fc,20,128,32,42,10,5,50,0.8509857142857142,0.03567312205033354,0.774562494009716,0.03920795014131419,0.8809083333333332,0.02139280911301814,1.0
coat_vs_non_tops,cross_pooled,random_fc,random,fc,30,128,32,42,10,5,50,0.8641571428571428,0.03712129055422905,0.7905696229204654,0.04035124622093289,0.8912750000000002,0.019668419514299464,1.0
coat_vs_non_tops,cross_pooled,random_fc,random,fc,50,128,32,42,10,5,50,0.8844371428571429,0.035471952303896326,0.8156407645765337,0.0421714988866166,0.9039966666666668,0.017195166224744637,0.1
coat_vs_non_tops,cross_pooled,random_fc,random,fc,80,128,32,42,10,5,50,0.9040400000000001,0.024883318545916654,0.8399991842771662,0.03237241698736143,0.9163316666666667,0.013804314390978952,1.0
coat_vs_non_tops,cross_pooled,random_fc,random,fc,110,128,32,42,10,5,50,0.9105828571428571,0.021714877236073862,0.8488421572328525,0.028579281242695164,0.9214233333333334,0.010929671591060527,1.0
coat_vs_non_tops,cross_pooled,random_fc,random,fc,150,128,32,42,10,5,50,0.9143057142857144,0.019014276185946918,0.8540632807101054,0.02535044901914567,0.9251616666666668,0.009629523556381319,1.0
coat_vs_non_tops,cross_pooled,random_fc,random,fc,200,128,32,42,10,5,50,0.9180371428571429,0.017638222145853366,0.8594580205167307,0.024057105662381475,0.9286299999999998,0.00944489868188701,1.0
coat_vs_non_tops,cross_pooled,fine_fc,fine,fc,10,128,32,42,10,5,50,0.9262142857142858,0.05425517976603922,0.8798859500487819,0.0700493223063295,0.9423666666666665,0.028366931859636357,1.0
coat_vs_non_tops,cross_pooled,fine_fc,fine,fc,20,128,32,42,10,5,50,0.9556542857142857,0.021766204809369392,0.9196024935603969,0.03383716415802914,0.9598233333333333,0.010333204958605706,1.0
coat_vs_non_tops,cross_pooled,fine_fc,fine,fc,30,128,32,42,10,5,50,0.9590571428571428,0.019919496455116682,0.925249903564896,0.03182943948091966,0.9628833333333333,0.007392694193434612,1.0
coat_vs_non_tops,cross_pooled,fine_fc,fine,fc,50,128,32,42,10,5,50,0.9630999999999998,0.017925786433012708,0.931872386351499,0.02876185387873553,0.9662666666666666,0.006694986617237452,1.0
coat_vs_non_tops,cross_pooled,fine_fc,fine,fc,80,128,32,42,10,5,50,0.97024,0.011927290481318015,0.9435094527829243,0.02004633936407636,0.9705733333333335,0.004578016086965741,1.0
coat_vs_non_tops,cross_pooled,fine_fc,fine,fc,110,128,32,42,10,5,50,0.9730171428571428,0.007618159326254598,0.9481081406353646,0.013202578619989103,0.9728016666666668,0.003952448722884258,1.0
coat_vs_non_tops,cross_pooled,fine_fc,fine,fc,150,128,32,42,10,5,50,0.973542857142857,0.007022543576514731,0.9490765516569601,0.01209765153167043,0.9737583333333333,0.00341179966940133,1.0
coat_vs_non_tops,cross_pooled,fine_fc,fine,fc,200,128,32,42,10,5,50,0.9730371428571428,0.00633454462794934,0.9482734517349841,0.010994083967370123,0.975255,0.0029302361702779997,1.0
coat_vs_non_tops,cross_pooled,coarse_fc,coarse,fc,10,128,32,42,10,5,50,0.9623657142857144,0.022180456368870363,0.9317007868314728,0.034695373448576046,0.9698966666666666,0.00913795069242238,0.01
coat_vs_non_tops,cross_pooled,coarse_fc,coarse,fc,20,128,32,42,10,5,50,0.9723457142857143,0.009639140413182055,0.9473741369383981,0.01616870068758706,0.9750683333333334,0.004223446124379107,0.01
coat_vs_non_tops,cross_pooled,coarse_fc,coarse,fc,30,128,32,42,10,5,50,0.9726742857142857,0.007653308295331515,0.94787913634432,0.013120619175219414,0.9761516666666666,0.0026419823734608722,1.0
coat_vs_non_tops,cross_pooled,coarse_fc,coarse,fc,50,128,32,42,10,5,50,0.9741885714285715,0.005890747656708673,0.9504810579205611,0.010162722712584858,0.9774516666666667,0.0034552159952304213,0.01
coat_vs_non_tops,cross_pooled,coarse_fc,coarse,fc,80,128,32,42,10,5,50,0.9768199999999999,0.0032689788019089764,0.9550256350632707,0.005696060343816959,0.9782949999999999,0.002526010383598994,1.0
coat_vs_non_tops,cross_pooled,coarse_fc,coarse,fc,110,128,32,42,10,5,50,0.9769114285714285,0.002656965729699265,0.9551967057708386,0.004674507820555907,0.978715,0.0019631013745608546,1.0
coat_vs_non_tops,cross_pooled,coarse_fc,coarse,fc,150,128,32,42,10,5,50,0.9762885714285714,0.003263710069115148,0.9541205442477593,0.0057395256255990835,0.978785,0.0017425001260666716,1.0
coat_vs_non_tops,cross_pooled,coarse_fc,coarse,fc,200,128,32,42,10,5,50,0.9756885714285715,0.0036292910376639993,0.9531415428686594,0.006361658633906732,0.9795433333333332,0.0019434493728555493,1.0
coat_vs_shirt,within_tops,constant,constant,constant,10,0,0,42,10,5,50,0.5,0.0,0.33333333333333326,5.607473066727768e-17,0.5,0.0,
coat_vs_shirt,within_tops,constant,constant,constant,20,0,0,42,10,5,50,0.5,0.0,0.33333333333333326,5.607473066727768e-17,0.5,0.0,
coat_vs_shirt,within_tops,constant,constant,constant,30,0,0,42,10,5,50,0.5,0.0,0.33333333333333326,5.607473066727768e-17,0.5,0.0,
coat_vs_shirt,within_tops,constant,constant,constant,50,0,0,42,10,5,50,0.5,0.0,0.33333333333333326,5.607473066727768e-17,0.5,0.0,
coat_vs_shirt,within_tops,constant,constant,constant,80,0,0,42,10,5,50,0.5,0.0,0.33333333333333326,5.607473066727768e-17,0.5,0.0,
coat_vs_shirt,within_tops,constant,constant,constant,110,0,0,42,10,5,50,0.5,0.0,0.33333333333333326,5.607473066727768e-17,0.5,0.0,
coat_vs_shirt,within_tops,constant,constant,constant,150,0,0,42,10,5,50,0.5,0.0,0.33333333333333326,5.607473066727768e-17,0.5,0.0,
coat_vs_shirt,within_tops,constant,constant,constant,200,0,0,42,10,5,50,0.5,0.0,0.33333333333333326,5.607473066727768e-17,0.5,0.0,
coat_vs_shirt,within_tops,pixels,pixels,pixels,10,784,32,42,10,5,50,0.6545300000000001,0.050523929468911974,0.648025907060391,0.05397873633729758,0.6545300000000001,0.05052392946891199,1.0
coat_vs_shirt,within_tops,pixels,pixels,pixels,20,784,32,42,10,5,50,0.6843,0.05052479690251923,0.6817429172543024,0.05213755812017236,0.6843,0.05052479690251922,1.0
coat_vs_shirt,within_tops,pixels,pixels,pixels,30,784,32,42,10,5,50,0.6890799999999999,0.043335704278413684,0.6874082464465134,0.043810239650138985,0.6890799999999999,0.043335704278413684,0.01
coat_vs_shirt,within_tops,pixels,pixels,pixels,50,784,32,42,10,5,50,0.7151900000000001,0.036158930643841264,0.7145281344421189,0.03640040454333036,0.7151900000000001,0.03615893064384126,0.1
coat_vs_shirt,within_tops,pixels,pixels,pixels,80,784,32,42,10,5,50,0.73665,0.029105937748935322,0.7362297800478814,0.029252534740528146,0.73665,0.02910593774893531,0.1
coat_vs_shirt,within_tops,pixels,pixels,pixels,110,784,32,42,10,5,50,0.7457699999999998,0.025405127636051766,0.7454482274693713,0.025400766342753046,0.7457699999999998,0.02540512763605178,0.1
coat_vs_shirt,within_tops,pixels,pixels,pixels,150,784,32,42,10,5,50,0.7542100000000002,0.023999806546839374,0.7539380553427639,0.0240095387761416,0.7542100000000002,0.023999806546839378,0.1
coat_vs_shirt,within_tops,pixels,pixels,pixels,200,784,32,42,10,5,50,0.76023,0.024140999505879134,0.7600005720004365,0.024178282774629252,0.76023,0.024140999505879154,0.1
coat_vs_shirt,within_tops,random_conv1,random,conv1,10,3136,32,42,10,5,50,0.67671,0.043338851166224546,0.6716815853821165,0.04763789657941876,0.67671,0.043338851166224546,1.0
coat_vs_shirt,within_tops,random_conv1,random,conv1,20,3136,32,42,10,5,50,0.69851,0.0390309257290332,0.6954217853487465,0.04022013516198767,0.69851,0.03903092572903321,0.1
coat_vs_shirt,within_tops,random_conv1,random,conv1,30,3136,32,42,10,5,50,0.70676,0.03788546649347969,0.7050642405702969,0.03849499932134768,0.70676,0.03788546649347968,0.1
coat_vs_shirt,within_tops,random_conv1,random,conv1,50,3136,32,42,10,5,50,0.73238,0.023178887296989272,0.731646906010533,0.023552397294441158,0.73238,0.02317888729698928,0.1
coat_vs_shirt,within_tops,random_conv1,random,conv1,80,3136,32,42,10,5,50,0.7488100000000002,0.019236150597141777,0.7483599838349666,0.01950002244414556,0.7488100000000002,0.019236150597141784,0.1
coat_vs_shirt,within_tops,random_conv1,random,conv1,110,3136,32,42,10,5,50,0.75855,0.0187891767585838,0.7580461288117936,0.018958768133566145,0.75855,0.0187891767585838,0.1
coat_vs_shirt,within_tops,random_conv1,random,conv1,150,3136,32,42,10,5,50,0.7648999999999999,0.017444079751232133,0.7645464324892438,0.017496658693425305,0.7649000000000001,0.017444079751232137,0.1
coat_vs_shirt,within_tops,random_conv1,random,conv1,200,3136,32,42,10,5,50,0.7727900000000001,0.017267135824792633,0.7725405653034575,0.017315072347734,0.7727900000000001,0.01726713582479263,0.1
coat_vs_shirt,within_tops,fine_conv1,fine,conv1,10,3136,32,42,10,5,50,0.6583800000000001,0.0432588978696633,0.6523387034567412,0.04673244922152985,0.6583800000000001,0.04325889786966329,1.0
coat_vs_shirt,within_tops,fine_conv1,fine,conv1,20,3136,32,42,10,5,50,0.68737,0.04212648713538013,0.6848743691738552,0.04365653861035773,0.68737,0.042126487135380135,0.1
coat_vs_shirt,within_tops,fine_conv1,fine,conv1,30,3136,32,42,10,5,50,0.69455,0.03187303415306503,0.6924704180773879,0.033540778509169984,0.69455,0.03187303415306503,0.01
coat_vs_shirt,within_tops,fine_conv1,fine,conv1,50,3136,32,42,10,5,50,0.7178800000000001,0.029629611498482734,0.7170400360569721,0.03016293569334585,0.7178800000000001,0.029629611498482734,0.1
coat_vs_shirt,within_tops,fine_conv1,fine,conv1,80,3136,32,42,10,5,50,0.73494,0.02497889721589904,0.7344833896249011,0.025259235440298053,0.73494,0.024978897215899045,0.1
coat_vs_shirt,within_tops,fine_conv1,fine,conv1,110,3136,32,42,10,5,50,0.7466999999999999,0.021374216777630538,0.7462262958051592,0.021688914185735455,0.7467,0.021374216777630534,0.1
coat_vs_shirt,within_tops,fine_conv1,fine,conv1,150,3136,32,42,10,5,50,0.7570100000000001,0.01866856191787767,0.7567756746732255,0.01874261085999818,0.7570100000000001,0.018668561917877684,0.1
coat_vs_shirt,within_tops,fine_conv1,fine,conv1,200,3136,32,42,10,5,50,0.7602400000000001,0.01987826215046096,0.7601028390341475,0.019891800223838983,0.7602400000000001,0.019878262150460967,0.1
coat_vs_shirt,within_tops,coarse_conv1,coarse,conv1,10,3136,32,42,10,5,50,0.63358,0.04955849563693312,0.6272599329603502,0.05458515424651436,0.63358,0.04955849563693312,1.0
coat_vs_shirt,within_tops,coarse_conv1,coarse,conv1,20,3136,32,42,10,5,50,0.6628400000000001,0.04508873790332,0.6604095323292709,0.04707126431496375,0.6628400000000001,0.04508873790332001,1.0
coat_vs_shirt,within_tops,coarse_conv1,coarse,conv1,30,3136,32,42,10,5,50,0.67045,0.033241885614141584,0.6685674948627515,0.03447204982974262,0.67045,0.03324188561414159,0.01
coat_vs_shirt,within_tops,coarse_conv1,coarse,conv1,50,3136,32,42,10,5,50,0.6957300000000001,0.02563344634317772,0.6947534598572145,0.02601020879621808,0.6957300000000001,0.025633446343177713,0.1
coat_vs_shirt,within_tops,coarse_conv1,coarse,conv1,80,3136,32,42,10,5,50,0.71745,0.022613489291995248,0.7169381772126937,0.022833398511680727,0.71745,0.02261348929199524,0.1
coat_vs_shirt,within_tops,coarse_conv1,coarse,conv1,110,3136,32,42,10,5,50,0.7275699999999999,0.019016912451385832,0.7270465215011547,0.01918002453393757,0.7275699999999999,0.019016912451385842,0.1
coat_vs_shirt,within_tops,coarse_conv1,coarse,conv1,150,3136,32,42,10,5,50,0.7358899999999999,0.014558569255785754,0.7355326919089349,0.014673430631286127,0.7358899999999999,0.014558569255785744,0.1
coat_vs_shirt,within_tops,coarse_conv1,coarse,conv1,200,3136,32,42,10,5,50,0.74286,0.0137432877865405,0.7426364144088056,0.0138163342532191,0.74286,0.013743287786540515,0.1
coat_vs_shirt,within_tops,random_conv2,random,conv2,10,1568,32,42,10,5,50,0.6611499999999999,0.03315089957839972,0.6565990974017109,0.034276266651311955,0.6611499999999999,0.03315089957839973,1.0
coat_vs_shirt,within_tops,random_conv2,random,conv2,20,1568,32,42,10,5,50,0.6918000000000001,0.040937732706925446,0.689452464882922,0.041254401049287646,0.6918000000000001,0.04093773270692543,1.0
coat_vs_shirt,within_tops,random_conv2,random,conv2,30,1568,32,42,10,5,50,0.69581,0.03537826064874603,0.694481813202432,0.035843207387856554,0.69581,0.035378260648746045,1.0
coat_vs_shirt,within_tops,random_conv2,random,conv2,50,1568,32,42,10,5,50,0.7247999999999999,0.020960117619236895,0.7239625961549845,0.021318529363380048,0.7247999999999999,0.0209601176192369,0.1
coat_vs_shirt,within_tops,random_conv2,random,conv2,80,1568,32,42,10,5,50,0.7443899999999999,0.018022743567900134,0.7439230033347128,0.018218916924120816,0.7443899999999999,0.01802274356790013,0.1
coat_vs_shirt,within_tops,random_conv2,random,conv2,110,1568,32,42,10,5,50,0.75556,0.01610603892320884,0.7551655384898289,0.01625783288176661,0.75556,0.016106038923208842,0.1
coat_vs_shirt,within_tops,random_conv2,random,conv2,150,1568,32,42,10,5,50,0.76594,0.013621201960808842,0.7656783812875186,0.013718165623498011,0.76594,0.013621201960808866,0.1
coat_vs_shirt,within_tops,random_conv2,random,conv2,200,1568,32,42,10,5,50,0.7706999999999999,0.016504173869116893,0.7705202860600348,0.01651699314675435,0.7706999999999999,0.016504173869116897,0.1
coat_vs_shirt,within_tops,fine_conv2,fine,conv2,10,1568,32,42,10,5,50,0.6588900000000001,0.047095570440350766,0.6524482770416061,0.05344157351611397,0.6588900000000001,0.047095570440350766,1.0
coat_vs_shirt,within_tops,fine_conv2,fine,conv2,20,1568,32,42,10,5,50,0.69274,0.04154371191889334,0.6897705075064305,0.04333401246785974,0.6927399999999999,0.041543711918893333,1.0
coat_vs_shirt,within_tops,fine_conv2,fine,conv2,30,1568,32,42,10,5,50,0.69788,0.029325854024831306,0.6964605706494619,0.029964631549682805,0.69788,0.02932585402483131,0.1
coat_vs_shirt,within_tops,fine_conv2,fine,conv2,50,1568,32,42,10,5,50,0.7332899999999999,0.02234129744282036,0.7324058156727296,0.022563983333096043,0.7332899999999999,0.02234129744282036,0.1
coat_vs_shirt,within_tops,fine_conv2,fine,conv2,80,1568,32,42,10,5,50,0.75239,0.02156865876257322,0.7519890907718709,0.021759046479429084,0.75239,0.02156865876257322,0.1
coat_vs_shirt,within_tops,fine_conv2,fine,conv2,110,1568,32,42,10,5,50,0.7642699999999999,0.02029557355982947,0.7639134483981687,0.020499302534240725,0.7642699999999999,0.02029557355982946,0.1
coat_vs_shirt,within_tops,fine_conv2,fine,conv2,150,1568,32,42,10,5,50,0.7733500000000001,0.016667593511643722,0.7730978230272757,0.01668034128878597,0.7733500000000001,0.01666759351164372,0.1
coat_vs_shirt,within_tops,fine_conv2,fine,conv2,200,1568,32,42,10,5,50,0.7805600000000001,0.014197096570088143,0.7803948464533302,0.014211258149333814,0.7805600000000001,0.01419709657008813,0.1
coat_vs_shirt,within_tops,coarse_conv2,coarse,conv2,10,1568,32,42,10,5,50,0.6595799999999999,0.04830096546971005,0.6545638860912206,0.05276600276312912,0.6595799999999999,0.04830096546971005,0.01
coat_vs_shirt,within_tops,coarse_conv2,coarse,conv2,20,1568,32,42,10,5,50,0.6862100000000001,0.04526093170467782,0.6831930165435872,0.04713125440263117,0.6862100000000001,0.04526093170467783,0.01
coat_vs_shirt,within_tops,coarse_conv2,coarse,conv2,30,1568,32,42,10,5,50,0.6897299999999998,0.037719724986553446,0.6875968519560764,0.03897651823465689,0.6897299999999998,0.03771972498655345,0.1
coat_vs_shirt,within_tops,coarse_conv2,coarse,conv2,50,1568,32,42,10,5,50,0.71663,0.029757319456303343,0.7156572727713778,0.030464031814876592,0.71663,0.029757319456303347,0.1
coat_vs_shirt,within_tops,coarse_conv2,coarse,conv2,80,1568,32,42,10,5,50,0.7384499999999999,0.023934061203947095,0.7380272037975414,0.024230428170630078,0.7384500000000002,0.023934061203947112,0.1
coat_vs_shirt,within_tops,coarse_conv2,coarse,conv2,110,1568,32,42,10,5,50,0.7500399999999999,0.0178742318230828,0.7496723253577003,0.018080453101218103,0.7500399999999999,0.017874231823082815,0.1
coat_vs_shirt,within_tops,coarse_conv2,coarse,conv2,150,1568,32,42,10,5,50,0.7586200000000001,0.01818065803348746,0.7583613193727785,0.018317690932928146,0.7586200000000001,0.01818065803348746,0.1
coat_vs_shirt,within_tops,coarse_conv2,coarse,conv2,200,1568,32,42,10,5,50,0.7658799999999999,0.015666342448519548,0.7656646196449182,0.015750670509424577,0.7658799999999999,0.01566634244851956,0.1
coat_vs_shirt,within_tops,random_fc,random,fc,10,128,32,42,10,5,50,0.6608700000000001,0.034792066008543635,0.6564218171675087,0.03683043477847953,0.6608700000000001,0.03479206600854362,1.0
coat_vs_shirt,within_tops,random_fc,random,fc,20,128,32,42,10,5,50,0.6737099999999999,0.05113797762037565,0.6715344282187544,0.051228959771520755,0.6737099999999999,0.05113797762037565,0.1
coat_vs_shirt,within_tops,random_fc,random,fc,30,128,32,42,10,5,50,0.6768500000000001,0.02900708041643823,0.6752787102414767,0.029178419525073922,0.6768499999999998,0.02900708041643823,0.01
coat_vs_shirt,within_tops,random_fc,random,fc,50,128,32,42,10,5,50,0.71152,0.019153504501627824,0.7107944994639852,0.019393725951924963,0.71152,0.01915350450162783,1.0
coat_vs_shirt,within_tops,random_fc,random,fc,80,128,32,42,10,5,50,0.72796,0.018214661060558354,0.7274341021153096,0.018332213700367028,0.72796,0.018214661060558347,0.1
coat_vs_shirt,within_tops,random_fc,random,fc,110,128,32,42,10,5,50,0.73751,0.012609313855970404,0.7370594781939015,0.012600354711086566,0.73751,0.01260931385597041,0.1
coat_vs_shirt,within_tops,random_fc,random,fc,150,128,32,42,10,5,50,0.74675,0.011291250902303753,0.7464905978790014,0.011297304642676748,0.74675,0.011291250902303767,0.1
coat_vs_shirt,within_tops,random_fc,random,fc,200,128,32,42,10,5,50,0.7541100000000001,0.010954120462275396,0.7539084343683179,0.010975128966707793,0.7541100000000001,0.01095412046227542,1.0
coat_vs_shirt,within_tops,fine_fc,fine,fc,10,128,32,42,10,5,50,0.84827,0.028478995123868152,0.8473315424730185,0.029310557466380508,0.84827,0.028478995123868152,1.0
coat_vs_shirt,within_tops,fine_fc,fine,fc,20,128,32,42,10,5,50,0.8663199999999999,0.022009914278129573,0.8658020979467095,0.022386380494852115,0.8663200000000001,0.02200991427812957,1.0
coat_vs_shirt,within_tops,fine_fc,fine,fc,30,128,32,42,10,5,50,0.8746,0.017646471578864516,0.8743811152223852,0.017807090819403366,0.8746,0.017646471578864533,1.0
coat_vs_shirt,within_tops,fine_fc,fine,fc,50,128,32,42,10,5,50,0.8906300000000001,0.008577860681868821,0.8905686174246951,0.008572178765698926,0.8906300000000001,0.008577860681868832,1.0
coat_vs_shirt,within_tops,fine_fc,fine,fc,80,128,32,42,10,5,50,0.8969999999999999,0.007541044154410947,0.8969426019640556,0.007585317106344631,0.8969999999999999,0.007541044154410962,0.1
coat_vs_shirt,within_tops,fine_fc,fine,fc,110,128,32,42,10,5,50,0.8985900000000001,0.0069793353873402394,0.8985404292166966,0.006990878136180187,0.8985900000000001,0.006979335387340237,0.1
coat_vs_shirt,within_tops,fine_fc,fine,fc,150,128,32,42,10,5,50,0.9006799999999999,0.005491886408742508,0.9006486997057579,0.005494402443209909,0.9006799999999999,0.005491886408742505,1.0
coat_vs_shirt,within_tops,fine_fc,fine,fc,200,128,32,42,10,5,50,0.90246,0.00530867599466445,0.9024275798100295,0.005308355038903374,0.90246,0.00530867599466445,0.1
coat_vs_shirt,within_tops,coarse_fc,coarse,fc,10,128,32,42,10,5,50,0.7075399999999997,0.04965162718011016,0.7057561980400373,0.05093726062687926,0.7075399999999997,0.049651627180110146,1.0
coat_vs_shirt,within_tops,coarse_fc,coarse,fc,20,128,32,42,10,5,50,0.71943,0.0432193043130743,0.7182676674850064,0.043026713872562315,0.71943,0.043219304313074296,1.0
coat_vs_shirt,within_tops,coarse_fc,coarse,fc,30,128,32,42,10,5,50,0.7164499999999999,0.03277275654302781,0.714565529307963,0.03332767434331301,0.7164500000000001,0.03277275654302781,1.0
coat_vs_shirt,within_tops,coarse_fc,coarse,fc,50,128,32,42,10,5,50,0.74909,0.019986140606093272,0.7482435692229298,0.020155497629767264,0.74909,0.019986140606093272,1.0
coat_vs_shirt,within_tops,coarse_fc,coarse,fc,80,128,32,42,10,5,50,0.7641600000000001,0.01714983191444971,0.7637791197344497,0.017359186515197165,0.76416,0.017149831914449708,1.0
coat_vs_shirt,within_tops,coarse_fc,coarse,fc,110,128,32,42,10,5,50,0.77512,0.015467728089312217,0.7746921369514509,0.01570203906443998,0.77512,0.01546772808931221,1.0
coat_vs_shirt,within_tops,coarse_fc,coarse,fc,150,128,32,42,10,5,50,0.7840900000000001,0.01508840952654774,0.7837715357293693,0.015196019850843618,0.7840900000000001,0.015088409526547724,1.0
coat_vs_shirt,within_tops,coarse_fc,coarse,fc,200,128,32,42,10,5,50,0.79207,0.013527753030005257,0.7918500642575488,0.01360281261089376,0.79207,0.013527753030005252,1.0
pullover_vs_coat,within_tops,constant,constant,constant,10,0,0,42,10,5,50,0.5,0.0,0.33333333333333326,5.607473066727768e-17,0.5,0.0,
pullover_vs_coat,within_tops,constant,constant,constant,20,0,0,42,10,5,50,0.5,0.0,0.33333333333333326,5.607473066727768e-17,0.5,0.0,
pullover_vs_coat,within_tops,constant,constant,constant,30,0,0,42,10,5,50,0.5,0.0,0.33333333333333326,5.607473066727768e-17,0.5,0.0,
pullover_vs_coat,within_tops,constant,constant,constant,50,0,0,42,10,5,50,0.5,0.0,0.33333333333333326,5.607473066727768e-17,0.5,0.0,
pullover_vs_coat,within_tops,constant,constant,constant,80,0,0,42,10,5,50,0.5,0.0,0.33333333333333326,5.607473066727768e-17,0.5,0.0,
pullover_vs_coat,within_tops,constant,constant,constant,110,0,0,42,10,5,50,0.5,0.0,0.33333333333333326,5.607473066727768e-17,0.5,0.0,
pullover_vs_coat,within_tops,constant,constant,constant,150,0,0,42,10,5,50,0.5,0.0,0.33333333333333326,5.607473066727768e-17,0.5,0.0,
pullover_vs_coat,within_tops,constant,constant,constant,200,0,0,42,10,5,50,0.5,0.0,0.33333333333333326,5.607473066727768e-17,0.5,0.0,
pullover_vs_coat,within_tops,pixels,pixels,pixels,10,784,32,42,10,5,50,0.62489,0.05843933624202249,0.6202697897328977,0.06057890301806944,0.62489,0.0584393362420225,1.0
pullover_vs_coat,within_tops,pixels,pixels,pixels,20,784,32,42,10,5,50,0.6641799999999999,0.04163333142704636,0.6620285320837017,0.04366839394262372,0.6641799999999999,0.041633331427046345,0.1
pullover_vs_coat,within_tops,pixels,pixels,pixels,30,784,32,42,10,5,50,0.68781,0.03496527285925922,0.6861799029557099,0.035913665320162005,0.68781,0.03496527285925922,0.1
pullover_vs_coat,within_tops,pixels,pixels,pixels,50,784,32,42,10,5,50,0.7137000000000002,0.0277181514240641,0.7129447533545239,0.02799987829311768,0.7137,0.027718151424064103,0.1
pullover_vs_coat,within_tops,pixels,pixels,pixels,80,784,32,42,10,5,50,0.73717,0.01806581222720339,0.736763878540346,0.018100477062963204,0.73717,0.018065812227203378,0.1
pullover_vs_coat,within_tops,pixels,pixels,pixels,110,784,32,42,10,5,50,0.7467100000000001,0.019802105124126033,0.7463627420101304,0.01991501014987913,0.7467100000000001,0.01980210512412604,0.1
pullover_vs_coat,within_tops,pixels,pixels,pixels,150,784,32,42,10,5,50,0.75619,0.015828123382003255,0.7559499297741945,0.01587600567974485,0.75619,0.015828123382003255,0.1
pullover_vs_coat,within_tops,pixels,pixels,pixels,200,784,32,42,10,5,50,0.76562,0.012406614430724173,0.765523442647678,0.012374000402102216,0.76562,0.012406614430724168,0.1
pullover_vs_coat,within_tops,random_conv1,random,conv1,10,3136,32,42,10,5,50,0.62796,0.05792736831584877,0.6237953834130464,0.059707388479886596,0.6279600000000001,0.05792736831584877,1.0
pullover_vs_coat,within_tops,random_conv1,random,conv1,20,3136,32,42,10,5,50,0.66323,0.04458827634877919,0.6610416381907862,0.04547143837708897,0.66323,0.04458827634877919,1.0
pullover_vs_coat,within_tops,random_conv1,random,conv1,30,3136,32,42,10,5,50,0.68325,0.03729272648894945,0.6814702171309089,0.03808204569791661,0.68325,0.03729272648894945,0.1
pullover_vs_coat,within_tops,random_conv1,random,conv1,50,3136,32,42,10,5,50,0.7170799999999999,0.03034400724212615,0.7166410201573186,0.030390923898222198,0.7170799999999999,0.030344007242126145,0.1
pullover_vs_coat,within_tops,random_conv1,random,conv1,80,3136,32,42,10,5,50,0.74454,0.024912057567469167,0.7441850676821847,0.024928762535076702,0.7445400000000001,0.024912057567469177,0.1
pullover_vs_coat,within_tops,random_conv1,random,conv1,110,3136,32,42,10,5,50,0.7544999999999998,0.027377556725261258,0.7541498564716836,0.027510491648062286,0.7544999999999998,0.02737755672526126,0.1
pullover_vs_coat,within_tops,random_conv1,random,conv1,150,3136,32,42,10,5,50,0.76429,0.02343403464177343,0.764044905738624,0.02352225039093018,0.76429,0.023434034641773405,0.1
pullover_vs_coat,within_tops,random_conv1,random,conv1,200,3136,32,42,10,5,50,0.7757699999999998,0.021101119517645487,0.7756692737817314,0.021129658517491483,0.77577,0.021101119517645497,0.1
pullover_vs_coat,within_tops,fine_conv1,fine,conv1,10,3136,32,42,10,5,50,0.6252399999999999,0.06264560508714632,0.619341569102973,0.0651510308633033,0.6252399999999999,0.06264560508714632,0.01
pullover_vs_coat,within_tops,fine_conv1,fine,conv1,20,3136,32,42,10,5,50,0.6685099999999999,0.051203524472123466,0.6668374028785524,0.05146717925886396,0.6685099999999999,0.051203524472123466,1.0
pullover_vs_coat,within_tops,fine_conv1,fine,conv1,30,3136,32,42,10,5,50,0.6891999999999999,0.036912472312822645,0.6878226370188864,0.03715072038785289,0.6891999999999999,0.03691247231282264,0.1
pullover_vs_coat,within_tops,fine_conv1,fine,conv1,50,3136,32,42,10,5,50,0.71309,0.036309004055608635,0.7125786800581315,0.036619284850606906,0.71309,0.03630900405560864,0.1
pullover_vs_coat,within_tops,fine_conv1,fine,conv1,80,3136,32,42,10,5,50,0.74482,0.023888935189534832,0.7444199330946231,0.024060734275694516,0.74482,0.02388893518953484,0.1
pullover_vs_coat,within_tops,fine_conv1,fine,conv1,110,3136,32,42,10,5,50,0.7554,0.021101068741673168,0.7551197138840615,0.02115421383994016,0.7554,0.021101068741673175,0.1
pullover_vs_coat,within_tops,fine_conv1,fine,conv1,150,3136,32,42,10,5,50,0.76444,0.021687869269925705,0.7642031836429675,0.0217474108031291,0.76444,0.021687869269925695,0.1
pullover_vs_coat,within_tops,fine_conv1,fine,conv1,200,3136,32,42,10,5,50,0.7747799999999999,0.015260379538971814,0.7747013182558519,0.015269964175432022,0.7747799999999999,0.01526037953897181,0.1
pullover_vs_coat,within_tops,coarse_conv1,coarse,conv1,10,3136,32,42,10,5,50,0.6150399999999999,0.050317039755891024,0.6093180509730021,0.051756030477087586,0.6150399999999999,0.05031703975589103,0.01
pullover_vs_coat,within_tops,coarse_conv1,coarse,conv1,20,3136,32,42,10,5,50,0.6500400000000001,0.044075056576763444,0.6477439741476325,0.04532866594505341,0.6500400000000001,0.04407505657676343,0.01
pullover_vs_coat,within_tops,coarse_conv1,coarse,conv1,30,3136,32,42,10,5,50,0.6650800000000001,0.0376073104052705,0.663421022911904,0.03779286944454025,0.6650800000000001,0.03760731040527051,0.01
pullover_vs_coat,within_tops,coarse_conv1,coarse,conv1,50,3136,32,42,10,5,50,0.6922000000000001,0.035788779452418845,0.6915675708123122,0.03573704704623386,0.6922000000000001,0.03578877945241885,0.1
pullover_vs_coat,within_tops,coarse_conv1,coarse,conv1,80,3136,32,42,10,5,50,0.71764,0.028164973180986954,0.7168291390736253,0.0282920202227326,0.71764,0.028164973180986944,0.1
pullover_vs_coat,within_tops,coarse_conv1,coarse,conv1,110,3136,32,42,10,5,50,0.72666,0.025338411592694923,0.7261778482903286,0.025251822966648903,0.72666,0.02533841159269491,0.1
pullover_vs_coat,within_tops,coarse_conv1,coarse,conv1,150,3136,32,42,10,5,50,0.7377799999999999,0.02052105936717255,0.7373498952763684,0.020559717876164337,0.7377799999999999,0.020521059367172557,0.1
pullover_vs_coat,within_tops,coarse_conv1,coarse,conv1,200,3136,32,42,10,5,50,0.7441900000000001,0.01904904786307693,0.7439982140450272,0.019039679855839643,0.7441900000000001,0.019049047863076943,0.1
pullover_vs_coat,within_tops,random_conv2,random,conv2,10,1568,32,42,10,5,50,0.6227,0.05998409653178661,0.6171503731544393,0.06366466479658031,0.6227,0.05998409653178661,1.0
pullover_vs_coat,within_tops,random_conv2,random,conv2,20,1568,32,42,10,5,50,0.65994,0.041866239869569444,0.6575326524844078,0.043102183166806515,0.65994,0.04186623986956944,0.1
pullover_vs_coat,within_tops,random_conv2,random,conv2,30,1568,32,42,10,5,50,0.6756899999999999,0.04258172095140911,0.6734584075298032,0.04378524241326373,0.6756899999999999,0.04258172095140911,0.1
pullover_vs_coat,within_tops,random_conv2,random,conv2,50,1568,32,42,10,5,50,0.70293,0.03394308110796722,0.7024227428246901,0.033924491202831385,0.70293,0.033943081107967205,0.1
pullover_vs_coat,within_tops,random_conv2,random,conv2,80,1568,32,42,10,5,50,0.7243600000000001,0.02791313786205561,0.7239391089007099,0.02802227632061017,0.7243600000000001,0.02791313786205562,0.1
pullover_vs_coat,within_tops,random_conv2,random,conv2,110,1568,32,42,10,5,50,0.73394,0.027488892005198568,0.7335898017167212,0.027625462817910406,0.73394,0.02748889200519855,0.1
pullover_vs_coat,within_tops,random_conv2,random,conv2,150,1568,32,42,10,5,50,0.7419199999999999,0.023106973945066004,0.741584938999933,0.023210816112316048,0.7419199999999999,0.023106973945066014,0.1
pullover_vs_coat,within_tops,random_conv2,random,conv2,200,1568,32,42,10,5,50,0.75237,0.020760984306813467,0.7521566868300255,0.020873363242525343,0.75237,0.020760984306813474,0.1
pullover_vs_coat,within_tops,fine_conv2,fine,conv2,10,1568,32,42,10,5,50,0.6537799999999998,0.04375291943612076,0.6493395144024033,0.046366541386847114,0.6537799999999998,0.04375291943612076,0.01
pullover_vs_coat,within_tops,fine_conv2,fine,conv2,20,1568,32,42,10,5,50,0.6912400000000001,0.03610715910696258,0.6895410994168479,0.036769095910348146,0.6912400000000001,0.036107159106962584,1.0
pullover_vs_coat,within_tops,fine_conv2,fine,conv2,30,1568,32,42,10,5,50,0.7015499999999999,0.039590280450161615,0.7002207860578991,0.03982769819654396,0.7015499999999999,0.03959028045016161,0.1
pullover_vs_coat,within_tops,fine_conv2,fine,conv2,50,1568,32,42,10,5,50,0.73119,0.027310738338086515,0.73076686408909,0.027636824275518883,0.73119,0.02731073833808652,0.1
pullover_vs_coat,within_tops,fine_conv2,fine,conv2,80,1568,32,42,10,5,50,0.7553799999999998,0.023028722083874444,0.7549689106752566,0.02344255515093183,0.7553799999999999,0.023028722083874447,0.1
pullover_vs_coat,within_tops,fine_conv2,fine,conv2,110,1568,32,42,10,5,50,0.76387,0.021319678080810412,0.7634840613669208,0.02156630749993617,0.76387,0.02131967808081041,0.1
pullover_vs_coat,within_tops,fine_conv2,fine,conv2,150,1568,32,42,10,5,50,0.77825,0.018387620613791626,0.778024601577236,0.0185146222921437,0.77825,0.018387620613791626,0.1
pullover_vs_coat,within_tops,fine_conv2,fine,conv2,200,1568,32,42,10,5,50,0.78935,0.013810765543515659,0.7892663291673834,0.013820590605795711,0.78935,0.013810765543515657,0.1
pullover_vs_coat,within_tops,coarse_conv2,coarse,conv2,10,1568,32,42,10,5,50,0.6467100000000001,0.046341686835672156,0.6439689491820647,0.047022127370161086,0.6467100000000001,0.046341686835672156,0.01
pullover_vs_coat,within_tops,coarse_conv2,coarse,conv2,20,1568,32,42,10,5,50,0.6850299999999998,0.032698282111774994,0.6837242090901124,0.03289553984083861,0.6850299999999998,0.03269828211177498,0.01
pullover_vs_coat,within_tops,coarse_conv2,coarse,conv2,30,1568,32,42,10,5,50,0.69271,0.029265862609629573,0.6914258313377095,0.029396362887099698,0.69271,0.029265862609629573,0.01
pullover_vs_coat,within_tops,coarse_conv2,coarse,conv2,50,1568,32,42,10,5,50,0.7161299999999998,0.02982719106001457,0.715633086070847,0.030096232526690046,0.7161299999999998,0.02982719106001457,0.1
pullover_vs_coat,within_tops,coarse_conv2,coarse,conv2,80,1568,32,42,10,5,50,0.73586,0.01944406944892694,0.7354642189637269,0.019472050248770762,0.73586,0.01944406944892694,0.1
pullover_vs_coat,within_tops,coarse_conv2,coarse,conv2,110,1568,32,42,10,5,50,0.7410500000000002,0.020452845218966974,0.7406753415352145,0.020483241765754927,0.7410500000000002,0.02045284521896698,0.1
pullover_vs_coat,within_tops,coarse_conv2,coarse,conv2,150,1568,32,42,10,5,50,0.7556299999999999,0.01415468841344211,0.7553563970511867,0.0142462126440426,0.7556299999999999,0.014154688413442133,0.1
pullover_vs_coat,within_tops,coarse_conv2,coarse,conv2,200,1568,32,42,10,5,50,0.76172,0.011823169919221131,0.7615872617912609,0.01186584679426487,0.76172,0.011823169919221138,0.1
pullover_vs_coat,within_tops,random_fc,random,fc,10,128,32,42,10,5,50,0.59725,0.04240334146440513,0.5914275891139144,0.04409539052970386,0.59725,0.04240334146440513,1.0
pullover_vs_coat,within_tops,random_fc,random,fc,20,128,32,42,10,5,50,0.64115,0.03472313967041904,0.6380273879764328,0.036221486889723466,0.64115,0.03472313967041905,0.1
pullover_vs_coat,within_tops,random_fc,random,fc,30,128,32,42,10,5,50,0.6653199999999999,0.025813056338818547,0.663018549032648,0.02735204928351879,0.6653199999999999,0.025813056338818547,0.1
pullover_vs_coat,within_tops,random_fc,random,fc,50,128,32,42,10,5,50,0.68238,0.02375159715360083,0.6815838000219103,0.024070292538119056,0.68238,0.023751597153600815,0.1
pullover_vs_coat,within_tops,random_fc,random,fc,80,128,32,42,10,5,50,0.70513,0.025074747440077504,0.7046527679477975,0.025223380685764733,0.70513,0.025074747440077507,0.1
pullover_vs_coat,within_tops,random_fc,random,fc,110,128,32,42,10,5,50,0.71874,0.021447667681582353,0.7184890889033361,0.02152655323367955,0.71874,0.021447667681582353,0.1
pullover_vs_coat,within_tops,random_fc,random,fc,150,128,32,42,10,5,50,0.7261700000000001,0.024199765979640957,0.7260142647834549,0.02422511513529757,0.7261700000000001,0.024199765979640957,1.0
pullover_vs_coat,within_tops,random_fc,random,fc,200,128,32,42,10,5,50,0.73504,0.0213483832968156,0.7349286028968544,0.021351917439081873,0.73504,0.0213483832968156,0.1
pullover_vs_coat,within_tops,fine_fc,fine,fc,10,128,32,42,10,5,50,0.83894,0.05160106390296974,0.8369084700798755,0.05548602620958177,0.83894,0.05160106390296974,1.0
pullover_vs_coat,within_tops,fine_fc,fine,fc,20,128,32,42,10,5,50,0.8618600000000001,0.030652602512940504,0.8614565039612273,0.030981052126245273,0.8618600000000001,0.030652602512940493,0.01
pullover_vs_coat,within_tops,fine_fc,fine,fc,30,128,32,42,10,5,50,0.8799899999999998,0.01945808944624212,0.8798830676387235,0.019483324282694354,0.8799899999999999,0.019458089446242135,0.1
pullover_vs_coat,within_tops,fine_fc,fine,fc,50,128,32,42,10,5,50,0.89416,0.012648078018063483,0.8941146986536225,0.012654543375983866,0.89416,0.01264807801806348,0.1
pullover_vs_coat,within_tops,fine_fc,fine,fc,80,128,32,42,10,5,50,0.90114,0.00949384333262825,0.9011019278939828,0.009515458358960375,0.90114,0.00949384333262825,0.1
pullover_vs_coat,within_tops,fine_fc,fine,fc,110,128,32,42,10,5,50,0.9027399999999999,0.009953586165348678,0.9026772107484714,0.009980826170332536,0.9027399999999999,0.009953586165348673,0.1
pullover_vs_coat,within_tops,fine_fc,fine,fc,150,128,32,42,10,5,50,0.9085000000000002,0.007261865729793621,0.9084704556661711,0.007274763757132788,0.9085000000000002,0.007261865729793632,0.1
pullover_vs_coat,within_tops,fine_fc,fine,fc,200,128,32,42,10,5,50,0.91143,0.006505107883150645,0.9114178246098038,0.00651058827045002,0.91143,0.006505107883150634,1.0
pullover_vs_coat,within_tops,coarse_fc,coarse,fc,10,128,32,42,10,5,50,0.62939,0.05942705097642909,0.623826476867676,0.061583656999572245,0.62939,0.05942705097642909,1.0
pullover_vs_coat,within_tops,coarse_fc,coarse,fc,20,128,32,42,10,5,50,0.6712600000000001,0.06761228302850401,0.6682214494493287,0.06915455884317338,0.6712600000000001,0.067612283028504,1.0
pullover_vs_coat,within_tops,coarse_fc,coarse,fc,30,128,32,42,10,5,50,0.69627,0.04447542430766613,0.6949081824406425,0.045183726724210664,0.69627,0.04447542430766612,1.0
pullover_vs_coat,within_tops,coarse_fc,coarse,fc,50,128,32,42,10,5,50,0.7485100000000001,0.022512692565097855,0.7480868559230289,0.02257396250783906,0.7485100000000001,0.022512692565097855,1.0
pullover_vs_coat,within_tops,coarse_fc,coarse,fc,80,128,32,42,10,5,50,0.7713400000000001,0.017845836420605794,0.7708746372322328,0.017957044642783162,0.7713400000000001,0.01784583642060579,1.0
pullover_vs_coat,within_tops,coarse_fc,coarse,fc,110,128,32,42,10,5,50,0.78079,0.019558152431418778,0.7804524373669927,0.01952717204888522,0.7807900000000001,0.01955815243141877,1.0
pullover_vs_coat,within_tops,coarse_fc,coarse,fc,150,128,32,42,10,5,50,0.7922599999999999,0.014530488706193488,0.7920239298229995,0.014492360761305528,0.7922599999999999,0.014530488706193483,1.0
pullover_vs_coat,within_tops,coarse_fc,coarse,fc,200,128,32,42,10,5,50,0.7983499999999999,0.010386534650248677,0.7982473725622148,0.01041097843936825,0.7983500000000001,0.010386534650248674,1.0
pullover_vs_non_tops,cross_pooled,constant,constant,constant,10,0,0,42,10,5,50,0.857142857142857,1.1214946133455537e-16,0.4615384615384615,5.607473066727768e-17,0.5,0.0,
pullover_vs_non_tops,cross_pooled,constant,constant,constant,20,0,0,42,10,5,50,0.857142857142857,1.1214946133455537e-16,0.4615384615384615,5.607473066727768e-17,0.5,0.0,
pullover_vs_non_tops,cross_pooled,constant,constant,constant,30,0,0,42,10,5,50,0.857142857142857,1.1214946133455537e-16,0.4615384615384615,5.607473066727768e-17,0.5,0.0,
pullover_vs_non_tops,cross_pooled,constant,constant,constant,50,0,0,42,10,5,50,0.857142857142857,1.1214946133455537e-16,0.4615384615384615,5.607473066727768e-17,0.5,0.0,
pullover_vs_non_tops,cross_pooled,constant,constant,constant,80,0,0,42,10,5,50,0.857142857142857,1.1214946133455537e-16,0.4615384615384615,5.607473066727768e-17,0.5,0.0,
pullover_vs_non_tops,cross_pooled,constant,constant,constant,110,0,0,42,10,5,50,0.857142857142857,1.1214946133455537e-16,0.4615384615384615,5.607473066727768e-17,0.5,0.0,
pullover_vs_non_tops,cross_pooled,constant,constant,constant,150,0,0,42,10,5,50,0.857142857142857,1.1214946133455537e-16,0.4615384615384615,5.607473066727768e-17,0.5,0.0,
pullover_vs_non_tops,cross_pooled,constant,constant,constant,200,0,0,42,10,5,50,0.857142857142857,1.1214946133455537e-16,0.4615384615384615,5.607473066727768e-17,0.5,0.0,
pullover_vs_non_tops,cross_pooled,pixels,pixels,pixels,10,784,32,42,10,5,50,0.8204600000000001,0.06327127220058787,0.7381176606427284,0.06243491858990391,0.8429183333333334,0.0417177764426053,0.01
pullover_vs_non_tops,cross_pooled,pixels,pixels,pixels,20,784,32,42,10,5,50,0.8699199999999999,0.036039477637097514,0.7916474561881813,0.043187069202081485,0.8741366666666667,0.03048038364010652,1.0
pullover_vs_non_tops,cross_pooled,pixels,pixels,pixels,30,784,32,42,10,5,50,0.8920742857142858,0.024881145878788747,0.8221269770902458,0.032868467607210225,0.9011349999999999,0.020156459228730023,1.0
pullover_vs_non_tops,cross_pooled,pixels,pixels,pixels,50,784,32,42,10,5,50,0.9088857142857144,0.022132556618564635,0.8442559023563235,0.029999149120430904,0.9104416666666667,0.015180240337755457,0.1
pullover_vs_non_tops,cross_pooled,pixels,pixels,pixels,80,784,32,42,10,5,50,0.9214714285714285,0.01667421250810707,0.8617788358297283,0.02336504580222855,0.9189750000000001,0.011475711929362574,0.1
pullover_vs_non_tops,cross_pooled,pixels,pixels,pixels,110,784,32,42,10,5,50,0.925562857142857,0.013332089661559316,0.8680555701562109,0.019178377420461388,0.9241616666666667,0.009762346244372375,0.1
pullover_vs_non_tops,cross_pooled,pixels,pixels,pixels,150,784,32,42,10,5,50,0.92816,0.012751906211882658,0.8726209469649996,0.01828407442215657,0.9294433333333333,0.007939529107508798,0.1
pullover_vs_non_tops,cross_pooled,pixels,pixels,pixels,200,784,32,42,10,5,50,0.9296799999999998,0.011242381288065236,0.875305330763011,0.01658807369161934,0.933055,0.008238002511176448,0.1
pullover_vs_non_tops,cross_pooled,random_conv1,random,conv1,10,3136,32,42,10,5,50,0.8593542857142857,0.04871190661324541,0.7841945532433371,0.05796613128817186,0.8805316666666666,0.04260633253397275,0.01
pullover_vs_non_tops,cross_pooled,random_conv1,random,conv1,20,3136,32,42,10,5,50,0.8967171428571429,0.036719605631518944,0.8287413749021215,0.049394849818759065,0.9015933333333334,0.036930327703777424,1.0
pullover_vs_non_tops,cross_pooled,random_conv1,random,conv1,30,3136,32,42,10,5,50,0.9088599999999998,0.029099901029042027,0.8474777839239487,0.04057326280303095,0.9216433333333334,0.025265349390392246,0.1
pullover_vs_non_tops,cross_pooled,random_conv1,random,conv1,50,3136,32,42,10,5,50,0.9212314285714285,0.02471476414710744,0.8641705503212807,0.035609329694591865,0.9275183333333333,0.01805901991009973,1.0
pullover_vs_non_tops,cross_pooled,random_conv1,random,conv1,80,3136,32,42,10,5,50,0.9347628571428571,0.019376228797136984,0.884197231329245,0.029115600146237874,0.9381533333333333,0.011600130482493915,1.0
pullover_vs_non_tops,cross_pooled,random_conv1,random,conv1,110,3136,32,42,10,5,50,0.9378914285714286,0.017797733477925508,0.8890398709174093,0.026640467889879192,0.941095,0.009525327408803224,1.0
pullover_vs_non_tops,cross_pooled,random_conv1,random,conv1,150,3136,32,42,10,5,50,0.9395514285714286,0.015905358630123777,0.8917712094297319,0.0240219219278066,0.9443300000000001,0.00905499323546579,1.0
pullover_vs_non_tops,cross_pooled,random_conv1,random,conv1,200,3136,32,42,10,5,50,0.9389371428571429,0.014753878629383488,0.8910753837748002,0.022282849647837517,0.9460216666666666,0.008315368561187789,0.1
pullover_vs_non_tops,cross_pooled,fine_conv1,fine,conv1,10,3136,32,42,10,5,50,0.8576657142857143,0.05330361910864152,0.7806587765654615,0.05703108169256144,0.8723133333333334,0.03676175656890931,0.01
pullover_vs_non_tops,cross_pooled,fine_conv1,fine,conv1,20,3136,32,42,10,5,50,0.8953657142857143,0.025176150101717098,0.8252748800882312,0.03281941154002244,0.8991466666666668,0.02623392262215325,1.0
pullover_vs_non_tops,cross_pooled,fine_conv1,fine,conv1,30,3136,32,42,10,5,50,0.9052057142857144,0.023541843081560147,0.8410965578051504,0.03095172821042019,0.9156366666666667,0.016240309861547984,0.1
pullover_vs_non_tops,cross_pooled,fine_conv1,fine,conv1,50,3136,32,42,10,5,50,0.9171799999999999,0.021494297840360957,0.8571275116746054,0.029612937757927133,0.9208466666666668,0.015414072773144098,0.1
pullover_vs_non_tops,cross_pooled,fine_conv1,fine,conv1,80,3136,32,42,10,5,50,0.9264057142857142,0.016593464789467077,0.8708506760981201,0.023657600557171043,0.9304616666666667,0.010407039224462504,0.1
pullover_vs_non_tops,cross_pooled,fine_conv1,fine,conv1,110,3136,32,42,10,5,50,0.9320628571428571,0.015064132234107623,0.8794132085530506,0.02126449511144844,0.935345,0.00823950596921805,0.1
pullover_vs_non_tops,cross_pooled,fine_conv1,fine,conv1,150,3136,32,42,10,5,50,0.9319799999999998,0.01298315347103616,0.8796171995257884,0.018588571276960345,0.9380466666666668,0.00786035576445266,0.1
pullover_vs_non_tops,cross_pooled,fine_conv1,fine,conv1,200,3136,32,42,10,5,50,0.9330685714285716,0.011474007349137585,0.8815788642675565,0.016583867392803094,0.941015,0.0064829641134395485,0.1
pullover_vs_non_tops,cross_pooled,coarse_conv1,coarse,conv1,10,3136,32,42,10,5,50,0.8415228571428571,0.052496290977845805,0.7606117898710693,0.051830474861531146,0.8582633333333334,0.03278836556005457,0.01
pullover_vs_non_tops,cross_pooled,coarse_conv1,coarse,conv1,20,3136,32,42,10,5,50,0.8818542857142857,0.0284395863332052,0.8065931971410236,0.03136345121830711,0.8850816666666667,0.020835914738031577,0.1
pullover_vs_non_tops,cross_pooled,coarse_conv1,coarse,conv1,30,3136,32,42,10,5,50,0.8891399999999998,0.020898048668494637,0.8176647116589529,0.02535001984842373,0.898815,0.01825659022749576,0.1
pullover_vs_non_tops,cross_pooled,coarse_conv1,coarse,conv1,50,3136,32,42,10,5,50,0.9028685714285716,0.018452768258263298,0.8348077882113951,0.024260101634658603,0.9037566666666668,0.016228167262461055,0.1
pullover_vs_non_tops,cross_pooled,coarse_conv1,coarse,conv1,80,3136,32,42,10,5,50,0.9093771428571429,0.015875498529527066,0.8444192645026051,0.021700798505674298,0.911645,0.015094513370765776,0.1
pullover_vs_non_tops,cross_pooled,coarse_conv1,coarse,conv1,110,3136,32,42,10,5,50,0.9146628571428573,0.014293314596310563,0.8521215784255267,0.019979014103981466,0.9167033333333333,0.013955409227680068,0.1
pullover_vs_non_tops,cross_pooled,coarse_conv1,coarse,conv1,150,3136,32,42,10,5,50,0.9153057142857144,0.01382104371888692,0.8538820719437288,0.01932471862589734,0.9209866666666667,0.012428347471071022,0.1
pullover_vs_non_tops,cross_pooled,coarse_conv1,coarse,conv1,200,3136,32,42,10,5,50,0.9155428571428571,0.012003400878628575,0.8544174213496489,0.017205636973140762,0.9227000000000001,0.011842838953017971,0.1
pullover_vs_non_tops,cross_pooled,random_conv2,random,conv2,10,1568,32,42,10,5,50,0.8530828571428571,0.06076586106431085,0.7771673610885257,0.06832112362588935,0.8723316666666666,0.05063251984966313,1.0
pullover_vs_non_tops,cross_pooled,random_conv2,random,conv2,20,1568,32,42,10,5,50,0.8952628571428572,0.029729438836407537,0.8253288636377165,0.04086280963508849,0.8993200000000001,0.037149645899741644,1.0
pullover_vs_non_tops,cross_pooled,random_conv2,random,conv2,30,1568,32,42,10,5,50,0.9061657142857142,0.01848428444233838,0.8418471057131066,0.02683735797675341,0.9171966666666669,0.022889527900949478,1.0
pullover_vs_non_tops,cross_pooled,random_conv2,random,conv2,50,1568,32,42,10,5,50,0.9199514285714285,0.017249947576111417,0.8613533681450926,0.025133313097390798,0.9264216666666667,0.015616428805570607,1.0
pullover_vs_non_tops,cross_pooled,random_conv2,random,conv2,80,1568,32,42,10,5,50,0.9331285714285714,0.012741633705601236,0.8809763976664301,0.01878707776494923,0.9370916666666667,0.009555902029920684,1.0
pullover_vs_non_tops,cross_pooled,random_conv2,random,conv2,110,1568,32,42,10,5,50,0.9380628571428571,0.011282933561546351,0.8885193500724742,0.016869996311022963,0.9405450000000001,0.007698142463756438,1.0
pullover_vs_non_tops,cross_pooled,random_conv2,random,conv2,150,1568,32,42,10,5,50,0.9401257142857142,0.01029460419193253,0.8920446463248033,0.015543595149538158,0.9439983333333334,0.006410412846076514,1.0
pullover_vs_non_tops,cross_pooled,random_conv2,random,conv2,200,1568,32,42,10,5,50,0.9412571428571428,0.0100866714665676,0.8941507861532729,0.015280200997921366,0.9467833333333333,0.006274656579665836,0.1
pullover_vs_non_tops,cross_pooled,fine_conv2,fine,conv2,10,1568,32,42,10,5,50,0.9011142857142858,0.037648995964383924,0.8369659890647776,0.044706613760460555,0.9115083333333333,0.023771059704574774,0.01
pullover_vs_non_tops,cross_pooled,fine_conv2,fine,conv2,20,1568,32,42,10,5,50,0.9177657142857143,0.02278225267764117,0.8589861959376354,0.029047688130152332,0.9251799999999999,0.017712912453170877,0.01
pullover_vs_non_tops,cross_pooled,fine_conv2,fine,conv2,30,1568,32,42,10,5,50,0.9243914285714284,0.017120315840952263,0.8685684646184353,0.023458597404930785,0.9323116666666666,0.013652367353457118,0.01
pullover_vs_non_tops,cross_pooled,fine_conv2,fine,conv2,50,1568,32,42,10,5,50,0.9351857142857142,0.013523923301236442,0.8840701545939895,0.01978240945378698,0.9375166666666668,0.011036311433990387,0.1
pullover_vs_non_tops,cross_pooled,fine_conv2,fine,conv2,80,1568,32,42,10,5,50,0.9416914285714287,0.013018308320215803,0.8944480675746205,0.019846174524281352,0.943545,0.009613008034397325,0.1
pullover_vs_non_tops,cross_pooled,fine_conv2,fine,conv2,110,1568,32,42,10,5,50,0.9447428571428573,0.010520719922536824,0.8992037373743057,0.016280657618395044,0.9463333333333334,0.008985753400374141,0.1
pullover_vs_non_tops,cross_pooled,fine_conv2,fine,conv2,150,1568,32,42,10,5,50,0.9445342857142858,0.011064116272344729,0.8995131862175644,0.016925389142438914,0.9497200000000001,0.007978939824664891,0.1
pullover_vs_non_tops,cross_pooled,fine_conv2,fine,conv2,200,1568,32,42,10,5,50,0.9446457142857143,0.010142189441333176,0.8998429500717288,0.015629643916513593,0.9510266666666667,0.007453130952675694,0.1
pullover_vs_non_tops,cross_pooled,coarse_conv2,coarse,conv2,10,1568,32,42,10,5,50,0.8845142857142858,0.04473322282699734,0.816167202896764,0.05162036688380634,0.9010499999999999,0.028551426530317184,0.01
pullover_vs_non_tops,cross_pooled,coarse_conv2,coarse,conv2,20,1568,32,42,10,5,50,0.9032371428571428,0.02692958423906001,0.8396250341200181,0.035231843032828954,0.9180383333333336,0.020061090160691016,0.01
pullover_vs_non_tops,cross_pooled,coarse_conv2,coarse,conv2,30,1568,32,42,10,5,50,0.9119114285714285,0.022309098332029733,0.8517511388643295,0.030673564432816384,0.9269316666666666,0.017191166141674555,0.01
pullover_vs_non_tops,cross_pooled,coarse_conv2,coarse,conv2,50,1568,32,42,10,5,50,0.9253457142857142,0.017820874889884045,0.8698836295138929,0.02659726311107627,0.9327766666666666,0.015813740473243566,0.1
pullover_vs_non_tops,cross_pooled,coarse_conv2,coarse,conv2,80,1568,32,42,10,5,50,0.9301485714285715,0.017238700975671373,0.8772177026664629,0.026248956246945548,0.93722,0.014720186442055973,1.0
pullover_vs_non_tops,cross_pooled,coarse_conv2,coarse,conv2,110,1568,32,42,10,5,50,0.9335571428571429,0.017124704918156812,0.8826364133654307,0.026406774344454622,0.9407333333333335,0.013911517846668848,0.1
pullover_vs_non_tops,cross_pooled,coarse_conv2,coarse,conv2,150,1568,32,42,10,5,50,0.934902857142857,0.017376695725952993,0.8849731146273822,0.02674288694546112,0.9430433333333333,0.013770771159306775,1.0
pullover_vs_non_tops,cross_pooled,coarse_conv2,coarse,conv2,200,1568,32,42,10,5,50,0.9364057142857142,0.01598399240890022,0.8872824883380414,0.02457254224191806,0.9449033333333332,0.01327239860107624,0.1
pullover_vs_non_tops,cross_pooled,random_fc,random,fc,10,128,32,42,10,5,50,0.8530599999999998,0.057475751111643276,0.7769322841391755,0.06441878238138204,0.8740016666666668,0.049431342505358744,1.0
pullover_vs_non_tops,cross_pooled,random_fc,random,fc,20,128,32,42,10,5,50,0.89676,0.022595393411384616,0.8263620926877338,0.033180286105209546,0.8998933333333334,0.03398329354790103,1.0
pullover_vs_non_tops,cross_pooled,random_fc,random,fc,30,128,32,42,10,5,50,0.9037400000000001,0.025232293390368,0.8394941574327605,0.03455208589903574,0.9165900000000002,0.023436977295758613,1.0
pullover_vs_non_tops,cross_pooled,random_fc,random,fc,50,128,32,42,10,5,50,0.9149971428571427,0.021776007300716306,0.8547222401095472,0.03098451263142098,0.9230983333333335,0.016769383224162437,1.0
pullover_vs_non_tops,cross_pooled,random_fc,random,fc,80,128,32,42,10,5,50,0.9304714285714286,0.01731274541157364,0.8770266303568025,0.025737617055428486,0.9338500000000001,0.013173317015055011,1.0
pullover_vs_non_tops,cross_pooled,random_fc,random,fc,110,128,32,42,10,5,50,0.9315485714285714,0.016101623335939712,0.8788058103670496,0.02400566038693777,0.9358783333333334,0.012243423543601955,1.0
pullover_vs_non_tops,cross_pooled,random_fc,random,fc,150,128,32,42,10,5,50,0.9341200000000001,0.015885768819253254,0.8827792483393267,0.023806541006070304,0.9378866666666668,0.01159777717384454,1.0
pullover_vs_non_tops,cross_pooled,random_fc,random,fc,200,128,32,42,10,5,50,0.93596,0.015018163097523723,0.8859937042940311,0.022488015968024473,0.9416100000000001,0.010422677721408917,1.0
pullover_vs_non_tops,cross_pooled,fine_fc,fine,fc,10,128,32,42,10,5,50,0.9640828571428571,0.017537585983133062,0.9330758876259091,0.02864066624518757,0.9635483333333333,0.012427318058494516,1.0
pullover_vs_non_tops,cross_pooled,fine_fc,fine,fc,20,128,32,42,10,5,50,0.9729599999999999,0.012941480435730226,0.9484661324735204,0.0220139445894953,0.9719183333333333,0.008651158449422073,1.0
pullover_vs_non_tops,cross_pooled,fine_fc,fine,fc,30,128,32,42,10,5,50,0.9755628571428572,0.010241051802630267,0.9529961248400488,0.017787251192329247,0.974295,0.006036106637008104,1.0
pullover_vs_non_tops,cross_pooled,fine_fc,fine,fc,50,128,32,42,10,5,50,0.9794285714285713,0.00699223106695049,0.9597941057155631,0.012534269599191412,0.9768166666666667,0.005808816311330175,1.0
pullover_vs_non_tops,cross_pooled,fine_fc,fine,fc,80,128,32,42,10,5,50,0.9812171428571428,0.005840318580026401,0.9631521503728101,0.010569775402574788,0.9792183333333334,0.0034690030882522827,1.0
pullover_vs_non_tops,cross_pooled,fine_fc,fine,fc,110,128,32,42,10,5,50,0.98288,0.004714980070783803,0.9662066938358561,0.008652720456188652,0.9800966666666667,0.0033883788322900204,1.0
pullover_vs_non_tops,cross_pooled,fine_fc,fine,fc,150,128,32,42,10,5,50,0.9836228571428571,0.004598023949470042,0.9676363752194793,0.008477098246322866,0.9811716666666664,0.002945768805401283,1.0
pullover_vs_non_tops,cross_pooled,fine_fc,fine,fc,200,128,32,42,10,5,50,0.9831771428571429,0.004769537517406256,0.9668777031851679,0.008793765923051118,0.9821116666666667,0.0026929302966780394,1.0
pullover_vs_non_tops,cross_pooled,coarse_fc,coarse,fc,10,128,32,42,10,5,50,0.9819085714285716,0.007650244923982368,0.9646183746327276,0.013844417008928177,0.9804216666666667,0.01267346096422722,0.01
pullover_vs_non_tops,cross_pooled,coarse_fc,coarse,fc,20,128,32,42,10,5,50,0.98434,0.00622444897945802,0.9692273630212198,0.011351808004907538,0.9830316666666667,0.005617304259416343,0.01
pullover_vs_non_tops,cross_pooled,coarse_fc,coarse,fc,30,128,32,42,10,5,50,0.9839542857142857,0.007426970000068953,0.9686264045602385,0.013500719360715313,0.9837816666666668,0.005132675381900135,0.01
pullover_vs_non_tops,cross_pooled,coarse_fc,coarse,fc,50,128,32,42,10,5,50,0.9858028571428571,0.005147947755898402,0.9720212127055597,0.009598769337405694,0.985835,0.0020831285613649962,0.01
pullover_vs_non_tops,cross_pooled,coarse_fc,coarse,fc,80,128,32,42,10,5,50,0.9850800000000001,0.0037832969893935356,0.9706261939633805,0.007025491228131507,0.9866550000000001,0.0018571436202684637,1.0
pullover_vs_non_tops,cross_pooled,coarse_fc,coarse,fc,110,128,32,42,10,5,50,0.98542,0.004111564738403638,0.9712771236495904,0.007628842582712873,0.986645,0.00221337730982458,1.0
pullover_vs_non_tops,cross_pooled,coarse_fc,coarse,fc,150,128,32,42,10,5,50,0.9856714285714285,0.0035243249432630377,0.9717361436607758,0.006588607274742424,0.9869666666666665,0.0016389705579405364,1.0
pullover_vs_non_tops,cross_pooled,coarse_fc,coarse,fc,200,128,32,42,10,5,50,0.9849057142857143,0.003161435942388512,0.970294867201737,0.005922921466319141,0.98702,0.0014332819164959065,1.0
pullover_vs_shirt,within_tops,constant,constant,constant,10,0,0,42,10,5,50,0.5,0.0,0.33333333333333326,5.607473066727768e-17,0.5,0.0,
pullover_vs_shirt,within_tops,constant,constant,constant,20,0,0,42,10,5,50,0.5,0.0,0.33333333333333326,5.607473066727768e-17,0.5,0.0,
pullover_vs_shirt,within_tops,constant,constant,constant,30,0,0,42,10,5,50,0.5,0.0,0.33333333333333326,5.607473066727768e-17,0.5,0.0,
pullover_vs_shirt,within_tops,constant,constant,constant,50,0,0,42,10,5,50,0.5,0.0,0.33333333333333326,5.607473066727768e-17,0.5,0.0,
pullover_vs_shirt,within_tops,constant,constant,constant,80,0,0,42,10,5,50,0.5,0.0,0.33333333333333326,5.607473066727768e-17,0.5,0.0,
pullover_vs_shirt,within_tops,constant,constant,constant,110,0,0,42,10,5,50,0.5,0.0,0.33333333333333326,5.607473066727768e-17,0.5,0.0,
pullover_vs_shirt,within_tops,constant,constant,constant,150,0,0,42,10,5,50,0.5,0.0,0.33333333333333326,5.607473066727768e-17,0.5,0.0,
pullover_vs_shirt,within_tops,constant,constant,constant,200,0,0,42,10,5,50,0.5,0.0,0.33333333333333326,5.607473066727768e-17,0.5,0.0,
pullover_vs_shirt,within_tops,pixels,pixels,pixels,10,784,32,42,10,5,50,0.6438300000000001,0.03207701351308079,0.6414542615075953,0.03193568111821785,0.6438300000000001,0.03207701351308079,1.0
pullover_vs_shirt,within_tops,pixels,pixels,pixels,20,784,32,42,10,5,50,0.67572,0.03158098756388413,0.6728706925235726,0.03258059466948613,0.67572,0.03158098756388412,1.0
pullover_vs_shirt,within_tops,pixels,pixels,pixels,30,784,32,42,10,5,50,0.6889,0.030041467938806975,0.6877796044376319,0.03006786010006845,0.6889,0.030041467938806982,1.0
pullover_vs_shirt,within_tops,pixels,pixels,pixels,50,784,32,42,10,5,50,0.71209,0.019251474897115962,0.7115806187128548,0.019175403489479027,0.71209,0.019251474897115966,1.0
pullover_vs_shirt,within_tops,pixels,pixels,pixels,80,784,32,42,10,5,50,0.71723,0.01492300306266012,0.7169164523475885,0.01491992683852161,0.71723,0.014923003062660123,0.1
pullover_vs_shirt,within_tops,pixels,pixels,pixels,110,784,32,42,10,5,50,0.7301600000000001,0.013979372558983369,0.729926404032588,0.014013976692963262,0.7301600000000001,0.013979372558983374,0.1
pullover_vs_shirt,within_tops,pixels,pixels,pixels,150,784,32,42,10,5,50,0.7397500000000001,0.0129584303975191,0.7395352469067272,0.013000825660515171,0.7397500000000001,0.012958430397519106,0.1
pullover_vs_shirt,within_tops,pixels,pixels,pixels,200,784,32,42,10,5,50,0.74661,0.011129245349115822,0.7463881555666836,0.011284894680732616,0.74661,0.011129245349115835,0.1
pullover_vs_shirt,within_tops,random_conv1,random,conv1,10,3136,32,42,10,5,50,0.6589499999999999,0.036750156184591064,0.6563761539786239,0.03660933444831134,0.6589499999999999,0.036750156184591064,1.0
pullover_vs_shirt,within_tops,random_conv1,random,conv1,20,3136,32,42,10,5,50,0.6765599999999999,0.030830947876099683,0.6734590142977731,0.03139099393865766,0.6765599999999999,0.030830947876099683,1.0
pullover_vs_shirt,within_tops,random_conv1,random,conv1,30,3136,32,42,10,5,50,0.6972499999999999,0.02767103584056434,0.6960224688975952,0.0278558948154114,0.6972499999999999,0.027671035840564333,1.0
pullover_vs_shirt,within_tops,random_conv1,random,conv1,50,3136,32,42,10,5,50,0.7138599999999999,0.02598626795923147,0.7133805961680504,0.026050858739767563,0.7138599999999999,0.025986267959231462,0.1
pullover_vs_shirt,within_tops,random_conv1,random,conv1,80,3136,32,42,10,5,50,0.7200399999999998,0.022285448716366386,0.7197134482937743,0.022529828894521833,0.7200399999999998,0.022285448716366372,0.1
pullover_vs_shirt,within_tops,random_conv1,random,conv1,110,3136,32,42,10,5,50,0.7326800000000001,0.019346138147560355,0.7324559647970281,0.019374312153966407,0.7326800000000001,0.019346138147560348,0.1
pullover_vs_shirt,within_tops,random_conv1,random,conv1,150,3136,32,42,10,5,50,0.74303,0.019161613945061926,0.7428326488300678,0.01913969562871436,0.74303,0.019161613945061936,0.1
pullover_vs_shirt,within_tops,random_conv1,random,conv1,200,3136,32,42,10,5,50,0.7510800000000001,0.014978678724324465,0.7509387902263347,0.01505740707199311,0.7510800000000001,0.014978678724324485,0.1
pullover_vs_shirt,within_tops,fine_conv1,fine,conv1,10,3136,32,42,10,5,50,0.64349,0.03555844427395093,0.6409448375298515,0.03581589366512514,0.64349,0.035558444273950926,0.01
pullover_vs_shirt,within_tops,fine_conv1,fine,conv1,20,3136,32,42,10,5,50,0.6642699999999999,0.027976340222496905,0.6614003219547848,0.028841942782536205,0.66427,0.0279763402224969,1.0
pullover_vs_shirt,within_tops,fine_conv1,fine,conv1,30,3136,32,42,10,5,50,0.6783699999999999,0.03335214248235434,0.6773218828958537,0.03340612466645679,0.6783699999999999,0.03335214248235435,0.1
pullover_vs_shirt,within_tops,fine_conv1,fine,conv1,50,3136,32,42,10,5,50,0.6983999999999999,0.03073188864342438,0.6978776457707724,0.030867050528417084,0.6984,0.03073188864342439,0.1
pullover_vs_shirt,within_tops,fine_conv1,fine,conv1,80,3136,32,42,10,5,50,0.7077800000000001,0.025321032638451993,0.7073924407007126,0.02552417350111265,0.7077800000000001,0.025321032638451983,0.1
pullover_vs_shirt,within_tops,fine_conv1,fine,conv1,110,3136,32,42,10,5,50,0.71977,0.02391165926864115,0.7194978284173178,0.023991662590981667,0.7197699999999999,0.023911659268641153,0.1
pullover_vs_shirt,within_tops,fine_conv1,fine,conv1,150,3136,32,42,10,5,50,0.7323000000000001,0.02481256265092589,0.7320885238806477,0.02487755635426375,0.7323000000000001,0.0248125626509259,0.1
pullover_vs_shirt,within_tops,fine_conv1,fine,conv1,200,3136,32,42,10,5,50,0.73914,0.026025113460122408,0.7389541240417894,0.02606491398376166,0.73914,0.026025113460122425,0.1
pullover_vs_shirt,within_tops,coarse_conv1,coarse,conv1,10,3136,32,42,10,5,50,0.63416,0.030437698161782135,0.629571819934857,0.033203933900834814,0.63416,0.030437698161782132,0.01
pullover_vs_shirt,within_tops,coarse_conv1,coarse,conv1,20,3136,32,42,10,5,50,0.65232,0.026601127795640542,0.6492421925204087,0.028858167658958593,0.65232,0.026601127795640535,0.1
pullover_vs_shirt,within_tops,coarse_conv1,coarse,conv1,30,3136,32,42,10,5,50,0.6592199999999999,0.02873580572408306,0.6579455500959048,0.029172241127260946,0.6592199999999999,0.028735805724083064,0.1
pullover_vs_shirt,within_tops,coarse_conv1,coarse,conv1,50,3136,32,42,10,5,50,0.6800400000000002,0.027392245290242576,0.6789035696824038,0.02779989882809513,0.6800400000000002,0.027392245290242576,0.1
pullover_vs_shirt,within_tops,coarse_conv1,coarse,conv1,80,3136,32,42,10,5,50,0.6894600000000001,0.023546272290439308,0.6887168039945015,0.02396854072437367,0.6894600000000001,0.023546272290439308,0.1
pullover_vs_shirt,within_tops,coarse_conv1,coarse,conv1,110,3136,32,42,10,5,50,0.7014400000000001,0.020486341891163305,0.700977091586925,0.02062524557237342,0.7014400000000001,0.020486341891163298,0.1
pullover_vs_shirt,within_tops,coarse_conv1,coarse,conv1,150,3136,32,42,10,5,50,0.71285,0.01898072330399602,0.712530216853412,0.019070001876183396,0.71285,0.018980723303995996,0.1
pullover_vs_shirt,within_tops,coarse_conv1,coarse,conv1,200,3136,32,42,10,5,50,0.71852,0.01952496047710861,0.7182844825898975,0.019572239353203603,0.7185200000000002,0.019524960477108614,0.1
pullover_vs_shirt,within_tops,random_conv2,random,conv2,10,1568,32,42,10,5,50,0.6418799999999999,0.032330809214892786,0.6387501705698795,0.03255131850442668,0.6418799999999999,0.032330809214892786,1.0
pullover_vs_shirt,within_tops,random_conv2,random,conv2,20,1568,32,42,10,5,50,0.6663899999999999,0.030145106551140128,0.664491927088077,0.02994800617828201,0.6663900000000001,0.030145106551140135,1.0
pullover_vs_shirt,within_tops,random_conv2,random,conv2,30,1568,32,42,10,5,50,0.67867,0.03603592453570266,0.6777082792178352,0.03621046865777907,0.67867,0.03603592453570266,1.0
pullover_vs_shirt,within_tops,random_conv2,random,conv2,50,1568,32,42,10,5,50,0.6963699999999998,0.032782494395263914,0.6958325939926653,0.032793154086796936,0.6963699999999998,0.03278249439526391,1.0
pullover_vs_shirt,within_tops,random_conv2,random,conv2,80,1568,32,42,10,5,50,0.7045800000000001,0.03267486083539215,0.7041302515276109,0.03281644773996995,0.7045800000000001,0.03267486083539217,0.1
pullover_vs_shirt,within_tops,random_conv2,random,conv2,110,1568,32,42,10,5,50,0.71623,0.02887379470052669,0.715907776011763,0.02890480372224818,0.71623,0.02887379470052669,0.1
pullover_vs_shirt,within_tops,random_conv2,random,conv2,150,1568,32,42,10,5,50,0.7295299999999999,0.026726393360137768,0.7293163060763077,0.026755181018845147,0.7295299999999999,0.02672639336013776,1.0
pullover_vs_shirt,within_tops,random_conv2,random,conv2,200,1568,32,42,10,5,50,0.7403299999999998,0.02783251842059308,0.7401327071617443,0.027892754168497264,0.7403299999999998,0.02783251842059309,1.0
pullover_vs_shirt,within_tops,fine_conv2,fine,conv2,10,1568,32,42,10,5,50,0.66385,0.03562091365751191,0.6596740342456764,0.03731734967994382,0.66385,0.03562091365751191,0.01
pullover_vs_shirt,within_tops,fine_conv2,fine,conv2,20,1568,32,42,10,5,50,0.6902799999999999,0.033319749613190584,0.6874650099264126,0.03505162332883954,0.6902799999999999,0.03331974961319059,0.1
pullover_vs_shirt,within_tops,fine_conv2,fine,conv2,30,1568,32,42,10,5,50,0.7076,0.03890189125038965,0.7062625794815302,0.039203663190268884,0.7076,0.03890189125038966,1.0
pullover_vs_shirt,within_tops,fine_conv2,fine,conv2,50,1568,32,42,10,5,50,0.73333,0.03729332297845702,0.7328939853874991,0.03735172626700538,0.73333,0.03729332297845702,0.1
pullover_vs_shirt,within_tops,fine_conv2,fine,conv2,80,1568,32,42,10,5,50,0.74237,0.033680190083810874,0.742135912522121,0.03375949920322645,0.74237,0.03368019008381089,0.1
pullover_vs_shirt,within_tops,fine_conv2,fine,conv2,110,1568,32,42,10,5,50,0.76004,0.027395411503180075,0.759855622210487,0.027488286743075883,0.7600399999999999,0.02739541150318008,0.1
pullover_vs_shirt,within_tops,fine_conv2,fine,conv2,150,1568,32,42,10,5,50,0.7712499999999999,0.030227749448721676,0.7711039539220965,0.03032609763248663,0.7712499999999999,0.030227749448721686,0.1
pullover_vs_shirt,within_tops,fine_conv2,fine,conv2,200,1568,32,42,10,5,50,0.78023,0.024662458043242453,0.7801207467280622,0.02471094773398147,0.78023,0.02466245804324246,0.1
pullover_vs_shirt,within_tops,coarse_conv2,coarse,conv2,10,1568,32,42,10,5,50,0.63578,0.03377342875391715,0.6318969382230456,0.036260188330840555,0.63578,0.03377342875391715,0.01
pullover_vs_shirt,within_tops,coarse_conv2,coarse,conv2,20,1568,32,42,10,5,50,0.66663,0.034310379520738954,0.6644391849187989,0.03421146579044871,0.66663,0.03431037952073896,0.01
pullover_vs_shirt,within_tops,coarse_conv2,coarse,conv2,30,1568,32,42,10,5,50,0.6749099999999999,0.0379816940332136,0.6729603871892864,0.03843273974743224,0.6749099999999999,0.037981694033213595,0.1
pullover_vs_shirt,within_tops,coarse_conv2,coarse,conv2,50,1568,32,42,10,5,50,0.6971299999999999,0.0376927441185127,0.6961377060691772,0.038189428050335796,0.69713,0.0376927441185127,0.1
pullover_vs_shirt,within_tops,coarse_conv2,coarse,conv2,80,1568,32,42,10,5,50,0.70703,0.03226238253028768,0.7066497559269809,0.03226777280145965,0.70703,0.03226238253028769,0.1
pullover_vs_shirt,within_tops,coarse_conv2,coarse,conv2,110,1568,32,42,10,5,50,0.7236599999999999,0.03228088459451013,0.7234275418536597,0.03228219429182042,0.7236599999999999,0.03228088459451014,0.1
pullover_vs_shirt,within_tops,coarse_conv2,coarse,conv2,150,1568,32,42,10,5,50,0.7329600000000001,0.03152676867135518,0.7327885544263288,0.031548638480717726,0.7329600000000001,0.03152676867135518,0.1
pullover_vs_shirt,within_tops,coarse_conv2,coarse,conv2,200,1568,32,42,10,5,50,0.7419400000000002,0.031001092804964808,0.7417371375565784,0.0310619614665049,0.7419399999999999,0.031001092804964808,0.1
pullover_vs_shirt,within_tops,random_fc,random,fc,10,128,32,42,10,5,50,0.6530300000000001,0.04404628942652149,0.6504708021774482,0.04421772347569197,0.6530300000000001,0.044046289426521494,1.0
pullover_vs_shirt,within_tops,random_fc,random,fc,20,128,32,42,10,5,50,0.6766999999999999,0.02659791306835626,0.6745737600549585,0.027047060971226205,0.6766999999999999,0.026597913068356255,1.0
pullover_vs_shirt,within_tops,random_fc,random,fc,30,128,32,42,10,5,50,0.6862600000000001,0.033063056638576456,0.6853709018217558,0.03310796473851092,0.6862600000000001,0.03306305663857645,0.1
pullover_vs_shirt,within_tops,random_fc,random,fc,50,128,32,42,10,5,50,0.69549,0.03559558703444193,0.6949295935979791,0.03586541810376821,0.69549,0.035595587034441926,1.0
pullover_vs_shirt,within_tops,random_fc,random,fc,80,128,32,42,10,5,50,0.7030700000000002,0.02518118223546127,0.7026576252075768,0.025320472881117058,0.7030700000000002,0.025181182235461265,0.1
pullover_vs_shirt,within_tops,random_fc,random,fc,110,128,32,42,10,5,50,0.7204100000000001,0.021874104063285174,0.7200709582211329,0.02202221527022958,0.7204100000000001,0.021874104063285174,1.0
pullover_vs_shirt,within_tops,random_fc,random,fc,150,128,32,42,10,5,50,0.7302300000000002,0.019965840726560134,0.7300242937568179,0.0199834570015674,0.7302300000000002,0.019965840726560137,1.0
pullover_vs_shirt,within_tops,random_fc,random,fc,200,128,32,42,10,5,50,0.73872,0.019935907507893022,0.7384654614664623,0.020068796432609944,0.73872,0.019935907507893022,1.0
pullover_vs_shirt,within_tops,fine_fc,fine,fc,10,128,32,42,10,5,50,0.80588,0.04408011722640807,0.8041333971710602,0.045837149904215016,0.8058799999999999,0.044080117226408075,1.0
pullover_vs_shirt,within_tops,fine_fc,fine,fc,20,128,32,42,10,5,50,0.8485000000000003,0.024241346025805934,0.8479068022647114,0.024553114717388254,0.8485000000000003,0.024241346025805934,1.0
pullover_vs_shirt,within_tops,fine_fc,fine,fc,30,128,32,42,10,5,50,0.8686699999999999,0.018996135482389723,0.8684359362287201,0.019236060031065715,0.8686699999999999,0.018996135482389733,0.1
pullover_vs_shirt,within_tops,fine_fc,fine,fc,50,128,32,42,10,5,50,0.87995,0.013605689836181298,0.8797538779140788,0.01392362143379225,0.87995,0.013605689836181325,0.1
pullover_vs_shirt,within_tops,fine_fc,fine,fc,80,128,32,42,10,5,50,0.88551,0.008864910188663004,0.8854149625957135,0.008927360887667941,0.88551,0.008864910188663014,0.1
pullover_vs_shirt,within_tops,fine_fc,fine,fc,110,128,32,42,10,5,50,0.88929,0.008074329440787476,0.8892338612165898,0.00807966940036794,0.88929,0.008074329440787483,0.1
pullover_vs_shirt,within_tops,fine_fc,fine,fc,150,128,32,42,10,5,50,0.89571,0.007540428450989373,0.8956729871599238,0.007562128216165237,0.89571,0.007540428450989369,0.1
pullover_vs_shirt,within_tops,fine_fc,fine,fc,200,128,32,42,10,5,50,0.8978800000000001,0.00823293535076014,0.897850151237745,0.008243795961985836,0.8978800000000001,0.00823293535076014,0.1
pullover_vs_shirt,within_tops,coarse_fc,coarse,fc,10,128,32,42,10,5,50,0.62634,0.028999549609451176,0.622083848302072,0.03156456652905467,0.62634,0.028999549609451197,0.01
pullover_vs_shirt,within_tops,coarse_fc,coarse,fc,20,128,32,42,10,5,50,0.6411500000000001,0.028443149528525162,0.6378895017139594,0.029541544697127487,0.6411500000000001,0.02844314952852515,1.0
pullover_vs_shirt,within_tops,coarse_fc,coarse,fc,30,128,32,42,10,5,50,0.64321,0.05313249610979277,0.6416726374382853,0.05323842443542251,0.64321,0.05313249610979277,1.0
pullover_vs_shirt,within_tops,coarse_fc,coarse,fc,50,128,32,42,10,5,50,0.6772399999999998,0.03149364043350819,0.6765900426250808,0.03149842640816734,0.6772399999999998,0.0314936404335082,1.0
pullover_vs_shirt,within_tops,coarse_fc,coarse,fc,80,128,32,42,10,5,50,0.6963300000000001,0.026939010860134577,0.6957796034942524,0.02717794046951932,0.6963300000000001,0.02693901086013457,1.0
pullover_vs_shirt,within_tops,coarse_fc,coarse,fc,110,128,32,42,10,5,50,0.7159700000000001,0.024976807609607493,0.7156815756890574,0.025058355811615075,0.7159700000000001,0.024976807609607483,1.0
pullover_vs_shirt,within_tops,coarse_fc,coarse,fc,150,128,32,42,10,5,50,0.7342400000000001,0.022640319821783727,0.7340472340345738,0.022690633044218225,0.7342400000000001,0.022640319821783727,1.0
pullover_vs_shirt,within_tops,coarse_fc,coarse,fc,200,128,32,42,10,5,50,0.7483299999999998,0.019070655415039717,0.7481064193181924,0.019149625207900457,0.7483299999999998,0.01907065541503973,1.0
shirt_vs_non_tops,cross_pooled,constant,constant,constant,10,0,0,42,10,5,50,0.857142857142857,1.1214946133455537e-16,0.4615384615384615,5.607473066727768e-17,0.5,0.0,
shirt_vs_non_tops,cross_pooled,constant,constant,constant,20,0,0,42,10,5,50,0.857142857142857,1.1214946133455537e-16,0.4615384615384615,5.607473066727768e-17,0.5,0.0,
shirt_vs_non_tops,cross_pooled,constant,constant,constant,30,0,0,42,10,5,50,0.857142857142857,1.1214946133455537e-16,0.4615384615384615,5.607473066727768e-17,0.5,0.0,
shirt_vs_non_tops,cross_pooled,constant,constant,constant,50,0,0,42,10,5,50,0.857142857142857,1.1214946133455537e-16,0.4615384615384615,5.607473066727768e-17,0.5,0.0,
shirt_vs_non_tops,cross_pooled,constant,constant,constant,80,0,0,42,10,5,50,0.857142857142857,1.1214946133455537e-16,0.4615384615384615,5.607473066727768e-17,0.5,0.0,
shirt_vs_non_tops,cross_pooled,constant,constant,constant,110,0,0,42,10,5,50,0.857142857142857,1.1214946133455537e-16,0.4615384615384615,5.607473066727768e-17,0.5,0.0,
shirt_vs_non_tops,cross_pooled,constant,constant,constant,150,0,0,42,10,5,50,0.857142857142857,1.1214946133455537e-16,0.4615384615384615,5.607473066727768e-17,0.5,0.0,
shirt_vs_non_tops,cross_pooled,constant,constant,constant,200,0,0,42,10,5,50,0.857142857142857,1.1214946133455537e-16,0.4615384615384615,5.607473066727768e-17,0.5,0.0,
shirt_vs_non_tops,cross_pooled,pixels,pixels,pixels,10,784,32,42,10,5,50,0.7243428571428572,0.08364714867256123,0.647374810693486,0.07121240184208205,0.7861333333333335,0.05196734158908588,1.0
shirt_vs_non_tops,cross_pooled,pixels,pixels,pixels,20,784,32,42,10,5,50,0.7954657142857142,0.04846774914523399,0.7113808640141124,0.04534797967391794,0.8300716666666665,0.03360977635043904,1.0
shirt_vs_non_tops,cross_pooled,pixels,pixels,pixels,30,784,32,42,10,5,50,0.8288514285714287,0.022330689460808982,0.7444251400009442,0.022687106022222625,0.8522633333333333,0.019716279517305882,0.1
shirt_vs_non_tops,cross_pooled,pixels,pixels,pixels,50,784,32,42,10,5,50,0.8480085714285716,0.023488145299192992,0.7659551611118611,0.02513353692974598,0.8649133333333334,0.014570776518246073,0.1
shirt_vs_non_tops,cross_pooled,pixels,pixels,pixels,80,784,32,42,10,5,50,0.8626799999999999,0.02360868263746875,0.7836653270887202,0.026257467958522022,0.876305,0.012943521676937868,0.1
shirt_vs_non_tops,cross_pooled,pixels,pixels,pixels,110,784,32,42,10,5,50,0.8729371428571429,0.021811394032041853,0.7958171639883374,0.025386596011778045,0.8825383333333333,0.013168595505837821,0.1
shirt_vs_non_tops,cross_pooled,pixels,pixels,pixels,150,784,32,42,10,5,50,0.875,0.01592841127401869,0.798694246060993,0.019798013239186372,0.8868916666666665,0.013685239681766352,0.1
shirt_vs_non_tops,cross_pooled,pixels,pixels,pixels,200,784,32,42,10,5,50,0.8806257142857143,0.014762958080230197,0.805596323832652,0.018639009817317122,0.8903900000000001,0.012487549808779844,0.1
shirt_vs_non_tops,cross_pooled,random_conv1,random,conv1,10,3136,32,42,10,5,50,0.7851142857142857,0.05709420669516978,0.7067143803012585,0.05414171198135292,0.8397416666666667,0.04030067425289675,1.0
shirt_vs_non_tops,cross_pooled,random_conv1,random,conv1,20,3136,32,42,10,5,50,0.8313657142857143,0.0390315943320488,0.7509038907788339,0.04109749672408832,0.8626299999999998,0.03273889245782575,1.0
shirt_vs_non_tops,cross_pooled,random_conv1,random,conv1,30,3136,32,42,10,5,50,0.8499857142857142,0.03321422458378649,0.7720767682314629,0.037129263200281024,0.8767416666666668,0.02352631113795016,0.1
shirt_vs_non_tops,cross_pooled,random_conv1,random,conv1,50,3136,32,42,10,5,50,0.86086,0.03032135932507451,0.7843720950725108,0.03484086509567576,0.8833850000000001,0.02059071578480486,0.1
shirt_vs_non_tops,cross_pooled,random_conv1,random,conv1,80,3136,32,42,10,5,50,0.8793114285714286,0.023356600148829166,0.8055897570214547,0.02805496031164555,0.8927566666666665,0.013364767792243503,0.1
shirt_vs_non_tops,cross_pooled,random_conv1,random,conv1,110,3136,32,42,10,5,50,0.8852685714285714,0.020351505843240775,0.8133764048006702,0.024432630765919054,0.8985149999999998,0.009835879556195824,0.1
shirt_vs_non_tops,cross_pooled,random_conv1,random,conv1,150,3136,32,42,10,5,50,0.8872085714285715,0.015833689219058027,0.8159504007215841,0.019448637372994352,0.9017716666666666,0.009611689931189691,0.1
shirt_vs_non_tops,cross_pooled,random_conv1,random,conv1,200,3136,32,42,10,5,50,0.8911914285714286,0.013491713408442376,0.821188783396137,0.016623685132290685,0.9053200000000001,0.007521141027681683,0.1
shirt_vs_non_tops,cross_pooled,fine_conv1,fine,conv1,10,3136,32,42,10,5,50,0.7716200000000001,0.07032873135481336,0.6934946837147424,0.06303433508350974,0.8267783333333333,0.04135875894668476,0.01
shirt_vs_non_tops,cross_pooled,fine_conv1,fine,conv1,20,3136,32,42,10,5,50,0.828877142857143,0.03360295659925743,0.7466612300583779,0.03690566918486839,0.8571700000000001,0.03143445543765839,1.0
shirt_vs_non_tops,cross_pooled,fine_conv1,fine,conv1,30,3136,32,42,10,5,50,0.8449228571428571,0.02712322767267182,0.7653742147950902,0.030403573901113166,0.8721799999999998,0.021848188849629396,0.1
shirt_vs_non_tops,cross_pooled,fine_conv1,fine,conv1,50,3136,32,42,10,5,50,0.8556199999999999,0.026378790244446698,0.7769289071935446,0.03038446489300627,0.8768866666666666,0.02177205374472143,0.1
shirt_vs_non_tops,cross_pooled,fine_conv1,fine,conv1,80,3136,32,42,10,5,50,0.8707085714285714,0.020589277161364567,0.7943370050673957,0.024785198574080323,0.8861800000000001,0.016627473986040774,0.1
shirt_vs_non_tops,cross_pooled,fine_conv1,fine,conv1,110,3136,32,42,10,5,50,0.8784885714285714,0.018687060739106497,0.8035977054737298,0.02241374474431109,0.8903933333333334,0.013460659483899611,0.1
shirt_vs_non_tops,cross_pooled,fine_conv1,fine,conv1,150,3136,32,42,10,5,50,0.8799742857142857,0.01470619353469427,0.8062854734219141,0.017074723570000498,0.895435,0.008779215721509925,0.1
shirt_vs_non_tops,cross_pooled,fine_conv1,fine,conv1,200,3136,32,42,10,5,50,0.8848885714285716,0.011908658681963245,0.8125945002766806,0.014215225393944604,0.8996683333333333,0.007509621379624007,0.1
shirt_vs_non_tops,cross_pooled,coarse_conv1,coarse,conv1,10,3136,32,42,10,5,50,0.7739828571428571,0.06058697088675765,0.6912117216410405,0.05852121526632599,0.8153900000000002,0.04609971274031138,0.01
shirt_vs_non_tops,cross_pooled,coarse_conv1,coarse,conv1,20,3136,32,42,10,5,50,0.8219057142857144,0.03586720161377939,0.7364307077228551,0.039339838812427586,0.8433283333333335,0.03607174056913631,1.0
shirt_vs_non_tops,cross_pooled,coarse_conv1,coarse,conv1,30,3136,32,42,10,5,50,0.8352342857142855,0.029073099499977825,0.7525382727886024,0.03133877661479806,0.8585866666666665,0.02297179800105688,0.1
shirt_vs_non_tops,cross_pooled,coarse_conv1,coarse,conv1,50,3136,32,42,10,5,50,0.8455971428571429,0.02489355414361065,0.763616093752442,0.02848620258803329,0.8647150000000002,0.022263439532020167,0.1
shirt_vs_non_tops,cross_pooled,coarse_conv1,coarse,conv1,80,3136,32,42,10,5,50,0.8578714285714287,0.023312934598990875,0.7776782582908566,0.027640947651234572,0.8726416666666666,0.020405930468844584,0.1
shirt_vs_non_tops,cross_pooled,coarse_conv1,coarse,conv1,110,3136,32,42,10,5,50,0.8666542857142858,0.019815666354416513,0.7884262361387978,0.023560817704324593,0.8801066666666667,0.014572596047223557,0.1
shirt_vs_non_tops,cross_pooled,coarse_conv1,coarse,conv1,150,3136,32,42,10,5,50,0.8684885714285714,0.01684958297646067,0.7912198723393342,0.020167156294882388,0.8840850000000002,0.012860410629704867,0.1
shirt_vs_non_tops,cross_pooled,coarse_conv1,coarse,conv1,200,3136,32,42,10,5,50,0.8716600000000001,0.016735412876540318,0.7951016325741879,0.020173532711152412,0.8862766666666667,0.012361470936697658,0.1
shirt_vs_non_tops,cross_pooled,random_conv2,random,conv2,10,1568,32,42,10,5,50,0.7774057142857143,0.06381022963507339,0.6982789176355821,0.05952290543232876,0.8293366666666667,0.04190041901197033,1.0
shirt_vs_non_tops,cross_pooled,random_conv2,random,conv2,20,1568,32,42,10,5,50,0.8321085714285715,0.0418358940682097,0.7518782410739523,0.04543047848403504,0.8628383333333334,0.03970834148874577,1.0
shirt_vs_non_tops,cross_pooled,random_conv2,random,conv2,30,1568,32,42,10,5,50,0.8506685714285714,0.024885132862166526,0.7727461837630039,0.027275069791725382,0.8795483333333334,0.018603826213261686,1.0
shirt_vs_non_tops,cross_pooled,random_conv2,random,conv2,50,1568,32,42,10,5,50,0.86378,0.023033036954273802,0.7874205552259163,0.025786933471720067,0.8859800000000001,0.012964100527777892,1.0
shirt_vs_non_tops,cross_pooled,random_conv2,random,conv2,80,1568,32,42,10,5,50,0.88408,0.01956258786089092,0.8116111061199511,0.023168704204970275,0.8972216666666665,0.010430848984824657,1.0
shirt_vs_non_tops,cross_pooled,random_conv2,random,conv2,110,1568,32,42,10,5,50,0.892277142857143,0.017548823070802945,0.822093798924616,0.021222374792341077,0.9028366666666667,0.009195979107524756,1.0
shirt_vs_non_tops,cross_pooled,random_conv2,random,conv2,150,1568,32,42,10,5,50,0.8940457142857143,0.011085275456434214,0.8247996915374963,0.013130489192249812,0.90726,0.005891465444128897,1.0
shirt_vs_non_tops,cross_pooled,random_conv2,random,conv2,200,1568,32,42,10,5,50,0.8991285714285715,0.008850145359614007,0.8315912483046408,0.010725545263235613,0.9113333333333332,0.005442104059887077,1.0
shirt_vs_non_tops,cross_pooled,fine_conv2,fine,conv2,10,1568,32,42,10,5,50,0.8219600000000001,0.05950805572673762,0.7430084626307825,0.057114194333369714,0.8565183333333334,0.035495122345435864,0.01
shirt_vs_non_tops,cross_pooled,fine_conv2,fine,conv2,20,1568,32,42,10,5,50,0.8600771428571429,0.027333673450341052,0.7820151383935334,0.02900569222918557,0.8792366666666668,0.02112463929840054,0.01
shirt_vs_non_tops,cross_pooled,fine_conv2,fine,conv2,30,1568,32,42,10,5,50,0.8694657142857142,0.023364767881914862,0.793426516562899,0.026283560427713994,0.8866633333333332,0.01463332016177177,0.01
shirt_vs_non_tops,cross_pooled,fine_conv2,fine,conv2,50,1568,32,42,10,5,50,0.8768885714285714,0.018294214724283074,0.8026211235589112,0.021328594729382602,0.8933100000000002,0.011864288820083111,0.01
shirt_vs_non_tops,cross_pooled,fine_conv2,fine,conv2,80,1568,32,42,10,5,50,0.8905114285714286,0.01719562069526357,0.819031024953216,0.02062459697580442,0.8990066666666666,0.011681912293367538,0.1
shirt_vs_non_tops,cross_pooled,fine_conv2,fine,conv2,110,1568,32,42,10,5,50,0.8967342857142859,0.014605374339610972,0.827404225726919,0.01791610803001662,0.9044533333333333,0.008654494330048616,0.1
shirt_vs_non_tops,cross_pooled,fine_conv2,fine,conv2,150,1568,32,42,10,5,50,0.8982742857142857,0.012413024021074465,0.8300085419272838,0.0155100256809386,0.9082266666666667,0.007150869315879646,0.1
shirt_vs_non_tops,cross_pooled,fine_conv2,fine,conv2,200,1568,32,42,10,5,50,0.9015828571428572,0.011375893171061349,0.8345197542796606,0.0150092674269801,0.91104,0.008635232764550084,0.1
shirt_vs_non_tops,cross_pooled,coarse_conv2,coarse,conv2,10,1568,32,42,10,5,50,0.8142971428571428,0.052436104510409365,0.7356697709465623,0.05276714578538649,0.8570316666666667,0.03936398008337743,0.01
shirt_vs_non_tops,cross_pooled,coarse_conv2,coarse,conv2,20,1568,32,42,10,5,50,0.8474114285714286,0.034624235504891784,0.7705544576288524,0.03657359591848862,0.8797400000000001,0.021549392455304715,0.1
shirt_vs_non_tops,cross_pooled,coarse_conv2,coarse,conv2,30,1568,32,42,10,5,50,0.8632685714285714,0.023955404910092782,0.7877561960743716,0.02685566590747818,0.8891983333333334,0.01701812167718579,0.1
shirt_vs_non_tops,cross_pooled,coarse_conv2,coarse,conv2,50,1568,32,42,10,5,50,0.8771228571428571,0.019824406389928457,0.8038820188694854,0.023851430458892396,0.89678,0.014511477590494027,0.1
shirt_vs_non_tops,cross_pooled,coarse_conv2,coarse,conv2,80,1568,32,42,10,5,50,0.8862028571428572,0.02033130609422023,0.8147831572296479,0.02505319301661914,0.9004683333333334,0.015266007638836853,0.1
shirt_vs_non_tops,cross_pooled,coarse_conv2,coarse,conv2,110,1568,32,42,10,5,50,0.8921971428571429,0.01676023163418355,0.8226873423534967,0.020631236543674013,0.9060816666666667,0.011903553391039719,0.1
shirt_vs_non_tops,cross_pooled,coarse_conv2,coarse,conv2,150,1568,32,42,10,5,50,0.895102857142857,0.015697925223094635,0.8268803292424819,0.020059123291216712,0.9098350000000001,0.01249478904989437,0.1
shirt_vs_non_tops,cross_pooled,coarse_conv2,coarse,conv2,200,1568,32,42,10,5,50,0.8982885714285713,0.01580062393656254,0.8308823367779675,0.020464543659929568,0.9110349999999999,0.011925078972627448,0.1
shirt_vs_non_tops,cross_pooled,random_fc,random,fc,10,128,32,42,10,5,50,0.7397142857142857,0.06938049181673017,0.6621515895515634,0.05930532616388194,0.8032833333333332,0.0454232457944542,1.0
shirt_vs_non_tops,cross_pooled,random_fc,random,fc,20,128,32,42,10,5,50,0.8115057142857144,0.047986325016488696,0.7287957002024558,0.051004693770882154,0.8440033333333332,0.04594866429578658,1.0
shirt_vs_non_tops,cross_pooled,random_fc,random,fc,30,128,32,42,10,5,50,0.8396228571428571,0.033959254317037973,0.7581900341877659,0.03628779457961085,0.8628800000000001,0.026451181662411002,1.0
shirt_vs_non_tops,cross_pooled,random_fc,random,fc,50,128,32,42,10,5,50,0.8535314285714286,0.03233562591075669,0.7740537909423166,0.03637465550726053,0.8720266666666667,0.024156985159013305,1.0
shirt_vs_non_tops,cross_pooled,random_fc,random,fc,80,128,32,42,10,5,50,0.8749085714285715,0.024584693009316774,0.7988584670587471,0.030161640000189987,0.8852966666666666,0.019166179822270063,1.0
shirt_vs_non_tops,cross_pooled,random_fc,random,fc,110,128,32,42,10,5,50,0.8813714285714285,0.020277541161389696,0.8077045598547652,0.024923833799790573,0.893575,0.013686606595989324,1.0
shirt_vs_non_tops,cross_pooled,random_fc,random,fc,150,128,32,42,10,5,50,0.8835428571428572,0.01335823026084635,0.811199190236821,0.01644391805680019,0.8997833333333335,0.010682386375937124,1.0
shirt_vs_non_tops,cross_pooled,random_fc,random,fc,200,128,32,42,10,5,50,0.8908799999999999,0.012601420624249916,0.820762920081661,0.015605814921166004,0.9053716666666667,0.008812309887626251,1.0
shirt_vs_non_tops,cross_pooled,fine_fc,fine,fc,10,128,32,42,10,5,50,0.90158,0.053095502350443004,0.8413635706720152,0.06277989574694327,0.9161549999999999,0.0305440279687834,1.0
shirt_vs_non_tops,cross_pooled,fine_fc,fine,fc,20,128,32,42,10,5,50,0.9332142857142859,0.02337249297226212,0.8824109420075219,0.03279133998681238,0.937625,0.01822880101674095,1.0
shirt_vs_non_tops,cross_pooled,fine_fc,fine,fc,30,128,32,42,10,5,50,0.9397171428571428,0.02505717726410567,0.8932188845243809,0.03409459330716186,0.9447016666666667,0.013560000305185985,1.0
shirt_vs_non_tops,cross_pooled,fine_fc,fine,fc,50,128,32,42,10,5,50,0.94986,0.01774669024289486,0.9087687359310369,0.026762871229784505,0.9526266666666667,0.008855098330335423,1.0
shirt_vs_non_tops,cross_pooled,fine_fc,fine,fc,80,128,32,42,10,5,50,0.9597885714285715,0.013573384545253543,0.924514293143895,0.021570187927389402,0.9568599999999999,0.007342670308289471,1.0
shirt_vs_non_tops,cross_pooled,fine_fc,fine,fc,110,128,32,42,10,5,50,0.9628600000000002,0.007617549719132034,0.9292905188665506,0.012843391148255825,0.95891,0.0055308309233738015,1.0
shirt_vs_non_tops,cross_pooled,fine_fc,fine,fc,150,128,32,42,10,5,50,0.9637428571428572,0.006577826774947494,0.9310454962835011,0.011049075657250211,0.9617833333333333,0.0048792099096476175,1.0
shirt_vs_non_tops,cross_pooled,fine_fc,fine,fc,200,128,32,42,10,5,50,0.9649028571428573,0.006020127285042517,0.9331181258751173,0.010281023830543337,0.9633100000000002,0.004097315364635597,1.0
shirt_vs_non_tops,cross_pooled,coarse_fc,coarse,fc,10,128,32,42,10,5,50,0.96064,0.019702202744944934,0.9277672270950208,0.030194375602540444,0.9641816666666666,0.00824716831084416,0.01
shirt_vs_non_tops,cross_pooled,coarse_fc,coarse,fc,20,128,32,42,10,5,50,0.9662114285714286,0.013802626071294304,0.9366098055365241,0.0221359467323504,0.9678483333333332,0.005029777824714164,0.01
shirt_vs_non_tops,cross_pooled,coarse_fc,coarse,fc,30,128,32,42,10,5,50,0.9679457142857142,0.01278498996270713,0.9395257103309608,0.02062230892993389,0.96926,0.004336492830390376,1.0
shirt_vs_non_tops,cross_pooled,coarse_fc,coarse,fc,50,128,32,42,10,5,50,0.9688999999999999,0.00792821027202553,0.9408570591843288,0.013403081877153826,0.9706500000000001,0.002426820096816598,1.0
shirt_vs_non_tops,cross_pooled,coarse_fc,coarse,fc,80,128,32,42,10,5,50,0.9734057142857142,0.005243218980054423,0.9484996584362279,0.009042948995858602,0.9714116666666668,0.00215771371086386,1.0
shirt_vs_non_tops,cross_pooled,coarse_fc,coarse,fc,110,128,32,42,10,5,50,0.9727342857142858,0.005064351404048704,0.9473820337818326,0.008682152027680572,0.9721033333333334,0.0018972739723290121,1.0
shirt_vs_non_tops,cross_pooled,coarse_fc,coarse,fc,150,128,32,42,10,5,50,0.9718971428571429,0.004784053060094467,0.945940059525648,0.008197538375080188,0.9723733333333332,0.0017282204812309031,1.0
shirt_vs_non_tops,cross_pooled,coarse_fc,coarse,fc,200,128,32,42,10,5,50,0.9722542857142856,0.004137303002554177,0.9465861906234581,0.007107348940624849,0.9729816666666667,0.0018503607848237638,1.0
tops_four_way,within_tops,constant,constant,constant,10,0,0,42,10,5,50,0.25,0.0,0.09999999999999998,2.803736533363884e-17,0.25,0.0,
tops_four_way,within_tops,constant,constant,constant,20,0,0,42,10,5,50,0.25,0.0,0.09999999999999998,2.803736533363884e-17,0.25,0.0,
tops_four_way,within_tops,constant,constant,constant,30,0,0,42,10,5,50,0.25,0.0,0.09999999999999998,2.803736533363884e-17,0.25,0.0,
tops_four_way,within_tops,constant,constant,constant,50,0,0,42,10,5,50,0.25,0.0,0.09999999999999998,2.803736533363884e-17,0.25,0.0,
tops_four_way,within_tops,constant,constant,constant,80,0,0,42,10,5,50,0.25,0.0,0.09999999999999998,2.803736533363884e-17,0.25,0.0,
tops_four_way,within_tops,constant,constant,constant,110,0,0,42,10,5,50,0.25,0.0,0.09999999999999998,2.803736533363884e-17,0.25,0.0,
tops_four_way,within_tops,constant,constant,constant,150,0,0,42,10,5,50,0.25,0.0,0.09999999999999998,2.803736533363884e-17,0.25,0.0,
tops_four_way,within_tops,constant,constant,constant,200,0,0,42,10,5,50,0.25,0.0,0.09999999999999998,2.803736533363884e-17,0.25,0.0,
tops_four_way,within_tops,pixels,pixels,pixels,10,784,32,42,10,5,50,0.44077500000000003,0.05166903727828985,0.4338084517013018,0.057525768160543354,0.4407750000000001,0.05166903727828985,1.0
tops_four_way,within_tops,pixels,pixels,pixels,20,784,32,42,10,5,50,0.48505000000000004,0.04332771418303221,0.4818771725746667,0.04330696827562449,0.48505000000000004,0.04332771418303221,0.1
tops_four_way,within_tops,pixels,pixels,pixels,30,784,32,42,10,5,50,0.501655,0.029599619499071205,0.4997425980442234,0.029143185653078257,0.501655,0.02959961949907119,0.1
tops_four_way,within_tops,pixels,pixels,pixels,50,784,32,42,10,5,50,0.5360149999999999,0.027331739884281808,0.5330135012304177,0.026720453376218818,0.536015,0.027331739884281798,0.1
tops_four_way,within_tops,pixels,pixels,pixels,80,784,32,42,10,5,50,0.558505,0.02315632820017642,0.5538750929800915,0.024439884326298504,0.558505,0.02315632820017643,0.1
tops_four_way,within_tops,pixels,pixels,pixels,110,784,32,42,10,5,50,0.57457,0.01942213916632045,0.5716574986472075,0.019195820899354708,0.57457,0.019422139166320435,0.1
tops_four_way,within_tops,pixels,pixels,pixels,150,784,32,42,10,5,50,0.5903200000000001,0.01669260192970746,0.5865605914492744,0.01692040036272515,0.5903200000000001,0.016692601929707476,0.1
tops_four_way,within_tops,pixels,pixels,pixels,200,784,32,42,10,5,50,0.5994,0.015175840090386404,0.5956226954113376,0.015889388022375665,0.5993999999999999,0.015175840090386424,0.1
tops_four_way,within_tops,random_conv1,random,conv1,10,3136,32,42,10,5,50,0.46482500000000004,0.043239167866126915,0.45743275463240524,0.04760971504317987,0.46482500000000004,0.0432391678661269,1.0
tops_four_way,within_tops,random_conv1,random,conv1,20,3136,32,42,10,5,50,0.49937000000000004,0.04103726032149171,0.4967772936200953,0.04009348984029311,0.49937000000000004,0.041037260321491714,1.0
tops_four_way,within_tops,random_conv1,random,conv1,30,3136,32,42,10,5,50,0.51466,0.025502138765849686,0.5134252985653412,0.024237779489439597,0.51466,0.025502138765849686,0.1
tops_four_way,within_tops,random_conv1,random,conv1,50,3136,32,42,10,5,50,0.544925,0.02416145997159906,0.5418485916621111,0.023162183566316635,0.5449250000000001,0.02416145997159906,0.1
tops_four_way,within_tops,random_conv1,random,conv1,80,3136,32,42,10,5,50,0.56801,0.018142573113637258,0.5637217108265383,0.01835307806384079,0.56801,0.018142573113637272,0.1
tops_four_way,within_tops,random_conv1,random,conv1,110,3136,32,42,10,5,50,0.5865400000000001,0.01870121953897387,0.5830979782731097,0.01797169828090721,0.5865400000000001,0.018701219538973884,0.1
tops_four_way,within_tops,random_conv1,random,conv1,150,3136,32,42,10,5,50,0.601395,0.017353915778784427,0.5971245079420313,0.01723239269009468,0.601395,0.01735391577878442,0.1
tops_four_way,within_tops,random_conv1,random,conv1,200,3136,32,42,10,5,50,0.6119749999999999,0.015720879298511497,0.6073934783615692,0.016499991347542424,0.6119749999999999,0.015720879298511486,0.1
tops_four_way,within_tops,fine_conv1,fine,conv1,10,3136,32,42,10,5,50,0.4511300000000001,0.04563584900366941,0.4430702771427803,0.04978803705563663,0.4511300000000001,0.0456358490036694,1.0
tops_four_way,within_tops,fine_conv1,fine,conv1,20,3136,32,42,10,5,50,0.490865,0.03934366537451793,0.4868423244794156,0.04072288801625406,0.490865,0.03934366537451793,0.1
tops_four_way,within_tops,fine_conv1,fine,conv1,30,3136,32,42,10,5,50,0.5101199999999999,0.03132772945256424,0.5079527443080644,0.03060941757184011,0.51012,0.03132772945256424,0.1
tops_four_way,within_tops,fine_conv1,fine,conv1,50,3136,32,42,10,5,50,0.5385300000000001,0.022396453345317414,0.53512709961013,0.021614114922321705,0.5385300000000001,0.02239645334531741,0.1
tops_four_way,within_tops,fine_conv1,fine,conv1,80,3136,32,42,10,5,50,0.56076,0.015061774158986942,0.5550219815383673,0.016203436199446374,0.56076,0.015061774158986933,0.1
tops_four_way,within_tops,fine_conv1,fine,conv1,110,3136,32,42,10,5,50,0.5770500000000001,0.014547774919280302,0.5737616057893024,0.014809575160072886,0.5770500000000001,0.014547774919280292,0.1
tops_four_way,within_tops,fine_conv1,fine,conv1,150,3136,32,42,10,5,50,0.590125,0.013791565190657775,0.5863359248033065,0.01442215444752637,0.590125,0.013791565190657778,0.1
tops_four_way,within_tops,fine_conv1,fine,conv1,200,3136,32,42,10,5,50,0.6026849999999999,0.0138517855991823,0.598491586431645,0.014023644630610696,0.6026849999999999,0.013851785599182318,0.1
tops_four_way,within_tops,coarse_conv1,coarse,conv1,10,3136,32,42,10,5,50,0.43011999999999995,0.04320511236756453,0.4222394737616005,0.045841987451494044,0.43011999999999995,0.04320511236756453,1.0
tops_four_way,within_tops,coarse_conv1,coarse,conv1,20,3136,32,42,10,5,50,0.4778700000000001,0.03903665336734758,0.4717576466712373,0.038028022925425134,0.4778700000000001,0.039036653367347574,0.01
tops_four_way,within_tops,coarse_conv1,coarse,conv1,30,3136,32,42,10,5,50,0.4888300000000001,0.026375885709086163,0.48647285869622586,0.02497709204293477,0.4888300000000001,0.026375885709086156,0.1
tops_four_way,within_tops,coarse_conv1,coarse,conv1,50,3136,32,42,10,5,50,0.519525,0.023837847736192068,0.5143923362952443,0.023564477761290278,0.5195249999999999,0.023837847736192068,0.1
tops_four_way,within_tops,coarse_conv1,coarse,conv1,80,3136,32,42,10,5,50,0.539175,0.021390159023747916,0.5327658548313082,0.022073335781203254,0.539175,0.021390159023747923,0.1
tops_four_way,within_tops,coarse_conv1,coarse,conv1,110,3136,32,42,10,5,50,0.5560350000000001,0.018240038517010893,0.5491880795481301,0.01925364225846659,0.5560350000000001,0.018240038517010875,0.1
tops_four_way,within_tops,coarse_conv1,coarse,conv1,150,3136,32,42,10,5,50,0.56899,0.015083945377893192,0.5623823399995151,0.016454970102979784,0.56899,0.015083945377893185,0.1
tops_four_way,within_tops,coarse_conv1,coarse,conv1,200,3136,32,42,10,5,50,0.577685,0.013442793570519179,0.5714796336386453,0.01532537357095785,0.577685,0.013442793570519173,0.1
tops_four_way,within_tops,random_conv2,random,conv2,10,1568,32,42,10,5,50,0.45253499999999997,0.047068881624136104,0.44628256509862574,0.050165865932632996,0.45253499999999997,0.04706888162413611,1.0
tops_four_way,within_tops,random_conv2,random,conv2,20,1568,32,42,10,5,50,0.488725,0.04075033648289776,0.48469804788467463,0.04145942676095412,0.48872499999999997,0.04075033648289775,1.0
tops_four_way,within_tops,random_conv2,random,conv2,30,1568,32,42,10,5,50,0.5092899999999999,0.02749556364958106,0.5075766319740649,0.02621847552520838,0.50929,0.02749556364958106,0.1
tops_four_way,within_tops,random_conv2,random,conv2,50,1568,32,42,10,5,50,0.535695,0.023795916409230854,0.5319320426260594,0.022983080424734202,0.535695,0.023795916409230858,0.1
tops_four_way,within_tops,random_conv2,random,conv2,80,1568,32,42,10,5,50,0.55784,0.0170092081904275,0.5531184187637481,0.01698542177218183,0.5578400000000001,0.017009208190427505,0.1
tops_four_way,within_tops,random_conv2,random,conv2,110,1568,32,42,10,5,50,0.572525,0.016659192626882972,0.5690945344633999,0.016948498182182473,0.572525,0.01665919262688298,0.1
tops_four_way,within_tops,random_conv2,random,conv2,150,1568,32,42,10,5,50,0.58427,0.017133095434966612,0.5801040674779924,0.01698903473217006,0.58427,0.017133095434966612,0.1
tops_four_way,within_tops,random_conv2,random,conv2,200,1568,32,42,10,5,50,0.5958,0.01756140829274492,0.5915997702061914,0.017655209217956467,0.5958,0.01756140829274491,0.1
tops_four_way,within_tops,fine_conv2,fine,conv2,10,1568,32,42,10,5,50,0.46742999999999996,0.04386130273431263,0.4562715909647347,0.0468735420156639,0.46742999999999996,0.043861302734312636,0.1
tops_four_way,within_tops,fine_conv2,fine,conv2,20,1568,32,42,10,5,50,0.518525,0.034290559553465966,0.5102579842338857,0.03556439573212816,0.518525,0.034290559553465966,0.1
tops_four_way,within_tops,fine_conv2,fine,conv2,30,1568,32,42,10,5,50,0.53546,0.03147931617647968,0.5318766732215588,0.02978750893145542,0.53546,0.031479316176479685,0.1
tops_four_way,within_tops,fine_conv2,fine,conv2,50,1568,32,42,10,5,50,0.5667700000000001,0.025089423741359012,0.5606307262839042,0.02487867273979524,0.5667700000000001,0.02508942374135902,0.1
tops_four_way,within_tops,fine_conv2,fine,conv2,80,1568,32,42,10,5,50,0.58667,0.021185613139147824,0.5816215843743346,0.021886555821943557,0.58667,0.021185613139147814,0.1
tops_four_way,within_tops,fine_conv2,fine,conv2,110,1568,32,42,10,5,50,0.60503,0.01855381307418604,0.6008647987490577,0.02027340120785245,0.6050300000000001,0.018553813074186035,0.1
tops_four_way,within_tops,fine_conv2,fine,conv2,150,1568,32,42,10,5,50,0.62226,0.018963105962766277,0.6181826456495937,0.019883610381735615,0.62226,0.018963105962766277,0.1
tops_four_way,within_tops,fine_conv2,fine,conv2,200,1568,32,42,10,5,50,0.6318549999999999,0.014713426639277051,0.6274445583417956,0.01672732768959483,0.6318549999999999,0.014713426639277057,0.1
tops_four_way,within_tops,coarse_conv2,coarse,conv2,10,1568,32,42,10,5,50,0.45203000000000004,0.05151772134173733,0.44457113297756573,0.05064340798020418,0.45202999999999993,0.05151772134173733,1.0
tops_four_way,within_tops,coarse_conv2,coarse,conv2,20,1568,32,42,10,5,50,0.506375,0.03588225678578225,0.49798423718543794,0.033074655054408014,0.506375,0.03588225678578224,0.01
tops_four_way,within_tops,coarse_conv2,coarse,conv2,30,1568,32,42,10,5,50,0.51648,0.0272865482295895,0.513916562437442,0.024706782258863885,0.51648,0.027286548229589497,0.1
tops_four_way,within_tops,coarse_conv2,coarse,conv2,50,1568,32,42,10,5,50,0.5445199999999999,0.025598790229705966,0.5384036067833415,0.025260949633027045,0.5445199999999999,0.025598790229705976,0.1
tops_four_way,within_tops,coarse_conv2,coarse,conv2,80,1568,32,42,10,5,50,0.56171,0.019647360522731906,0.555443934558785,0.02161801010239542,0.56171,0.019647360522731906,0.1
tops_four_way,within_tops,coarse_conv2,coarse,conv2,110,1568,32,42,10,5,50,0.57756,0.01684749724040061,0.5724947332593294,0.018311410598276522,0.57756,0.01684749724040061,0.1
tops_four_way,within_tops,coarse_conv2,coarse,conv2,150,1568,32,42,10,5,50,0.590645,0.014401325938104097,0.58575826880896,0.015286257602023087,0.590645,0.01440132593810411,0.1
tops_four_way,within_tops,coarse_conv2,coarse,conv2,200,1568,32,42,10,5,50,0.596255,0.014393476590711057,0.591521024097232,0.016221521140341137,0.596255,0.014393476590711033,0.1
tops_four_way,within_tops,random_fc,random,fc,10,128,32,42,10,5,50,0.44848000000000005,0.041278942845583866,0.44116719911226293,0.04422248235752061,0.44848000000000005,0.04127894284558387,1.0
tops_four_way,within_tops,random_fc,random,fc,20,128,32,42,10,5,50,0.47564000000000006,0.03824608690134595,0.47059257799772813,0.03925277165650073,0.47564000000000006,0.03824608690134595,1.0
tops_four_way,within_tops,random_fc,random,fc,30,128,32,42,10,5,50,0.49603500000000006,0.02275793257081933,0.4934033086128508,0.022239268567953,0.49603500000000006,0.022757932570819324,0.1
tops_four_way,within_tops,random_fc,random,fc,50,128,32,42,10,5,50,0.5237149999999999,0.02088959131984645,0.5201802086083256,0.02069570810080544,0.5237149999999999,0.020889591319846443,0.1
tops_four_way,within_tops,random_fc,random,fc,80,128,32,42,10,5,50,0.54632,0.01958276783088558,0.5396276308229637,0.020082198047772577,0.54632,0.01958276783088558,0.1
tops_four_way,within_tops,random_fc,random,fc,110,128,32,42,10,5,50,0.55993,0.017108376036674117,0.555396752725851,0.017061721863824725,0.55993,0.017108376036674106,0.1
tops_four_way,within_tops,random_fc,random,fc,150,128,32,42,10,5,50,0.572855,0.0143150671657238,0.566974199670109,0.014701089036121395,0.572855,0.01431506716572379,0.1
tops_four_way,within_tops,random_fc,random,fc,200,128,32,42,10,5,50,0.58251,0.014729271148683113,0.5771277387489844,0.014807713559298316,0.58251,0.014729271148683118,0.1
tops_four_way,within_tops,fine_fc,fine,fc,10,128,32,42,10,5,50,0.6449750000000001,0.07500445990140879,0.6344306598702413,0.08338680626792017,0.6449750000000001,0.07500445990140879,1.0
tops_four_way,within_tops,fine_fc,fine,fc,20,128,32,42,10,5,50,0.7153300000000001,0.03478309025010484,0.7093592627232926,0.033043438501895714,0.7153300000000001,0.03478309025010485,1.0
tops_four_way,within_tops,fine_fc,fine,fc,30,128,32,42,10,5,50,0.738475,0.022131866512025655,0.7354713520007939,0.022933412549101875,0.738475,0.022131866512025655,0.1
tops_four_way,within_tops,fine_fc,fine,fc,50,128,32,42,10,5,50,0.75897,0.018778762972451353,0.7550441536662446,0.018834961114276884,0.75897,0.018778762972451363,0.1
tops_four_way,within_tops,fine_fc,fine,fc,80,128,32,42,10,5,50,0.7780799999999999,0.014208042419269271,0.7756526350170019,0.014627740018827171,0.7780799999999999,0.014208042419269266,0.1
tops_four_way,within_tops,fine_fc,fine,fc,110,128,32,42,10,5,50,0.787535,0.012421797209678133,0.7855308254279896,0.012439491960683769,0.787535,0.01242179720967813,0.1
tops_four_way,within_tops,fine_fc,fine,fc,150,128,32,42,10,5,50,0.7945749999999999,0.011856739450968937,0.7926009438057426,0.012373988693870339,0.7945749999999999,0.011856739450968937,0.1
tops_four_way,within_tops,fine_fc,fine,fc,200,128,32,42,10,5,50,0.79899,0.00994307265776284,0.7972598682319233,0.010400647554218547,0.79899,0.00994307265776284,0.1
tops_four_way,within_tops,coarse_fc,coarse,fc,10,128,32,42,10,5,50,0.46723,0.041890644808226324,0.4546325263390921,0.043305248787341474,0.46723,0.041890644808226324,1.0
tops_four_way,within_tops,coarse_fc,coarse,fc,20,128,32,42,10,5,50,0.5004149999999999,0.03278499882505997,0.4906502015033391,0.03320783722041149,0.5004149999999999,0.03278499882505997,1.0
tops_four_way,within_tops,coarse_fc,coarse,fc,30,128,32,42,10,5,50,0.51872,0.02809466686263513,0.5168942572132201,0.027468715403643942,0.51872,0.02809466686263514,1.0
tops_four_way,within_tops,coarse_fc,coarse,fc,50,128,32,42,10,5,50,0.545875,0.021683910262812706,0.5402880338570197,0.022601029556071045,0.5458750000000001,0.021683910262812703,1.0
tops_four_way,within_tops,coarse_fc,coarse,fc,80,128,32,42,10,5,50,0.5751550000000001,0.021879125849978184,0.5719391798627117,0.022916193559983346,0.5751550000000001,0.02187912584997819,1.0
tops_four_way,within_tops,coarse_fc,coarse,fc,110,128,32,42,10,5,50,0.5969650000000001,0.014084204678595502,0.5943407148788205,0.014458602816932358,0.596965,0.014084204678595509,1.0
tops_four_way,within_tops,coarse_fc,coarse,fc,150,128,32,42,10,5,50,0.61336,0.015035091605701534,0.6094715464199898,0.0151250134231937,0.61336,0.015035091605701531,1.0
tops_four_way,within_tops,coarse_fc,coarse,fc,200,128,32,42,10,5,50,0.6224099999999999,0.013233264363500249,0.6184594897693847,0.013218063811325691,0.6224099999999999,0.013233264363500247,1.0
tshirt_vs_coat,within_tops,constant,constant,constant,10,0,0,42,10,5,50,0.5,0.0,0.33333333333333326,5.607473066727768e-17,0.5,0.0,
tshirt_vs_coat,within_tops,constant,constant,constant,20,0,0,42,10,5,50,0.5,0.0,0.33333333333333326,5.607473066727768e-17,0.5,0.0,
tshirt_vs_coat,within_tops,constant,constant,constant,30,0,0,42,10,5,50,0.5,0.0,0.33333333333333326,5.607473066727768e-17,0.5,0.0,
tshirt_vs_coat,within_tops,constant,constant,constant,50,0,0,42,10,5,50,0.5,0.0,0.33333333333333326,5.607473066727768e-17,0.5,0.0,
tshirt_vs_coat,within_tops,constant,constant,constant,80,0,0,42,10,5,50,0.5,0.0,0.33333333333333326,5.607473066727768e-17,0.5,0.0,
tshirt_vs_coat,within_tops,constant,constant,constant,110,0,0,42,10,5,50,0.5,0.0,0.33333333333333326,5.607473066727768e-17,0.5,0.0,
tshirt_vs_coat,within_tops,constant,constant,constant,150,0,0,42,10,5,50,0.5,0.0,0.33333333333333326,5.607473066727768e-17,0.5,0.0,
tshirt_vs_coat,within_tops,constant,constant,constant,200,0,0,42,10,5,50,0.5,0.0,0.33333333333333326,5.607473066727768e-17,0.5,0.0,
tshirt_vs_coat,within_tops,pixels,pixels,pixels,10,784,32,42,10,5,50,0.85776,0.07399057027619073,0.8562405582163166,0.07706552737921828,0.85776,0.07399057027619073,1.0
tshirt_vs_coat,within_tops,pixels,pixels,pixels,20,784,32,42,10,5,50,0.9025599999999998,0.03805737344417488,0.9023240766276045,0.038333729816936724,0.9025599999999998,0.0380573734441749,0.1
tshirt_vs_coat,within_tops,pixels,pixels,pixels,30,784,32,42,10,5,50,0.90988,0.03363224885828044,0.9096731577539541,0.03383579623912636,0.90988,0.033632248858280436,1.0
tshirt_vs_coat,within_tops,pixels,pixels,pixels,50,784,32,42,10,5,50,0.92431,0.027552712004002614,0.9242378540368962,0.027626683211298183,0.92431,0.027552712004002614,0.1
tshirt_vs_coat,within_tops,pixels,pixels,pixels,80,784,32,42,10,5,50,0.9357999999999999,0.02133335990644603,0.9357795127597597,0.021346574138763768,0.9358,0.021333359906446008,1.0
tshirt_vs_coat,within_tops,pixels,pixels,pixels,110,784,32,42,10,5,50,0.94025,0.02155871195652676,0.9402332497607077,0.02157304030577984,0.94025,0.021558711956526734,0.1
tshirt_vs_coat,within_tops,pixels,pixels,pixels,150,784,32,42,10,5,50,0.9417399999999999,0.019805750556392474,0.9417323117553172,0.01980844483322938,0.9417399999999999,0.019805750556392464,0.1
tshirt_vs_coat,within_tops,pixels,pixels,pixels,200,784,32,42,10,5,50,0.9455300000000001,0.018521198555125074,0.9455225335029012,0.018525467547626573,0.9455300000000001,0.01852119855512506,0.1
tshirt_vs_coat,within_tops,random_conv1,random,conv1,10,3136,32,42,10,5,50,0.8848999999999999,0.043483517872069784,0.8838081035058475,0.045326171969382316,0.8848999999999999,0.04348351787206979,0.01
tshirt_vs_coat,within_tops,random_conv1,random,conv1,20,3136,32,42,10,5,50,0.9189400000000001,0.024013100166197555,0.9187146446676576,0.02426304899173933,0.9189400000000001,0.02401310016619755,0.01
tshirt_vs_coat,within_tops,random_conv1,random,conv1,30,3136,32,42,10,5,50,0.9252600000000001,0.022546831081922222,0.9250743618082562,0.02279672338432833,0.9252600000000001,0.022546831081922236,1.0
tshirt_vs_coat,within_tops,random_conv1,random,conv1,50,3136,32,42,10,5,50,0.9370499999999999,0.016074206109192957,0.9369671864372681,0.0162099626718977,0.9370499999999999,0.016074206109192957,1.0
tshirt_vs_coat,within_tops,random_conv1,random,conv1,80,3136,32,42,10,5,50,0.94506,0.012477179168385774,0.9450362604954387,0.012494918386788194,0.94506,0.01247717916838577,1.0
tshirt_vs_coat,within_tops,random_conv1,random,conv1,110,3136,32,42,10,5,50,0.9490500000000001,0.009385317451928277,0.9490372886658344,0.009389101272284138,0.9490500000000001,0.009385317451928252,1.0
tshirt_vs_coat,within_tops,random_conv1,random,conv1,150,3136,32,42,10,5,50,0.9520000000000001,0.010177004891982148,0.9519909816859458,0.010177868212089266,0.9520000000000001,0.010177004891982132,1.0
tshirt_vs_coat,within_tops,random_conv1,random,conv1,200,3136,32,42,10,5,50,0.9554300000000001,0.008821940413143887,0.9554224373273624,0.008823597335661394,0.9554300000000001,0.008821940413143879,1.0
tshirt_vs_coat,within_tops,fine_conv1,fine,conv1,10,3136,32,42,10,5,50,0.87041,0.05016978214838417,0.8690838748364921,0.0528462781390419,0.87041,0.050169782148384176,0.01
tshirt_vs_coat,within_tops,fine_conv1,fine,conv1,20,3136,32,42,10,5,50,0.9105199999999999,0.026926384905546313,0.9103547551723672,0.02713654879526099,0.9105200000000001,0.026926384905546313,0.01
tshirt_vs_coat,within_tops,fine_conv1,fine,conv1,30,3136,32,42,10,5,50,0.91342,0.02703198407933288,0.9132713604601634,0.02717741746473094,0.91342,0.02703198407933288,1.0
tshirt_vs_coat,within_tops,fine_conv1,fine,conv1,50,3136,32,42,10,5,50,0.92286,0.022554252053976105,0.9227756192825197,0.022630894187331625,0.92286,0.022554252053976105,1.0
tshirt_vs_coat,within_tops,fine_conv1,fine,conv1,80,3136,32,42,10,5,50,0.9322,0.018054339746262367,0.9321719097060882,0.01806917684631074,0.9322,0.01805433974626237,1.0
tshirt_vs_coat,within_tops,fine_conv1,fine,conv1,110,3136,32,42,10,5,50,0.93565,0.01628422612248316,0.9356342700915761,0.016289929007735696,0.93565,0.016284226122483154,1.0
tshirt_vs_coat,within_tops,fine_conv1,fine,conv1,150,3136,32,42,10,5,50,0.9383600000000001,0.015918170851743796,0.9383457639403252,0.015926745112495335,0.9383600000000001,0.01591817085174379,1.0
tshirt_vs_coat,within_tops,fine_conv1,fine,conv1,200,3136,32,42,10,5,50,0.94168,0.013401477225915599,0.9416672338465537,0.01340931533912734,0.94168,0.013401477225915587,1.0
tshirt_vs_coat,within_tops,coarse_conv1,coarse,conv1,10,3136,32,42,10,5,50,0.85346,0.06048096681550962,0.8516147893103966,0.06545158082946752,0.85346,0.06048096681550962,0.01
tshirt_vs_coat,within_tops,coarse_conv1,coarse,conv1,20,3136,32,42,10,5,50,0.9005300000000002,0.025001512199163037,0.9003680078753804,0.02515525837204334,0.9005300000000002,0.025001512199163037,1.0
tshirt_vs_coat,within_tops,coarse_conv1,coarse,conv1,30,3136,32,42,10,5,50,0.9077299999999999,0.02277960285260587,0.9076162456818081,0.02284427753432501,0.9077300000000001,0.02277960285260586,0.1
tshirt_vs_coat,within_tops,coarse_conv1,coarse,conv1,50,3136,32,42,10,5,50,0.9167100000000002,0.02024873137875506,0.9166271767567993,0.020313541764170186,0.9167100000000002,0.020248731378755047,1.0
tshirt_vs_coat,within_tops,coarse_conv1,coarse,conv1,80,3136,32,42,10,5,50,0.9262999999999999,0.014776912494061222,0.9262783039258841,0.01478653700255948,0.9263000000000001,0.014776912494061219,0.1
tshirt_vs_coat,within_tops,coarse_conv1,coarse,conv1,110,3136,32,42,10,5,50,0.92789,0.013172826854815127,0.9278769928338383,0.013177004337299441,0.92789,0.013172826854815118,0.1
tshirt_vs_coat,within_tops,coarse_conv1,coarse,conv1,150,3136,32,42,10,5,50,0.93125,0.014553998679092297,0.931234960934496,0.014563233169333431,0.93125,0.014553998679092284,0.1
tshirt_vs_coat,within_tops,coarse_conv1,coarse,conv1,200,3136,32,42,10,5,50,0.93376,0.013943486519752886,0.9337498758282756,0.013949832743380491,0.9337599999999999,0.013943486519752864,0.1
tshirt_vs_coat,within_tops,random_conv2,random,conv2,10,1568,32,42,10,5,50,0.8610799999999998,0.05879099611751611,0.8598068304430754,0.06060413390772576,0.8610799999999998,0.05879099611751613,1.0
tshirt_vs_coat,within_tops,random_conv2,random,conv2,20,1568,32,42,10,5,50,0.91137,0.01841744126791621,0.9111721522143429,0.018539563448466346,0.91137,0.018417441267916203,0.1
tshirt_vs_coat,within_tops,random_conv2,random,conv2,30,1568,32,42,10,5,50,0.9140999999999999,0.017207319277990234,0.9139126474770483,0.017359083078576705,0.9140999999999999,0.017207319277990216,1.0
tshirt_vs_coat,within_tops,random_conv2,random,conv2,50,1568,32,42,10,5,50,0.92562,0.015230058892780125,0.9255261237761258,0.015343157935722749,0.92562,0.015230058892780127,1.0
tshirt_vs_coat,within_tops,random_conv2,random,conv2,80,1568,32,42,10,5,50,0.9351299999999999,0.01090862325064394,0.9350854232201126,0.010932329133763923,0.9351299999999999,0.010908623250643953,1.0
tshirt_vs_coat,within_tops,random_conv2,random,conv2,110,1568,32,42,10,5,50,0.94134,0.00895136519060137,0.9413177589640425,0.008957863169317893,0.94134,0.008951365190601367,1.0
tshirt_vs_coat,within_tops,random_conv2,random,conv2,150,1568,32,42,10,5,50,0.9430400000000002,0.009812445242275378,0.9430276133959243,0.009812957072392756,0.9430400000000002,0.009812445242275373,1.0
tshirt_vs_coat,within_tops,random_conv2,random,conv2,200,1568,32,42,10,5,50,0.94638,0.008048678431257877,0.9463691994183328,0.00805031306391234,0.94638,0.008048678431257872,1.0
tshirt_vs_coat,within_tops,fine_conv2,fine,conv2,10,1568,32,42,10,5,50,0.8826900000000001,0.04050974813396833,0.8822074250842697,0.040983477577611685,0.8826900000000001,0.04050974813396834,1.0
tshirt_vs_coat,within_tops,fine_conv2,fine,conv2,20,1568,32,42,10,5,50,0.9145599999999999,0.020907629698075216,0.9144434874223769,0.020965076460074287,0.9145599999999999,0.02090762969807522,1.0
tshirt_vs_coat,within_tops,fine_conv2,fine,conv2,30,1568,32,42,10,5,50,0.92447,0.016511409166181466,0.9243658302311637,0.016579071956581013,0.92447,0.01651140916618147,0.1
tshirt_vs_coat,within_tops,fine_conv2,fine,conv2,50,1568,32,42,10,5,50,0.9352800000000001,0.011408983213204556,0.9352021965706289,0.011488434405083405,0.9352800000000001,0.01140898321320457,0.1
tshirt_vs_coat,within_tops,fine_conv2,fine,conv2,80,1568,32,42,10,5,50,0.9426600000000002,0.009426103573132876,0.9426291087397248,0.00943800238366247,0.9426600000000002,0.009426103573132876,0.1
tshirt_vs_coat,within_tops,fine_conv2,fine,conv2,110,1568,32,42,10,5,50,0.9464,0.008057826718698494,0.9463805351978154,0.00806100970341098,0.9464,0.008057826718698506,0.1
tshirt_vs_coat,within_tops,fine_conv2,fine,conv2,150,1568,32,42,10,5,50,0.94711,0.006621925547692573,0.9470940494439091,0.0066248951533397936,0.94711,0.006621925547692567,0.1
tshirt_vs_coat,within_tops,fine_conv2,fine,conv2,200,1568,32,42,10,5,50,0.9497699999999999,0.006209941009940343,0.9497529221717919,0.006211057510530533,0.94977,0.006209941009940318,0.1
tshirt_vs_coat,within_tops,coarse_conv2,coarse,conv2,10,1568,32,42,10,5,50,0.8777499999999999,0.04664818936924103,0.8770904921823565,0.047252263599192,0.8777499999999999,0.04664818936924102,0.01
tshirt_vs_coat,within_tops,coarse_conv2,coarse,conv2,20,1568,32,42,10,5,50,0.9094399999999999,0.026591896878407094,0.9092697727279975,0.026715225126812486,0.9094399999999999,0.02659189687840708,1.0
tshirt_vs_coat,within_tops,coarse_conv2,coarse,conv2,30,1568,32,42,10,5,50,0.9196400000000001,0.021261981016233982,0.9195165146670218,0.02139309178776409,0.91964,0.02126198101623396,1.0
tshirt_vs_coat,within_tops,coarse_conv2,coarse,conv2,50,1568,32,42,10,5,50,0.92852,0.01542988089681174,0.9284474479750991,0.015498567284845912,0.92852,0.015429880896811738,0.1
tshirt_vs_coat,within_tops,coarse_conv2,coarse,conv2,80,1568,32,42,10,5,50,0.9335400000000001,0.013180009600194692,0.9334999000736345,0.01322271514039428,0.9335400000000001,0.013180009600194697,0.1
tshirt_vs_coat,within_tops,coarse_conv2,coarse,conv2,110,1568,32,42,10,5,50,0.9361,0.01146378503579592,0.9360713979787504,0.01148193340651036,0.9361,0.011463785035795933,0.1
tshirt_vs_coat,within_tops,coarse_conv2,coarse,conv2,150,1568,32,42,10,5,50,0.9407599999999998,0.00979860464868464,0.9407433960164678,0.009806699056205273,0.9407599999999998,0.009798604648684638,0.1
tshirt_vs_coat,within_tops,coarse_conv2,coarse,conv2,200,1568,32,42,10,5,50,0.9441499999999999,0.009066224604069131,0.9441341349506956,0.009073264793239734,0.9441499999999999,0.009066224604069124,0.1
tshirt_vs_coat,within_tops,random_fc,random,fc,10,128,32,42,10,5,50,0.8706200000000002,0.045784495192149936,0.8696834979114304,0.04720000866224553,0.8706200000000002,0.04578449519214994,0.1
tshirt_vs_coat,within_tops,random_fc,random,fc,20,128,32,42,10,5,50,0.9109999999999999,0.022551528297909847,0.9108455835558539,0.022626523137413108,0.9109999999999999,0.02255152829790986,0.1
tshirt_vs_coat,within_tops,random_fc,random,fc,30,128,32,42,10,5,50,0.91502,0.017679966755901888,0.914818180165434,0.017860598598258587,0.91502,0.017679966755901888,1.0
tshirt_vs_coat,within_tops,random_fc,random,fc,50,128,32,42,10,5,50,0.9285900000000001,0.013968510504498526,0.9284800950900918,0.014132544547897018,0.9285900000000001,0.013968510504498537,1.0
tshirt_vs_coat,within_tops,random_fc,random,fc,80,128,32,42,10,5,50,0.9371799999999999,0.009859606317429385,0.9371500110088121,0.00988012572048066,0.9371799999999999,0.009859606317429397,1.0
tshirt_vs_coat,within_tops,random_fc,random,fc,110,128,32,42,10,5,50,0.94033,0.009907021834671246,0.9403051854691329,0.00992478431356864,0.94033,0.00990702183467124,1.0
tshirt_vs_coat,within_tops,random_fc,random,fc,150,128,32,42,10,5,50,0.94364,0.00904977167374617,0.9436262815166476,0.009056465677732882,0.94364,0.009049771673746166,1.0
tshirt_vs_coat,within_tops,random_fc,random,fc,200,128,32,42,10,5,50,0.9465500000000001,0.007430803236171303,0.9465387983924031,0.007435140180883677,0.9465500000000001,0.007430803236171285,1.0
tshirt_vs_coat,within_tops,fine_fc,fine,fc,10,128,32,42,10,5,50,0.9705400000000001,0.00924653272026542,0.9705267989701416,0.00926385482562986,0.9705400000000001,0.009246532720265405,1.0
tshirt_vs_coat,within_tops,fine_fc,fine,fc,20,128,32,42,10,5,50,0.9739799999999998,0.00739619317415303,0.97397329232838,0.0074027075236637666,0.9739799999999998,0.007396193174153031,0.1
tshirt_vs_coat,within_tops,fine_fc,fine,fc,30,128,32,42,10,5,50,0.9775399999999999,0.006965542011229575,0.9775343069441612,0.006974427073929959,0.9775399999999999,0.00696554201122957,0.01
tshirt_vs_coat,within_tops,fine_fc,fine,fc,50,128,32,42,10,5,50,0.9791300000000001,0.006051488263566389,0.9791254764423232,0.006059320424839254,0.97913,0.006051488263566378,0.1
tshirt_vs_coat,within_tops,fine_fc,fine,fc,80,128,32,42,10,5,50,0.9815400000000001,0.0035367458812546057,0.9815383015167051,0.0035385183042328737,0.98154,0.003536745881254616,0.1
tshirt_vs_coat,within_tops,fine_fc,fine,fc,110,128,32,42,10,5,50,0.9819199999999999,0.002810984285452558,0.9819186922380464,0.0028119014238361787,0.9819199999999999,0.0028109842854525573,0.01
tshirt_vs_coat,within_tops,fine_fc,fine,fc,150,128,32,42,10,5,50,0.9821700000000001,0.0034752917951194505,0.9821690492259624,0.00347571704338496,0.9821700000000001,0.0034752917951194496,0.01
tshirt_vs_coat,within_tops,fine_fc,fine,fc,200,128,32,42,10,5,50,0.98356,0.002558778407517057,0.9835592182967237,0.0025591325586522343,0.98356,0.0025587784075170477,0.01
tshirt_vs_coat,within_tops,coarse_fc,coarse,fc,10,128,32,42,10,5,50,0.9288100000000001,0.02671254577985438,0.9284594223565709,0.027397512441153973,0.9288100000000001,0.026712545779854373,1.0
tshirt_vs_coat,within_tops,coarse_fc,coarse,fc,20,128,32,42,10,5,50,0.9362600000000001,0.01451467940973368,0.9361529075499476,0.014587335764346251,0.9362600000000001,0.014514679409733692,1.0
tshirt_vs_coat,within_tops,coarse_fc,coarse,fc,30,128,32,42,10,5,50,0.9421700000000002,0.012690029028126519,0.9421007218341003,0.012769485107798365,0.9421700000000002,0.012690029028126524,0.1
tshirt_vs_coat,within_tops,coarse_fc,coarse,fc,50,128,32,42,10,5,50,0.94528,0.012868312608409647,0.9452158225044491,0.012942743926154002,0.94528,0.012868312608409664,1.0
tshirt_vs_coat,within_tops,coarse_fc,coarse,fc,80,128,32,42,10,5,50,0.9507599999999999,0.007473927470663243,0.9507323743595838,0.007490855931067489,0.9507599999999999,0.007473927470663235,1.0
tshirt_vs_coat,within_tops,coarse_fc,coarse,fc,110,128,32,42,10,5,50,0.95244,0.00721721298461575,0.9524167808206968,0.0072392524680029505,0.95244,0.007217212984615733,1.0
tshirt_vs_coat,within_tops,coarse_fc,coarse,fc,150,128,32,42,10,5,50,0.9551200000000003,0.006559430039948566,0.955103068591424,0.006572813948560725,0.9551200000000003,0.006559430039948546,1.0
tshirt_vs_coat,within_tops,coarse_fc,coarse,fc,200,128,32,42,10,5,50,0.9556,0.005635166549518871,0.9555813459757359,0.005649809649103892,0.9556,0.005635166549518859,1.0
tshirt_vs_non_tops,cross_pooled,constant,constant,constant,10,0,0,42,10,5,50,0.857142857142857,1.1214946133455537e-16,0.4615384615384615,5.607473066727768e-17,0.5,0.0,
tshirt_vs_non_tops,cross_pooled,constant,constant,constant,20,0,0,42,10,5,50,0.857142857142857,1.1214946133455537e-16,0.4615384615384615,5.607473066727768e-17,0.5,0.0,
tshirt_vs_non_tops,cross_pooled,constant,constant,constant,30,0,0,42,10,5,50,0.857142857142857,1.1214946133455537e-16,0.4615384615384615,5.607473066727768e-17,0.5,0.0,
tshirt_vs_non_tops,cross_pooled,constant,constant,constant,50,0,0,42,10,5,50,0.857142857142857,1.1214946133455537e-16,0.4615384615384615,5.607473066727768e-17,0.5,0.0,
tshirt_vs_non_tops,cross_pooled,constant,constant,constant,80,0,0,42,10,5,50,0.857142857142857,1.1214946133455537e-16,0.4615384615384615,5.607473066727768e-17,0.5,0.0,
tshirt_vs_non_tops,cross_pooled,constant,constant,constant,110,0,0,42,10,5,50,0.857142857142857,1.1214946133455537e-16,0.4615384615384615,5.607473066727768e-17,0.5,0.0,
tshirt_vs_non_tops,cross_pooled,constant,constant,constant,150,0,0,42,10,5,50,0.857142857142857,1.1214946133455537e-16,0.4615384615384615,5.607473066727768e-17,0.5,0.0,
tshirt_vs_non_tops,cross_pooled,constant,constant,constant,200,0,0,42,10,5,50,0.857142857142857,1.1214946133455537e-16,0.4615384615384615,5.607473066727768e-17,0.5,0.0,
tshirt_vs_non_tops,cross_pooled,pixels,pixels,pixels,10,784,32,42,10,5,50,0.7897,0.10631665608893334,0.7036455783112244,0.0899090870265702,0.8012416666666665,0.05587654244879284,1.0
tshirt_vs_non_tops,cross_pooled,pixels,pixels,pixels,20,784,32,42,10,5,50,0.8387657142857143,0.05477750049609557,0.7533317601743077,0.057103645161106185,0.8415966666666667,0.038733084084811645,1.0
tshirt_vs_non_tops,cross_pooled,pixels,pixels,pixels,30,784,32,42,10,5,50,0.8675399999999999,0.036553729887382445,0.7854329336534355,0.045577947275470744,0.8605483333333332,0.02993669667520332,0.1
tshirt_vs_non_tops,cross_pooled,pixels,pixels,pixels,50,784,32,42,10,5,50,0.8787942857142858,0.03454684522189408,0.80087204934505,0.04262633453970142,0.8727216666666666,0.02175430086233687,0.1
tshirt_vs_non_tops,cross_pooled,pixels,pixels,pixels,80,784,32,42,10,5,50,0.8846542857142856,0.027919189181124966,0.8103677965553371,0.03598258237661523,0.8867733333333334,0.018698815549329475,0.1
tshirt_vs_non_tops,cross_pooled,pixels,pixels,pixels,110,784,32,42,10,5,50,0.8931171428571427,0.02411826494326211,0.8206814737656716,0.03225695411631417,0.8913016666666668,0.017105555399056883,0.1
tshirt_vs_non_tops,cross_pooled,pixels,pixels,pixels,150,784,32,42,10,5,50,0.8948542857142856,0.02207069950771121,0.8237090492133919,0.02999634306746143,0.8960733333333334,0.01611914116875153,0.1
tshirt_vs_non_tops,cross_pooled,pixels,pixels,pixels,200,784,32,42,10,5,50,0.8968914285714286,0.02115749946055945,0.8265734537665064,0.028925638970892998,0.8982783333333333,0.015547187061015382,0.1
tshirt_vs_non_tops,cross_pooled,random_conv1,random,conv1,10,3136,32,42,10,5,50,0.8316142857142859,0.0734104993585838,0.7468042545378311,0.0696256569511896,0.8329583333333334,0.042397158652336404,1.0
tshirt_vs_non_tops,cross_pooled,random_conv1,random,conv1,20,3136,32,42,10,5,50,0.8722857142857143,0.03492109270247989,0.7913298523865927,0.04107328648123261,0.8651416666666668,0.02878498684535178,1.0
tshirt_vs_non_tops,cross_pooled,random_conv1,random,conv1,30,3136,32,42,10,5,50,0.8878457142857143,0.02076128858493106,0.8110156919990485,0.025925253378561462,0.8793933333333332,0.01847117353339198,0.1
tshirt_vs_non_tops,cross_pooled,random_conv1,random,conv1,50,3136,32,42,10,5,50,0.8996428571428572,0.02278134754395287,0.8281837420890353,0.029000111909650385,0.890675,0.013554325584974424,0.1
tshirt_vs_non_tops,cross_pooled,random_conv1,random,conv1,80,3136,32,42,10,5,50,0.9034685714285715,0.015671158418065274,0.8342369350022332,0.02123125644664024,0.8995066666666668,0.0125911285941482,0.1
tshirt_vs_non_tops,cross_pooled,random_conv1,random,conv1,110,3136,32,42,10,5,50,0.9093028571428572,0.011989466430557394,0.8424216827346319,0.016780933933587965,0.90496,0.011010820281219118,0.1
tshirt_vs_non_tops,cross_pooled,random_conv1,random,conv1,150,3136,32,42,10,5,50,0.90916,0.011098087531438774,0.8428129640381367,0.015644177892534274,0.9075016666666668,0.01052046232591611,0.1
tshirt_vs_non_tops,cross_pooled,random_conv1,random,conv1,200,3136,32,42,10,5,50,0.9114742857142858,0.010580267363164864,0.8465597667630085,0.014834891285074848,0.91116,0.009215851964828952,0.1
tshirt_vs_non_tops,cross_pooled,fine_conv1,fine,conv1,10,3136,32,42,10,5,50,0.8323428571428572,0.07301182345356808,0.7488243144894784,0.06776466793321095,0.8386583333333332,0.0391408159371036,0.01
tshirt_vs_non_tops,cross_pooled,fine_conv1,fine,conv1,20,3136,32,42,10,5,50,0.8706114285714286,0.021161347206093535,0.7899454007088801,0.02584308451981445,0.8713900000000001,0.023729594647433808,0.1
tshirt_vs_non_tops,cross_pooled,fine_conv1,fine,conv1,30,3136,32,42,10,5,50,0.8807914285714286,0.019273437621528156,0.8038465083574962,0.02353627349815826,0.8824366666666669,0.01780460175172179,0.1
tshirt_vs_non_tops,cross_pooled,fine_conv1,fine,conv1,50,3136,32,42,10,5,50,0.892,0.01954927349359682,0.819243473253225,0.02387146527081165,0.892475,0.01356678335288869,0.1
tshirt_vs_non_tops,cross_pooled,fine_conv1,fine,conv1,80,3136,32,42,10,5,50,0.8951714285714286,0.016610038463509558,0.8243367234610026,0.021171266411471854,0.8989416666666667,0.011725389747860377,0.1
tshirt_vs_non_tops,cross_pooled,fine_conv1,fine,conv1,110,3136,32,42,10,5,50,0.9017628571428573,0.0164173902881483,0.8332327092786798,0.02151234499496239,0.9035366666666667,0.011586974663794271,0.1
tshirt_vs_non_tops,cross_pooled,fine_conv1,fine,conv1,150,3136,32,42,10,5,50,0.9017257142857145,0.015597868263879613,0.8338157806580853,0.020530821852784754,0.906415,0.011736748811989503,0.1
tshirt_vs_non_tops,cross_pooled,fine_conv1,fine,conv1,200,3136,32,42,10,5,50,0.9048599999999999,0.012903979801229435,0.8383920467512758,0.017361872493322394,0.9105516666666668,0.010769196460443468,0.1
tshirt_vs_non_tops,cross_pooled,coarse_conv1,coarse,conv1,10,3136,32,42,10,5,50,0.8274228571428572,0.07100047198486878,0.7446483028733855,0.06539866868708673,0.8397633333333333,0.03531085779196727,0.01
tshirt_vs_non_tops,cross_pooled,coarse_conv1,coarse,conv1,20,3136,32,42,10,5,50,0.8623085714285713,0.029483536656540927,0.7818613753900948,0.03276211710853408,0.8698383333333334,0.021596113609070343,0.1
tshirt_vs_non_tops,cross_pooled,coarse_conv1,coarse,conv1,30,3136,32,42,10,5,50,0.8752857142857141,0.021650916433813835,0.7977802586525226,0.02467144453592635,0.8808583333333333,0.014720797699874659,0.1
tshirt_vs_non_tops,cross_pooled,coarse_conv1,coarse,conv1,50,3136,32,42,10,5,50,0.8878314285714285,0.02167177229221723,0.8141760109167063,0.025602465426416126,0.8902433333333333,0.010468867028993554,0.1
tshirt_vs_non_tops,cross_pooled,coarse_conv1,coarse,conv1,80,3136,32,42,10,5,50,0.889362857142857,0.01850137516417174,0.8171173327466993,0.022326467499804777,0.89607,0.009796474214199642,0.1
tshirt_vs_non_tops,cross_pooled,coarse_conv1,coarse,conv1,110,3136,32,42,10,5,50,0.8964542857142859,0.017318528716415014,0.8262829026713265,0.021424603690939167,0.9003983333333333,0.008596067266429442,0.1
tshirt_vs_non_tops,cross_pooled,coarse_conv1,coarse,conv1,150,3136,32,42,10,5,50,0.89446,0.016230592870859917,0.8243987008624584,0.020129737437391236,0.90251,0.008897559475825404,0.1
tshirt_vs_non_tops,cross_pooled,coarse_conv1,coarse,conv1,200,3136,32,42,10,5,50,0.8968428571428572,0.013725555682758347,0.8275756804004628,0.017410024227002423,0.9048416666666667,0.007873868381423572,0.1
tshirt_vs_non_tops,cross_pooled,random_conv2,random,conv2,10,1568,32,42,10,5,50,0.829077142857143,0.08449593396810794,0.7468628339618357,0.07799366847770225,0.8378950000000001,0.052771358450164396,1.0
tshirt_vs_non_tops,cross_pooled,random_conv2,random,conv2,20,1568,32,42,10,5,50,0.868742857142857,0.03556569672929334,0.7901601902298926,0.041546666544983825,0.8732083333333333,0.027319066969207186,1.0
tshirt_vs_non_tops,cross_pooled,random_conv2,random,conv2,30,1568,32,42,10,5,50,0.8850057142857142,0.025975158093535705,0.8104036334197129,0.032428277686872994,0.8868533333333335,0.02425796477191117,0.1
tshirt_vs_non_tops,cross_pooled,random_conv2,random,conv2,50,1568,32,42,10,5,50,0.9000228571428572,0.022452418289508672,0.8306404971881248,0.028672500399442476,0.8989800000000001,0.016227728152693858,0.1
tshirt_vs_non_tops,cross_pooled,random_conv2,random,conv2,80,1568,32,42,10,5,50,0.9039514285714286,0.01576035150993735,0.8366830712833098,0.021059088190526324,0.9070716666666666,0.012732831689552287,0.1
tshirt_vs_non_tops,cross_pooled,random_conv2,random,conv2,110,1568,32,42,10,5,50,0.9120199999999999,0.015156603310329976,0.8482999889141597,0.02031238322432306,0.9141616666666669,0.011037523738235357,0.1
tshirt_vs_non_tops,cross_pooled,random_conv2,random,conv2,150,1568,32,42,10,5,50,0.9122828571428573,0.014042729164909522,0.8488897634516843,0.01873611643445506,0.9155900000000001,0.010068006285600613,0.1
tshirt_vs_non_tops,cross_pooled,random_conv2,random,conv2,200,1568,32,42,10,5,50,0.9158485714285715,0.011046168305604223,0.8540072926481815,0.015169150795663843,0.9191950000000001,0.009215494721962642,0.1
tshirt_vs_non_tops,cross_pooled,fine_conv2,fine,conv2,10,1568,32,42,10,5,50,0.8496742857142857,0.06845745533057272,0.7745677507706542,0.07181271898990528,0.8675266666666666,0.03695211416815821,0.01
tshirt_vs_non_tops,cross_pooled,fine_conv2,fine,conv2,20,1568,32,42,10,5,50,0.8804085714285715,0.034506722208158515,0.807662387846735,0.042553663440016126,0.8912049999999999,0.02486510779387265,0.01
tshirt_vs_non_tops,cross_pooled,fine_conv2,fine,conv2,30,1568,32,42,10,5,50,0.8909542857142857,0.025991387417919256,0.8198958429007458,0.0333965788070457,0.8970400000000001,0.019422240448421023,0.01
tshirt_vs_non_tops,cross_pooled,fine_conv2,fine,conv2,50,1568,32,42,10,5,50,0.8969942857142857,0.026429807866436082,0.8285530210065091,0.033379348723122065,0.9032633333333332,0.017463602901573755,0.1
tshirt_vs_non_tops,cross_pooled,fine_conv2,fine,conv2,80,1568,32,42,10,5,50,0.9063171428571429,0.018190126663613894,0.8405738498504405,0.023892854421401474,0.9102516666666667,0.012182992610886545,0.1
tshirt_vs_non_tops,cross_pooled,fine_conv2,fine,conv2,110,1568,32,42,10,5,50,0.9102371428571427,0.016874592194310402,0.8461855520433846,0.022887720615203597,0.9140133333333332,0.011493261360003205,0.1
tshirt_vs_non_tops,cross_pooled,fine_conv2,fine,conv2,150,1568,32,42,10,5,50,0.9104742857142857,0.014480808940520036,0.8467554921954226,0.019823219208536618,0.9160849999999998,0.010195266036081911,0.1
tshirt_vs_non_tops,cross_pooled,fine_conv2,fine,conv2,200,1568,32,42,10,5,50,0.9145971428571429,0.013650534832299796,0.8525302931839485,0.019006832130242988,0.9189233333333333,0.009837480965472397,0.1
tshirt_vs_non_tops,cross_pooled,coarse_conv2,coarse,conv2,10,1568,32,42,10,5,50,0.8477057142857143,0.05913440884153574,0.7698852235690604,0.05893455335815239,0.8637199999999998,0.026563601637819928,0.01
tshirt_vs_non_tops,cross_pooled,coarse_conv2,coarse,conv2,20,1568,32,42,10,5,50,0.8817571428571429,0.02592743293165862,0.8079600179249306,0.030296850097613008,0.8910916666666666,0.018600452366308,0.1
tshirt_vs_non_tops,cross_pooled,coarse_conv2,coarse,conv2,30,1568,32,42,10,5,50,0.8947285714285715,0.015877032938402365,0.8235099176120886,0.02052765333017346,0.8982666666666665,0.017221372775481896,0.1
tshirt_vs_non_tops,cross_pooled,coarse_conv2,coarse,conv2,50,1568,32,42,10,5,50,0.9068971428571428,0.02131421458652026,0.8407711050722909,0.027504614924140157,0.9071733333333333,0.017980501217604628,0.1
tshirt_vs_non_tops,cross_pooled,coarse_conv2,coarse,conv2,80,1568,32,42,10,5,50,0.9089428571428573,0.01668227229964642,0.8447978307871107,0.02308002768970442,0.9152916666666665,0.014089347325191704,0.1
tshirt_vs_non_tops,cross_pooled,coarse_conv2,coarse,conv2,110,1568,32,42,10,5,50,0.9142571428571428,0.012963505626724232,0.85166180949046,0.019086727648078703,0.9175749999999999,0.013859773621164664,0.1
tshirt_vs_non_tops,cross_pooled,coarse_conv2,coarse,conv2,150,1568,32,42,10,5,50,0.9141542857142855,0.015171238050117875,0.8522724237235741,0.02200316688844159,0.9200233333333334,0.014133805825756249,0.1
tshirt_vs_non_tops,cross_pooled,coarse_conv2,coarse,conv2,200,1568,32,42,10,5,50,0.9168514285714285,0.014289794169595754,0.855993160193217,0.02086360614960836,0.92163,0.013454426308898771,0.1
tshirt_vs_non_tops,cross_pooled,random_fc,random,fc,10,128,32,42,10,5,50,0.7890828571428572,0.09372983538242413,0.7052546704002606,0.08680469955633086,0.8067650000000001,0.0556231618718436,0.1
tshirt_vs_non_tops,cross_pooled,random_fc,random,fc,20,128,32,42,10,5,50,0.8554314285714287,0.05255230424427417,0.7753100507407125,0.05829970173920367,0.8616849999999999,0.0428366230307168,1.0
tshirt_vs_non_tops,cross_pooled,random_fc,random,fc,30,128,32,42,10,5,50,0.8782657142857144,0.036398804622210665,0.8013692956234314,0.04215982492204026,0.8759883333333335,0.022880060497458207,0.1
tshirt_vs_non_tops,cross_pooled,random_fc,random,fc,50,128,32,42,10,5,50,0.8995285714285712,0.032078857568089966,0.8298245681603982,0.039518814788064516,0.8932666666666669,0.01928639034676292,0.1
tshirt_vs_non_tops,cross_pooled,random_fc,random,fc,80,128,32,42,10,5,50,0.9042342857142858,0.021251312721292676,0.8368722814629496,0.02810407236459599,0.9042116666666666,0.01348301621264606,0.1
tshirt_vs_non_tops,cross_pooled,random_fc,random,fc,110,128,32,42,10,5,50,0.91506,0.016666588393541036,0.8521620932257874,0.023199989061143934,0.9135683333333333,0.01125361733227253,0.1
tshirt_vs_non_tops,cross_pooled,random_fc,random,fc,150,128,32,42,10,5,50,0.9152657142857143,0.017045300888583356,0.8528751060258452,0.023617735039851328,0.9154466666666665,0.01150756135130151,0.1
tshirt_vs_non_tops,cross_pooled,random_fc,random,fc,200,128,32,42,10,5,50,0.9187857142857141,0.014680953783672707,0.857988115779757,0.020421987077606816,0.9188083333333332,0.00934684168831832,0.1
tshirt_vs_non_tops,cross_pooled,fine_fc,fine,fc,10,128,32,42,10,5,50,0.91876,0.04232701709912698,0.8653052524554816,0.05441553407471494,0.933785,0.0218205491080927,1.0
tshirt_vs_non_tops,cross_pooled,fine_fc,fine,fc,20,128,32,42,10,5,50,0.9399228571428573,0.024723648945079224,0.8942991065751995,0.036424158602559854,0.947855,0.010673464697063272,1.0
tshirt_vs_non_tops,cross_pooled,fine_fc,fine,fc,30,128,32,42,10,5,50,0.9480085714285713,0.017585476619122367,0.9061068527942032,0.026931040668217648,0.9532466666666666,0.009105422495461792,1.0
tshirt_vs_non_tops,cross_pooled,fine_fc,fine,fc,50,128,32,42,10,5,50,0.9599257142857144,0.01465738779852052,0.9253499783368458,0.023496752739309623,0.9601483333333334,0.008259868179069253,1.0
tshirt_vs_non_tops,cross_pooled,fine_fc,fine,fc,80,128,32,42,10,5,50,0.9636971428571428,0.012848187357263554,0.9317323811182011,0.02107804760091112,0.96344,0.007047318204647145,1.0
tshirt_vs_non_tops,cross_pooled,fine_fc,fine,fc,110,128,32,42,10,5,50,0.9688285714285714,0.008691194373721935,0.940393658639643,0.01477464097404237,0.9670916666666666,0.004475945092058235,1.0
tshirt_vs_non_tops,cross_pooled,fine_fc,fine,fc,150,128,32,42,10,5,50,0.9708171428571428,0.006490761062875727,0.9437867962131881,0.011246519676111786,0.9685100000000001,0.0032968943676823046,1.0
tshirt_vs_non_tops,cross_pooled,fine_fc,fine,fc,200,128,32,42,10,5,50,0.9719857142857145,0.005925699188321212,0.9458762432525066,0.010384956288664414,0.9695916666666667,0.0032340332540707435,1.0
tshirt_vs_non_tops,cross_pooled,coarse_fc,coarse,fc,10,128,32,42,10,5,50,0.9635971428571429,0.018012853247957268,0.9327063692486661,0.028682847496858548,0.967065,0.00861475968713697,0.01
tshirt_vs_non_tops,cross_pooled,coarse_fc,coarse,fc,20,128,32,42,10,5,50,0.9684085714285713,0.01069551358415393,0.9404698909996086,0.01797624543234731,0.9728133333333333,0.004312303760036032,0.01
tshirt_vs_non_tops,cross_pooled,coarse_fc,coarse,fc,30,128,32,42,10,5,50,0.9708885714285713,0.008965772761795826,0.9446329257615538,0.015274788511293418,0.9737100000000001,0.0032895181569973756,0.01
tshirt_vs_non_tops,cross_pooled,coarse_fc,coarse,fc,50,128,32,42,10,5,50,0.9725542857142857,0.007327220705377046,0.9474668094666546,0.012702969202427177,0.9746233333333335,0.002879340359705585,1.0
tshirt_vs_non_tops,cross_pooled,coarse_fc,coarse,fc,80,128,32,42,10,5,50,0.9743142857142856,0.006244431088323933,0.9505469287075466,0.010933948679512579,0.9759083333333333,0.002693437582174549,1.0
tshirt_vs_non_tops,cross_pooled,coarse_fc,coarse,fc,110,128,32,42,10,5,50,0.9753400000000001,0.0063011267445377455,0.9523887981007876,0.011009961865059545,0.9762733333333334,0.002796075562060663,1.0
tshirt_vs_non_tops,cross_pooled,coarse_fc,coarse,fc,150,128,32,42,10,5,50,0.9743657142857142,0.005576036070458894,0.9506391106121197,0.009794883475733783,0.9765550000000001,0.0027843713694301817,1.0
tshirt_vs_non_tops,cross_pooled,coarse_fc,coarse,fc,200,128,32,42,10,5,50,0.9748714285714284,0.004871634187670045,0.9515259544160888,0.008611084177884908,0.9768666666666667,0.002144840352113512,1.0
tshirt_vs_pullover,within_tops,constant,constant,constant,10,0,0,42,10,5,50,0.5,0.0,0.33333333333333326,5.607473066727768e-17,0.5,0.0,
tshirt_vs_pullover,within_tops,constant,constant,constant,20,0,0,42,10,5,50,0.5,0.0,0.33333333333333326,5.607473066727768e-17,0.5,0.0,
tshirt_vs_pullover,within_tops,constant,constant,constant,30,0,0,42,10,5,50,0.5,0.0,0.33333333333333326,5.607473066727768e-17,0.5,0.0,
tshirt_vs_pullover,within_tops,constant,constant,constant,50,0,0,42,10,5,50,0.5,0.0,0.33333333333333326,5.607473066727768e-17,0.5,0.0,
tshirt_vs_pullover,within_tops,constant,constant,constant,80,0,0,42,10,5,50,0.5,0.0,0.33333333333333326,5.607473066727768e-17,0.5,0.0,
tshirt_vs_pullover,within_tops,constant,constant,constant,110,0,0,42,10,5,50,0.5,0.0,0.33333333333333326,5.607473066727768e-17,0.5,0.0,
tshirt_vs_pullover,within_tops,constant,constant,constant,150,0,0,42,10,5,50,0.5,0.0,0.33333333333333326,5.607473066727768e-17,0.5,0.0,
tshirt_vs_pullover,within_tops,constant,constant,constant,200,0,0,42,10,5,50,0.5,0.0,0.33333333333333326,5.607473066727768e-17,0.5,0.0,
tshirt_vs_pullover,within_tops,pixels,pixels,pixels,10,784,32,42,10,5,50,0.86645,0.05235302556409024,0.8656027964852794,0.05346809052682654,0.86645,0.05235302556409024,1.0
tshirt_vs_pullover,within_tops,pixels,pixels,pixels,20,784,32,42,10,5,50,0.893,0.033065951413155235,0.8927594195001909,0.033296210134612356,0.893,0.03306595141315524,0.1
tshirt_vs_pullover,within_tops,pixels,pixels,pixels,30,784,32,42,10,5,50,0.9075599999999998,0.019775949111618042,0.9074132893023062,0.019915180771443837,0.9075599999999998,0.019775949111618032,0.1
tshirt_vs_pullover,within_tops,pixels,pixels,pixels,50,784,32,42,10,5,50,0.91727,0.014427938458534737,0.9172042035343183,0.014516967757044648,0.91727,0.014427938458534711,0.1
tshirt_vs_pullover,within_tops,pixels,pixels,pixels,80,784,32,42,10,5,50,0.9238300000000002,0.009616424088240799,0.9238053415763307,0.009640226208969867,0.9238300000000002,0.009616424088240805,0.1
tshirt_vs_pullover,within_tops,pixels,pixels,pixels,110,784,32,42,10,5,50,0.92673,0.010487217681247848,0.9267120663277556,0.010503212657785449,0.92673,0.010487217681247859,0.1
tshirt_vs_pullover,within_tops,pixels,pixels,pixels,150,784,32,42,10,5,50,0.92863,0.008795180730470102,0.9286150634527749,0.008809905869648074,0.92863,0.008795180730470108,0.1
tshirt_vs_pullover,within_tops,pixels,pixels,pixels,200,784,32,42,10,5,50,0.93089,0.009607761530796498,0.9308773463366617,0.009618237646370376,0.93089,0.009607761530796484,0.1
tshirt_vs_pullover,within_tops,random_conv1,random,conv1,10,3136,32,42,10,5,50,0.8895700000000001,0.04688870996784812,0.8890290270625892,0.04769215617839806,0.8895700000000001,0.046888709967848115,1.0
tshirt_vs_pullover,within_tops,random_conv1,random,conv1,20,3136,32,42,10,5,50,0.9077600000000001,0.030009563101635137,0.9075369665504386,0.030359793457535277,0.90776,0.03000956310163512,1.0
tshirt_vs_pullover,within_tops,random_conv1,random,conv1,30,3136,32,42,10,5,50,0.91872,0.019402598184947575,0.9185935040586618,0.019583824767932398,0.91872,0.019402598184947564,0.01
tshirt_vs_pullover,within_tops,random_conv1,random,conv1,50,3136,32,42,10,5,50,0.92848,0.01217137826951376,0.9284366499302661,0.012221148748268853,0.92848,0.012171378269513753,1.0
tshirt_vs_pullover,within_tops,random_conv1,random,conv1,80,3136,32,42,10,5,50,0.9325800000000001,0.008727367230471624,0.9325669310313546,0.008734212664450347,0.9325800000000001,0.008727367230471628,0.1
tshirt_vs_pullover,within_tops,random_conv1,random,conv1,110,3136,32,42,10,5,50,0.93497,0.007974071502471649,0.9349598382977518,0.007983525239816928,0.93497,0.007974071502471647,0.1
tshirt_vs_pullover,within_tops,random_conv1,random,conv1,150,3136,32,42,10,5,50,0.93557,0.00747513565503826,0.9355636070224042,0.007477711443594416,0.93557,0.007475135655038253,0.1
tshirt_vs_pullover,within_tops,random_conv1,random,conv1,200,3136,32,42,10,5,50,0.9373600000000001,0.007079749793803233,0.9373519565627617,0.007081061885966861,0.9373600000000001,0.0070797497938032165,0.1
tshirt_vs_pullover,within_tops,fine_conv1,fine,conv1,10,3136,32,42,10,5,50,0.87652,0.037413295683186625,0.8760680825356016,0.03791355753693905,0.87652,0.03741329568318663,1.0
tshirt_vs_pullover,within_tops,fine_conv1,fine,conv1,20,3136,32,42,10,5,50,0.8998500000000001,0.024141430642556954,0.8996602570465758,0.02433531234681428,0.89985,0.02414143064255695,0.1
tshirt_vs_pullover,within_tops,fine_conv1,fine,conv1,30,3136,32,42,10,5,50,0.91357,0.015096292962992277,0.9134776581453071,0.015182754834449941,0.91357,0.015096292962992267,1.0
tshirt_vs_pullover,within_tops,fine_conv1,fine,conv1,50,3136,32,42,10,5,50,0.9227100000000001,0.011256331551620181,0.922677205894651,0.01128445331186812,0.92271,0.01125633155162018,1.0
tshirt_vs_pullover,within_tops,fine_conv1,fine,conv1,80,3136,32,42,10,5,50,0.92658,0.009851634071439668,0.9265678847815099,0.009854524271899262,0.9265800000000002,0.009851634071439663,0.1
tshirt_vs_pullover,within_tops,fine_conv1,fine,conv1,110,3136,32,42,10,5,50,0.9296800000000001,0.009203903342315906,0.9296719160306149,0.009207859026075267,0.9296800000000001,0.009203903342315889,0.1
tshirt_vs_pullover,within_tops,fine_conv1,fine,conv1,150,3136,32,42,10,5,50,0.9303599999999999,0.009727428084692125,0.9303513296055778,0.00973270039445398,0.9303599999999999,0.00972742808469212,0.1
tshirt_vs_pullover,within_tops,fine_conv1,fine,conv1,200,3136,32,42,10,5,50,0.93298,0.009477664398414796,0.9329720507524332,0.009483165613377061,0.93298,0.00947766439841479,0.1
tshirt_vs_pullover,within_tops,coarse_conv1,coarse,conv1,10,3136,32,42,10,5,50,0.86531,0.027457553512612136,0.8647182762048984,0.027927564901559267,0.8653099999999999,0.027457553512612143,0.01
tshirt_vs_pullover,within_tops,coarse_conv1,coarse,conv1,20,3136,32,42,10,5,50,0.88971,0.02018690472680196,0.8893674844514671,0.020584929431970916,0.88971,0.020186904726801968,0.01
tshirt_vs_pullover,within_tops,coarse_conv1,coarse,conv1,30,3136,32,42,10,5,50,0.9037500000000002,0.014277586973852362,0.9036364665815768,0.014357272265902384,0.9037500000000002,0.014277586973852353,0.1
tshirt_vs_pullover,within_tops,coarse_conv1,coarse,conv1,50,3136,32,42,10,5,50,0.91175,0.01196817633969184,0.9116899971266753,0.012034708910479504,0.91175,0.01196817633969182,0.1
tshirt_vs_pullover,within_tops,coarse_conv1,coarse,conv1,80,3136,32,42,10,5,50,0.91598,0.01167718864683952,0.9159485084409975,0.01170456995689976,0.91598,0.011677188646839512,0.1
tshirt_vs_pullover,within_tops,coarse_conv1,coarse,conv1,110,3136,32,42,10,5,50,0.91974,0.009335165029202706,0.9197165730887626,0.009348854548564689,0.91974,0.009335165029202692,0.1
tshirt_vs_pullover,within_tops,coarse_conv1,coarse,conv1,150,3136,32,42,10,5,50,0.9219999999999999,0.009539926838379457,0.9219736782902815,0.009567323513914408,0.9219999999999999,0.009539926838379462,0.1
tshirt_vs_pullover,within_tops,coarse_conv1,coarse,conv1,200,3136,32,42,10,5,50,0.92396,0.00854629648874116,0.9239424522915971,0.008563236192952748,0.92396,0.008546296488741164,0.1
tshirt_vs_pullover,within_tops,random_conv2,random,conv2,10,1568,32,42,10,5,50,0.8801000000000001,0.05587047703467041,0.8796224358574877,0.05642309637559948,0.8801000000000001,0.0558704770346704,1.0
tshirt_vs_pullover,within_tops,random_conv2,random,conv2,20,1568,32,42,10,5,50,0.9015599999999999,0.031476528346288356,0.9013167444999697,0.031797625461287,0.9015599999999999,0.03147652834628834,0.1
tshirt_vs_pullover,within_tops,random_conv2,random,conv2,30,1568,32,42,10,5,50,0.91573,0.02024548576541326,0.9156037973167254,0.020405150743952723,0.91573,0.02024548576541327,1.0
tshirt_vs_pullover,within_tops,random_conv2,random,conv2,50,1568,32,42,10,5,50,0.92679,0.012502281424457152,0.9267541890574909,0.012534231980157642,0.92679,0.012502281424457152,1.0
tshirt_vs_pullover,within_tops,random_conv2,random,conv2,80,1568,32,42,10,5,50,0.9315300000000001,0.00901665692154338,0.9315180045854901,0.00902417607237428,0.9315300000000001,0.009016656921543372,1.0
tshirt_vs_pullover,within_tops,random_conv2,random,conv2,110,1568,32,42,10,5,50,0.93622,0.007576925228505766,0.9362117555277953,0.007578535535858955,0.93622,0.007576925228505755,0.1
tshirt_vs_pullover,within_tops,random_conv2,random,conv2,150,1568,32,42,10,5,50,0.9382999999999998,0.007925031384731501,0.9382929295181737,0.007928901552323736,0.9382999999999998,0.007925031384731489,0.1
tshirt_vs_pullover,within_tops,random_conv2,random,conv2,200,1568,32,42,10,5,50,0.9399100000000001,0.007211590727178455,0.93990509050389,0.007212788203004885,0.9399100000000001,0.007211590727178439,0.1
tshirt_vs_pullover,within_tops,fine_conv2,fine,conv2,10,1568,32,42,10,5,50,0.90235,0.024796776041268283,0.9021749757203692,0.0250413872540288,0.90235,0.02479677604126829,0.01
tshirt_vs_pullover,within_tops,fine_conv2,fine,conv2,20,1568,32,42,10,5,50,0.91629,0.023361858414334864,0.9161702716788285,0.02352660387205783,0.9162900000000002,0.023361858414334878,0.1
tshirt_vs_pullover,within_tops,fine_conv2,fine,conv2,30,1568,32,42,10,5,50,0.92258,0.017820064362329083,0.9225301581676412,0.017857734570692962,0.92258,0.01782006436232909,0.1
tshirt_vs_pullover,within_tops,fine_conv2,fine,conv2,50,1568,32,42,10,5,50,0.9297699999999999,0.014346730410424098,0.9297477947742796,0.014352854956596647,0.9297699999999999,0.01434673041042409,1.0
tshirt_vs_pullover,within_tops,fine_conv2,fine,conv2,80,1568,32,42,10,5,50,0.9317799999999998,0.013958085945619687,0.9317682340335344,0.01396097318081769,0.9317799999999998,0.013958085945619678,0.1
tshirt_vs_pullover,within_tops,fine_conv2,fine,conv2,110,1568,32,42,10,5,50,0.93493,0.012368908519315004,0.9349222611492937,0.01237089277064575,0.9349300000000003,0.012368908519314999,0.1
tshirt_vs_pullover,within_tops,fine_conv2,fine,conv2,150,1568,32,42,10,5,50,0.93621,0.011696454198445196,0.9362008162195914,0.011706079312528084,0.93621,0.0116964541984452,0.1
tshirt_vs_pullover,within_tops,fine_conv2,fine,conv2,200,1568,32,42,10,5,50,0.9369700000000001,0.010192238944112185,0.9369608783295349,0.010195645230585554,0.9369700000000001,0.01019223894411219,0.1
tshirt_vs_pullover,within_tops,coarse_conv2,coarse,conv2,10,1568,32,42,10,5,50,0.8816499999999999,0.0350722650467603,0.8812375117073664,0.035621123228115406,0.8816499999999999,0.0350722650467603,0.01
tshirt_vs_pullover,within_tops,coarse_conv2,coarse,conv2,20,1568,32,42,10,5,50,0.90212,0.027542093943190137,0.9019803269897539,0.027644693846946154,0.90212,0.02754209394319013,0.01
tshirt_vs_pullover,within_tops,coarse_conv2,coarse,conv2,30,1568,32,42,10,5,50,0.91035,0.020988638812073395,0.9102455070904465,0.021100749475511722,0.91035,0.02098863881207338,0.01
tshirt_vs_pullover,within_tops,coarse_conv2,coarse,conv2,50,1568,32,42,10,5,50,0.9201100000000001,0.013009137291197483,0.9200699132270438,0.013031153214805115,0.9201100000000001,0.01300913729119747,0.1
tshirt_vs_pullover,within_tops,coarse_conv2,coarse,conv2,80,1568,32,42,10,5,50,0.9242,0.009611324103390136,0.9241826939117158,0.009616891486796857,0.9242,0.009611324103390127,0.1
tshirt_vs_pullover,within_tops,coarse_conv2,coarse,conv2,110,1568,32,42,10,5,50,0.9272399999999998,0.008737813671342617,0.9272263595574806,0.008748294372923161,0.9272399999999998,0.008737813671342602,0.1
tshirt_vs_pullover,within_tops,coarse_conv2,coarse,conv2,150,1568,32,42,10,5,50,0.9285899999999999,0.007820492442347627,0.9285784140559582,0.007821962677124926,0.9285899999999999,0.007820492442347612,0.1
tshirt_vs_pullover,within_tops,coarse_conv2,coarse,conv2,200,1568,32,42,10,5,50,0.9311500000000001,0.006681721945970608,0.9311398180369054,0.006681768616337119,0.9311500000000001,0.006681721945970589,0.1
tshirt_vs_pullover,within_tops,random_fc,random,fc,10,128,32,42,10,5,50,0.89851,0.04279119807452301,0.8981229779555123,0.04329498194523371,0.89851,0.04279119807452301,1.0
tshirt_vs_pullover,within_tops,random_fc,random,fc,20,128,32,42,10,5,50,0.9134599999999999,0.027777328885261816,0.9132552121675933,0.02805459497658223,0.9134599999999999,0.0277773288852618,1.0
tshirt_vs_pullover,within_tops,random_fc,random,fc,30,128,32,42,10,5,50,0.9276599999999999,0.015909322129250034,0.9275690363459413,0.01604283483361008,0.9276599999999999,0.01590932212925004,1.0
tshirt_vs_pullover,within_tops,random_fc,random,fc,50,128,32,42,10,5,50,0.93438,0.013086665592370369,0.9343398778826639,0.013164782304315947,0.93438,0.013086665592370367,0.1
tshirt_vs_pullover,within_tops,random_fc,random,fc,80,128,32,42,10,5,50,0.93887,0.007319815153236513,0.9388547451250717,0.00734761855878031,0.93887,0.007319815153236523,1.0
tshirt_vs_pullover,within_tops,random_fc,random,fc,110,128,32,42,10,5,50,0.9417099999999999,0.0062646481406804086,0.9417027723696536,0.0062735996588187065,0.9417099999999999,0.006264648140680404,0.1
tshirt_vs_pullover,within_tops,random_fc,random,fc,150,128,32,42,10,5,50,0.9419299999999999,0.005450154463267008,0.9419254755595492,0.0054500300862163256,0.9419300000000002,0.005450154463267005,0.1
tshirt_vs_pullover,within_tops,random_fc,random,fc,200,128,32,42,10,5,50,0.9437399999999999,0.004796086840288834,0.9437362428520857,0.004795871693679804,0.9437399999999999,0.004796086840288837,0.1
tshirt_vs_pullover,within_tops,fine_fc,fine,fc,10,128,32,42,10,5,50,0.94667,0.01330590248034031,0.9466069681831145,0.013433756472664664,0.94667,0.013305902480340316,0.01
tshirt_vs_pullover,within_tops,fine_fc,fine,fc,20,128,32,42,10,5,50,0.9516199999999999,0.011448892647638145,0.9515714098956775,0.011566590709376207,0.9516199999999999,0.011448892647638145,0.01
tshirt_vs_pullover,within_tops,fine_fc,fine,fc,30,128,32,42,10,5,50,0.9547800000000001,0.007999464267776224,0.9547597411232893,0.008032071515428422,0.9547800000000001,0.007999464267776214,0.01
tshirt_vs_pullover,within_tops,fine_fc,fine,fc,50,128,32,42,10,5,50,0.9572199999999998,0.005884223112072922,0.9572121392668326,0.00589050218051878,0.9572199999999998,0.005884223112072919,0.01
tshirt_vs_pullover,within_tops,fine_fc,fine,fc,80,128,32,42,10,5,50,0.9593600000000001,0.005210899095909951,0.9593574720178505,0.005212251763165099,0.9593600000000001,0.005210899095909935,0.1
tshirt_vs_pullover,within_tops,fine_fc,fine,fc,110,128,32,42,10,5,50,0.96126,0.004522325571144627,0.9612576130056101,0.004523371728974641,0.96126,0.004522325571144614,0.1
tshirt_vs_pullover,within_tops,fine_fc,fine,fc,150,128,32,42,10,5,50,0.9620700000000001,0.004728344837039615,0.962068089705491,0.004728764318650505,0.9620700000000001,0.004728344837039609,0.1
tshirt_vs_pullover,within_tops,fine_fc,fine,fc,200,128,32,42,10,5,50,0.9627600000000001,0.004406905527298116,0.9627580479110605,0.00440772578532126,0.96276,0.004406905527298108,0.1
tshirt_vs_pullover,within_tops,coarse_fc,coarse,fc,10,128,32,42,10,5,50,0.9021000000000001,0.021899352334100227,0.9016927786238618,0.022218604740303294,0.9021000000000001,0.021899352334100227,0.01
tshirt_vs_pullover,within_tops,coarse_fc,coarse,fc,20,128,32,42,10,5,50,0.9158600000000001,0.022238971125811875,0.9155105200275888,0.023051831984329172,0.9158600000000001,0.02223897112581188,1.0
tshirt_vs_pullover,within_tops,coarse_fc,coarse,fc,30,128,32,42,10,5,50,0.9225900000000001,0.014345478559533692,0.922454038539582,0.014567251171464578,0.92259,0.014345478559533692,1.0
tshirt_vs_pullover,within_tops,coarse_fc,coarse,fc,50,128,32,42,10,5,50,0.92816,0.010230227320074961,0.9280947929483306,0.010295050356597769,0.92816,0.010230227320074966,1.0
tshirt_vs_pullover,within_tops,coarse_fc,coarse,fc,80,128,32,42,10,5,50,0.9318400000000001,0.008458445845570498,0.931820267419929,0.008482157344427093,0.9318400000000001,0.008458445845570487,1.0
tshirt_vs_pullover,within_tops,coarse_fc,coarse,fc,110,128,32,42,10,5,50,0.93547,0.005808517672437622,0.9354556495410106,0.005814652671698073,0.93547,0.005808517672437634,1.0
tshirt_vs_pullover,within_tops,coarse_fc,coarse,fc,150,128,32,42,10,5,50,0.9383399999999998,0.007226255981502721,0.9383228112304947,0.007238681691841961,0.9383399999999998,0.007226255981502729,1.0
tshirt_vs_pullover,within_tops,coarse_fc,coarse,fc,200,128,32,42,10,5,50,0.9397,0.005593363414414805,0.9396903551891559,0.0055986454584217,0.9397,0.00559336341441483,1.0
tshirt_vs_shirt,within_tops,constant,constant,constant,10,0,0,42,10,5,50,0.5,0.0,0.33333333333333326,5.607473066727768e-17,0.5,0.0,
tshirt_vs_shirt,within_tops,constant,constant,constant,20,0,0,42,10,5,50,0.5,0.0,0.33333333333333326,5.607473066727768e-17,0.5,0.0,
tshirt_vs_shirt,within_tops,constant,constant,constant,30,0,0,42,10,5,50,0.5,0.0,0.33333333333333326,5.607473066727768e-17,0.5,0.0,
tshirt_vs_shirt,within_tops,constant,constant,constant,50,0,0,42,10,5,50,0.5,0.0,0.33333333333333326,5.607473066727768e-17,0.5,0.0,
tshirt_vs_shirt,within_tops,constant,constant,constant,80,0,0,42,10,5,50,0.5,0.0,0.33333333333333326,5.607473066727768e-17,0.5,0.0,
tshirt_vs_shirt,within_tops,constant,constant,constant,110,0,0,42,10,5,50,0.5,0.0,0.33333333333333326,5.607473066727768e-17,0.5,0.0,
tshirt_vs_shirt,within_tops,constant,constant,constant,150,0,0,42,10,5,50,0.5,0.0,0.33333333333333326,5.607473066727768e-17,0.5,0.0,
tshirt_vs_shirt,within_tops,constant,constant,constant,200,0,0,42,10,5,50,0.5,0.0,0.33333333333333326,5.607473066727768e-17,0.5,0.0,
tshirt_vs_shirt,within_tops,pixels,pixels,pixels,10,784,32,42,10,5,50,0.6835899999999999,0.056951974934848326,0.6804502917759798,0.05870272305333084,0.6835899999999999,0.056951974934848326,1.0
tshirt_vs_shirt,within_tops,pixels,pixels,pixels,20,784,32,42,10,5,50,0.73257,0.03886725314898055,0.7311220833534228,0.039357005479956055,0.73257,0.038867253148980555,0.01
tshirt_vs_shirt,within_tops,pixels,pixels,pixels,30,784,32,42,10,5,50,0.75231,0.027781011353741863,0.7515023807968149,0.027864473116221863,0.75231,0.02778101135374186,0.01
tshirt_vs_shirt,within_tops,pixels,pixels,pixels,50,784,32,42,10,5,50,0.7629299999999999,0.025967406965074435,0.7624013021331326,0.025956027320080566,0.7629299999999999,0.025967406965074432,0.1
tshirt_vs_shirt,within_tops,pixels,pixels,pixels,80,784,32,42,10,5,50,0.77,0.021597902392480203,0.7695846756757464,0.02147635896545086,0.77,0.021597902392480214,0.1
tshirt_vs_shirt,within_tops,pixels,pixels,pixels,110,784,32,42,10,5,50,0.7754800000000001,0.018918180436300117,0.7750891628328631,0.018922853445894765,0.7754800000000001,0.018918180436300107,0.01
tshirt_vs_shirt,within_tops,pixels,pixels,pixels,150,784,32,42,10,5,50,0.7801099999999999,0.01791940289183767,0.7796702315160637,0.017937866770180576,0.7801100000000001,0.017919402891837664,0.1
tshirt_vs_shirt,within_tops,pixels,pixels,pixels,200,784,32,42,10,5,50,0.7844000000000001,0.016728321335205087,0.784023368676604,0.016723662652256957,0.7844000000000001,0.01672832133520508,0.1
tshirt_vs_shirt,within_tops,random_conv1,random,conv1,10,3136,32,42,10,5,50,0.7069699999999999,0.05057439559496403,0.7043383838327304,0.05217160371349089,0.7069699999999999,0.050574395594964044,1.0
tshirt_vs_shirt,within_tops,random_conv1,random,conv1,20,3136,32,42,10,5,50,0.74875,0.028923765032814616,0.7476731249011206,0.02954050364129585,0.74875,0.028923765032814606,0.01
tshirt_vs_shirt,within_tops,random_conv1,random,conv1,30,3136,32,42,10,5,50,0.76139,0.023161652420696215,0.7606226494228924,0.023468080684527163,0.76139,0.02316165242069621,0.01
tshirt_vs_shirt,within_tops,random_conv1,random,conv1,50,3136,32,42,10,5,50,0.77523,0.016857206416345073,0.774704118874606,0.01685053348137125,0.77523,0.016857206416345062,0.1
tshirt_vs_shirt,within_tops,random_conv1,random,conv1,80,3136,32,42,10,5,50,0.78319,0.016153564716842678,0.7827468270465486,0.016083087632108584,0.78319,0.016153564716842674,0.1
tshirt_vs_shirt,within_tops,random_conv1,random,conv1,110,3136,32,42,10,5,50,0.78921,0.012519816944609486,0.7888872128844423,0.012569823414638026,0.78921,0.01251981694460948,0.1
tshirt_vs_shirt,within_tops,random_conv1,random,conv1,150,3136,32,42,10,5,50,0.7926400000000001,0.011024110867011615,0.7922047298815461,0.010974906439166505,0.7926400000000001,0.011024110867011605,0.01
tshirt_vs_shirt,within_tops,random_conv1,random,conv1,200,3136,32,42,10,5,50,0.79419,0.010148333531638966,0.7937032932371527,0.010230647879853953,0.79419,0.01014833353163895,0.01
tshirt_vs_shirt,within_tops,fine_conv1,fine,conv1,10,3136,32,42,10,5,50,0.7084699999999999,0.04684499080227582,0.7056403654389785,0.0488186960574477,0.7084699999999999,0.04684499080227582,0.01
tshirt_vs_shirt,within_tops,fine_conv1,fine,conv1,20,3136,32,42,10,5,50,0.7463900000000001,0.02778255398847358,0.7452958709075179,0.027885483449140307,0.7463900000000001,0.02778255398847357,0.01
tshirt_vs_shirt,within_tops,fine_conv1,fine,conv1,30,3136,32,42,10,5,50,0.7621499999999999,0.017946135392061538,0.761505060309113,0.017826728268556972,0.7621499999999999,0.017946135392061538,0.01
tshirt_vs_shirt,within_tops,fine_conv1,fine,conv1,50,3136,32,42,10,5,50,0.7718,0.01707845043871823,0.7711409428143141,0.01698247911295741,0.7718,0.017078450438718244,0.01
tshirt_vs_shirt,within_tops,fine_conv1,fine,conv1,80,3136,32,42,10,5,50,0.77876,0.012556907197528666,0.7781932747458171,0.012460149197040681,0.77876,0.012556907197528647,0.01
tshirt_vs_shirt,within_tops,fine_conv1,fine,conv1,110,3136,32,42,10,5,50,0.7837899999999998,0.010622026594750747,0.7834075815381943,0.010568493523197968,0.7837899999999998,0.010622026594750738,0.01
tshirt_vs_shirt,within_tops,fine_conv1,fine,conv1,150,3136,32,42,10,5,50,0.7881900000000001,0.009893251668254919,0.7877212339922055,0.009913087588447549,0.7881900000000001,0.009893251668254903,0.01
tshirt_vs_shirt,within_tops,fine_conv1,fine,conv1,200,3136,32,42,10,5,50,0.7912800000000001,0.009349866309204645,0.7907526098056925,0.00945646208837257,0.7912800000000001,0.00934986630920464,0.01
tshirt_vs_shirt,within_tops,coarse_conv1,coarse,conv1,10,3136,32,42,10,5,50,0.7014799999999998,0.056328660193401305,0.6979087481294423,0.05904360871370521,0.7014799999999998,0.0563286601934013,0.01
tshirt_vs_shirt,within_tops,coarse_conv1,coarse,conv1,20,3136,32,42,10,5,50,0.7408699999999999,0.023787711198886553,0.739434304597207,0.02378977260733968,0.7408699999999999,0.023787711198886546,0.01
tshirt_vs_shirt,within_tops,coarse_conv1,coarse,conv1,30,3136,32,42,10,5,50,0.75634,0.01757010447972838,0.7557476797052037,0.017270571451828053,0.75634,0.017570104479728385,0.01
tshirt_vs_shirt,within_tops,coarse_conv1,coarse,conv1,50,3136,32,42,10,5,50,0.767,0.015423279515732325,0.7662999215238279,0.015151731862935175,0.767,0.015423279515732325,0.01
tshirt_vs_shirt,within_tops,coarse_conv1,coarse,conv1,80,3136,32,42,10,5,50,0.77544,0.0152223787998634,0.7747222490227402,0.014976852782435166,0.77544,0.015222378799863401,0.01
tshirt_vs_shirt,within_tops,coarse_conv1,coarse,conv1,110,3136,32,42,10,5,50,0.77928,0.012680597423639332,0.7787746593170846,0.012505646785860644,0.77928,0.012680597423639332,0.01
tshirt_vs_shirt,within_tops,coarse_conv1,coarse,conv1,150,3136,32,42,10,5,50,0.7828999999999999,0.01146645506844792,0.7823658051165587,0.011353864119311526,0.7828999999999999,0.011466455068447904,0.01
tshirt_vs_shirt,within_tops,coarse_conv1,coarse,conv1,200,3136,32,42,10,5,50,0.7856399999999999,0.010337686158035606,0.7850482893665002,0.010364154935932086,0.7856399999999999,0.010337686158035597,0.01
tshirt_vs_shirt,within_tops,random_conv2,random,conv2,10,1568,32,42,10,5,50,0.69784,0.058251341405243226,0.6951574412187506,0.05982990019815263,0.6978400000000002,0.058251341405243226,1.0
tshirt_vs_shirt,within_tops,random_conv2,random,conv2,20,1568,32,42,10,5,50,0.7401800000000001,0.026403803065591334,0.7392044314288388,0.02668345970953146,0.7401799999999998,0.026403803065591345,0.1
tshirt_vs_shirt,within_tops,random_conv2,random,conv2,30,1568,32,42,10,5,50,0.75997,0.018377673344333344,0.7592901322362124,0.018126756732883678,0.75997,0.018377673344333347,0.01
tshirt_vs_shirt,within_tops,random_conv2,random,conv2,50,1568,32,42,10,5,50,0.77048,0.016175996326126468,0.7699161511832661,0.016074200716989076,0.77048,0.016175996326126457,0.01
tshirt_vs_shirt,within_tops,random_conv2,random,conv2,80,1568,32,42,10,5,50,0.7747299999999998,0.019030912018211266,0.7741859649326165,0.018818706343108997,0.7747299999999998,0.019030912018211266,0.1
tshirt_vs_shirt,within_tops,random_conv2,random,conv2,110,1568,32,42,10,5,50,0.77922,0.01337113858049402,0.7788182052349069,0.013219280069120206,0.77922,0.013371138580494013,0.01
tshirt_vs_shirt,within_tops,random_conv2,random,conv2,150,1568,32,42,10,5,50,0.7842399999999999,0.011593119000651445,0.7837212684935291,0.011405683978179738,0.7842399999999999,0.011593119000651434,0.1
tshirt_vs_shirt,within_tops,random_conv2,random,conv2,200,1568,32,42,10,5,50,0.78956,0.009049546160680426,0.7889707052282291,0.009019332429694256,0.78956,0.009049546160680402,0.1
tshirt_vs_shirt,within_tops,fine_conv2,fine,conv2,10,1568,32,42,10,5,50,0.7313299999999999,0.05589901700424451,0.7289980977013016,0.05729778716009001,0.7313299999999999,0.055899017004244496,0.01
tshirt_vs_shirt,within_tops,fine_conv2,fine,conv2,20,1568,32,42,10,5,50,0.7683699999999998,0.02383592084331923,0.7673679776779397,0.023974060479499272,0.7683699999999998,0.023835920843319213,0.01
tshirt_vs_shirt,within_tops,fine_conv2,fine,conv2,30,1568,32,42,10,5,50,0.7822100000000001,0.016464274868295173,0.7813951699165499,0.0166684819685938,0.7822100000000001,0.016464274868295162,0.01
tshirt_vs_shirt,within_tops,fine_conv2,fine,conv2,50,1568,32,42,10,5,50,0.7855000000000001,0.013872230372589856,0.7847391398828747,0.014127577724688036,0.7855000000000001,0.013872230372589825,0.01
tshirt_vs_shirt,within_tops,fine_conv2,fine,conv2,80,1568,32,42,10,5,50,0.79165,0.013715494738374084,0.7911241570194715,0.013772600524644848,0.79165,0.013715494738374091,0.1
tshirt_vs_shirt,within_tops,fine_conv2,fine,conv2,110,1568,32,42,10,5,50,0.7955800000000001,0.012187882908689208,0.7950819490057106,0.012311379993408348,0.7955800000000001,0.012187882908689208,0.1
tshirt_vs_shirt,within_tops,fine_conv2,fine,conv2,150,1568,32,42,10,5,50,0.80031,0.011139143153945081,0.7998412927732815,0.011387433682890177,0.80031,0.011139143153945088,0.1
tshirt_vs_shirt,within_tops,fine_conv2,fine,conv2,200,1568,32,42,10,5,50,0.8016899999999998,0.009993308986006378,0.8012775124571734,0.010226008224204696,0.8016899999999998,0.009993308986006384,0.1
tshirt_vs_shirt,within_tops,coarse_conv2,coarse,conv2,10,1568,32,42,10,5,50,0.7170000000000001,0.050940341256679254,0.7136057662481464,0.0538617619754595,0.7170000000000001,0.05094034125667927,0.01
tshirt_vs_shirt,within_tops,coarse_conv2,coarse,conv2,20,1568,32,42,10,5,50,0.75119,0.028933401713139052,0.7498981752566779,0.029580054467103878,0.75119,0.02893340171313903,0.01
tshirt_vs_shirt,within_tops,coarse_conv2,coarse,conv2,30,1568,32,42,10,5,50,0.76515,0.0241247290351707,0.7645258337510528,0.024084126935898762,0.76515,0.02412472903517069,0.01
tshirt_vs_shirt,within_tops,coarse_conv2,coarse,conv2,50,1568,32,42,10,5,50,0.77377,0.01454065728520257,0.7731047677134383,0.014712240163195377,0.77377,0.014540657285202558,0.01
tshirt_vs_shirt,within_tops,coarse_conv2,coarse,conv2,80,1568,32,42,10,5,50,0.7795799999999999,0.014995700063957113,0.7790248576130616,0.01505286757864463,0.7795799999999999,0.014995700063957115,0.01
tshirt_vs_shirt,within_tops,coarse_conv2,coarse,conv2,110,1568,32,42,10,5,50,0.78345,0.011449200132475182,0.7830164730181728,0.011480837709635617,0.78345,0.011449200132475166,0.01
tshirt_vs_shirt,within_tops,coarse_conv2,coarse,conv2,150,1568,32,42,10,5,50,0.78499,0.009333115279279835,0.7844777439106305,0.009359244794080606,0.78499,0.009333115279279826,0.01
tshirt_vs_shirt,within_tops,coarse_conv2,coarse,conv2,200,1568,32,42,10,5,50,0.78854,0.008396330588235483,0.7881012337073485,0.008514702292863455,0.78854,0.008396330588235489,0.01
tshirt_vs_shirt,within_tops,random_fc,random,fc,10,128,32,42,10,5,50,0.6936,0.07182468735947074,0.6906422118203853,0.07354635034515813,0.6936,0.07182468735947073,0.01
tshirt_vs_shirt,within_tops,random_fc,random,fc,20,128,32,42,10,5,50,0.7419600000000002,0.03427482565191816,0.7406582594572297,0.03496548179429735,0.7419600000000002,0.03427482565191816,0.01
tshirt_vs_shirt,within_tops,random_fc,random,fc,30,128,32,42,10,5,50,0.7546900000000001,0.020100992462044835,0.7540592768976778,0.019907872322367064,0.7546900000000001,0.02010099246204485,0.01
tshirt_vs_shirt,within_tops,random_fc,random,fc,50,128,32,42,10,5,50,0.7653,0.017924159958114683,0.7644713062692774,0.017910314082617514,0.7653,0.01792415995811468,0.01
tshirt_vs_shirt,within_tops,random_fc,random,fc,80,128,32,42,10,5,50,0.77373,0.0171447052575233,0.7730586086809373,0.016994629811007807,0.77373,0.0171447052575233,0.1
tshirt_vs_shirt,within_tops,random_fc,random,fc,110,128,32,42,10,5,50,0.7787999999999999,0.013784048752090227,0.7781840158980107,0.013623868516288218,0.7787999999999999,0.013784048752090224,0.1
tshirt_vs_shirt,within_tops,random_fc,random,fc,150,128,32,42,10,5,50,0.7836700000000001,0.01159724193108704,0.7830060951827131,0.011573215574008975,0.7836700000000001,0.011597241931087032,0.1
tshirt_vs_shirt,within_tops,random_fc,random,fc,200,128,32,42,10,5,50,0.78754,0.008051391057400195,0.7868024705268387,0.008298455209207144,0.78754,0.008051391057400175,0.1
tshirt_vs_shirt,within_tops,fine_fc,fine,fc,10,128,32,42,10,5,50,0.80378,0.02098618593265579,0.8021711790001212,0.022183435877032517,0.80378,0.0209861859326558,0.01
tshirt_vs_shirt,within_tops,fine_fc,fine,fc,20,128,32,42,10,5,50,0.8172999999999999,0.015890569658814385,0.8161662013613176,0.01646340315089697,0.8172999999999999,0.015890569658814392,0.1
tshirt_vs_shirt,within_tops,fine_fc,fine,fc,30,128,32,42,10,5,50,0.8268800000000002,0.01538802874222129,0.8258660367591436,0.016094377827183818,0.8268800000000002,0.015388028742221295,0.1
tshirt_vs_shirt,within_tops,fine_fc,fine,fc,50,128,32,42,10,5,50,0.8353300000000001,0.015668638246184512,0.834741298065211,0.016192745646795494,0.8353300000000001,0.0156686382461845,0.1
tshirt_vs_shirt,within_tops,fine_fc,fine,fc,80,128,32,42,10,5,50,0.84198,0.013061846605082073,0.8414113505917074,0.013528787041178766,0.84198,0.013061846605082063,1.0
tshirt_vs_shirt,within_tops,fine_fc,fine,fc,110,128,32,42,10,5,50,0.84872,0.011406299727316827,0.8483400263846405,0.011733466081374173,0.84872,0.011406299727316825,1.0
tshirt_vs_shirt,within_tops,fine_fc,fine,fc,150,128,32,42,10,5,50,0.85449,0.011858644483227921,0.8542508478568189,0.012190756838986674,0.85449,0.011858644483227916,1.0
tshirt_vs_shirt,within_tops,fine_fc,fine,fc,200,128,32,42,10,5,50,0.8587,0.009666901240409819,0.8585367238294732,0.00978459932152918,0.8587,0.009666901240409803,0.1
tshirt_vs_shirt,within_tops,coarse_fc,coarse,fc,10,128,32,42,10,5,50,0.7558900000000002,0.028714692605503748,0.7523486426498465,0.03241703159113343,0.7558900000000002,0.02871469260550373,0.01
tshirt_vs_shirt,within_tops,coarse_fc,coarse,fc,20,128,32,42,10,5,50,0.7690299999999999,0.016175822850722596,0.7662728965661424,0.01666458341039581,0.7690299999999999,0.016175822850722606,0.1
tshirt_vs_shirt,within_tops,coarse_fc,coarse,fc,30,128,32,42,10,5,50,0.77503,0.0147088790344125,0.7731784522261381,0.01470266682472891,0.77503,0.014708879034412491,0.1
tshirt_vs_shirt,within_tops,coarse_fc,coarse,fc,50,128,32,42,10,5,50,0.78341,0.011600356257724266,0.782298783532196,0.011765745401597047,0.78341,0.011600356257724254,0.1
tshirt_vs_shirt,within_tops,coarse_fc,coarse,fc,80,128,32,42,10,5,50,0.78598,0.007022529342576439,0.7848036792989005,0.007591616867842708,0.7859800000000001,0.0070225293425764295,0.1
tshirt_vs_shirt,within_tops,coarse_fc,coarse,fc,110,128,32,42,10,5,50,0.7880699999999998,0.009094184057597994,0.7870566980016322,0.009503001796057313,0.7880699999999998,0.009094184057597971,0.1
tshirt_vs_shirt,within_tops,coarse_fc,coarse,fc,150,128,32,42,10,5,50,0.79133,0.009334820702671286,0.7903775563493299,0.009847704696852061,0.79133,0.009334820702671272,0.1
tshirt_vs_shirt,within_tops,coarse_fc,coarse,fc,200,128,32,42,10,5,50,0.79217,0.00879854463846733,0.7913561360486129,0.009197872627788494,0.79217,0.008798544638467319,0.1
