task,task_category,comparison,family,layer,sample_size,original_feature_count,feature_count,source_seed,n_sampling_repeats,n_projection_seeds,n_pairs,test_accuracy_mean,test_accuracy_std,test_macro_f1_mean,test_macro_f1_std,test_balanced_accuracy_mean,test_balanced_accuracy_std
coat_vs_non_tops,cross_pooled,coarse_minus_random,coarse,conv1,10,3136,32,42,10,5,50,0.011865714285714287,0.0759126419280618,0.004677540164011551,0.07813985862837353,-0.014328333333333323,0.06007718110821525
coat_vs_non_tops,cross_pooled,coarse_minus_random,coarse,conv1,20,3136,32,42,10,5,50,-0.008271428571428572,0.037709727284372184,-0.013346887725169987,0.04563328334527925,-0.015108333333333312,0.03098126971460743
coat_vs_non_tops,cross_pooled,coarse_minus_random,coarse,conv1,30,3136,32,42,10,5,50,-0.01327142857142858,0.02795804034605556,-0.019255624907364873,0.035319680705880145,-0.01629999999999997,0.02317464258531111
coat_vs_non_tops,cross_pooled,coarse_minus_random,coarse,conv1,50,3136,32,42,10,5,50,-0.010508571428571431,0.023405559344877105,-0.016481356040935858,0.03002032394530413,-0.015163333333333327,0.017884217253136058
coat_vs_non_tops,cross_pooled,coarse_minus_random,coarse,conv1,80,3136,32,42,10,5,50,-0.018485714285714286,0.02057899925479928,-0.02669578284974262,0.027637477704609458,-0.017791666666666647,0.01290435830066442
coat_vs_non_tops,cross_pooled,coarse_minus_random,coarse,conv1,110,3136,32,42,10,5,50,-0.015042857142857144,0.017381172702518818,-0.022600071733667074,0.02404194061562698,-0.016358333333333325,0.012434149108763212
coat_vs_non_tops,cross_pooled,coarse_minus_random,coarse,conv1,150,3136,32,42,10,5,50,-0.015937142857142848,0.014847388589861829,-0.023879443872440703,0.020763092715422295,-0.01615499999999997,0.011270106874245513
coat_vs_non_tops,cross_pooled,coarse_minus_random,coarse,conv1,200,3136,32,42,10,5,50,-0.01713428571428571,0.013084208412723659,-0.025426384140592395,0.017845777086327196,-0.016703333333333327,0.008882566558271977
coat_vs_non_tops,cross_pooled,coarse_minus_random,coarse,conv2,10,1568,32,42,10,5,50,0.06792571428571428,0.06765020919281578,0.07159208498587198,0.06839046944911281,0.048256666666666656,0.04497846499076163
coat_vs_non_tops,cross_pooled,coarse_minus_random,coarse,conv2,20,1568,32,42,10,5,50,0.03155142857142856,0.03856483055542226,0.03949851380842033,0.04472910569230105,0.024196666666666655,0.023688452653469073
coat_vs_non_tops,cross_pooled,coarse_minus_random,coarse,conv2,30,1568,32,42,10,5,50,0.03183714285714287,0.03135575994612872,0.04049430637487186,0.039275543391935834,0.02296333333333335,0.024596149432246972
coat_vs_non_tops,cross_pooled,coarse_minus_random,coarse,conv2,50,1568,32,42,10,5,50,0.029877142857142856,0.028858037829264646,0.039265176212197515,0.03628564565007101,0.019570000000000004,0.018651273414970897
coat_vs_non_tops,cross_pooled,coarse_minus_random,coarse,conv2,80,1568,32,42,10,5,50,0.01768285714285715,0.02015577176295333,0.024523711783761216,0.027049453605844397,0.011165000000000005,0.01401525215912651
coat_vs_non_tops,cross_pooled,coarse_minus_random,coarse,conv2,110,1568,32,42,10,5,50,0.01107714285714285,0.01672660854953407,0.015906094150275128,0.023137049493416266,0.0076366666666666805,0.009654193219115634
coat_vs_non_tops,cross_pooled,coarse_minus_random,coarse,conv2,150,1568,32,42,10,5,50,0.010745714285714289,0.015691058635930257,0.015732449486837552,0.022168253036371058,0.007793333333333334,0.00992443444700857
coat_vs_non_tops,cross_pooled,coarse_minus_random,coarse,conv2,200,1568,32,42,10,5,50,0.010042857142857136,0.013513756546324786,0.014681136782252843,0.019145522752637163,0.006983333333333324,0.009630812583598963
coat_vs_non_tops,cross_pooled,coarse_minus_random,coarse,fc,10,128,32,42,10,5,50,0.17346,0.0685376939006157,0.21979326232389,0.06395563038026299,0.12846,0.0350888378540828
coat_vs_non_tops,cross_pooled,coarse_minus_random,coarse,fc,20,128,32,42,10,5,50,0.12136,0.034756656765350336,0.17281164292868212,0.03953134566633786,0.09416000000000001,0.02115784566317128
coat_vs_non_tops,cross_pooled,coarse_minus_random,coarse,fc,30,128,32,42,10,5,50,0.10851714285714285,0.0355112114565063,0.15730951342385488,0.03882852790421974,0.08487666666666666,0.019937702294625506
coat_vs_non_tops,cross_pooled,coarse_minus_random,coarse,fc,50,128,32,42,10,5,50,0.0897514285714286,0.03481604911725257,0.13484029334402747,0.041248876621558385,0.073455,0.018846950483221596
coat_vs_non_tops,cross_pooled,coarse_minus_random,coarse,fc,80,128,32,42,10,5,50,0.07278000000000001,0.023347816631134184,0.11502645078610443,0.029848654078519356,0.061963333333333336,0.014309406544167319
coat_vs_non_tops,cross_pooled,coarse_minus_random,coarse,fc,110,128,32,42,10,5,50,0.06632857142857143,0.020390303409615874,0.10635454853798595,0.026363544673811946,0.057291666666666644,0.011388213090397043
coat_vs_non_tops,cross_pooled,coarse_minus_random,coarse,fc,150,128,32,42,10,5,50,0.061982857142857145,0.018403516314679895,0.10005726353765405,0.02440969431681468,0.053623333333333356,0.00958618324971166
coat_vs_non_tops,cross_pooled,coarse_minus_random,coarse,fc,200,128,32,42,10,5,50,0.05765142857142857,0.016632344056225642,0.09368352235192866,0.02247950141970817,0.05091333333333334,0.00914063961202971
coat_vs_non_tops,cross_pooled,fine_minus_random,fine,conv1,10,3136,32,42,10,5,50,0.019065714285714287,0.06115652152426541,0.016085369771053296,0.06237311424070468,0.0025133333333333297,0.044558763208652985
coat_vs_non_tops,cross_pooled,fine_minus_random,fine,conv1,20,3136,32,42,10,5,50,0.006997142857142864,0.03172520351564542,0.006700146947914712,0.03718326894513269,0.0004066666666666663,0.021379193373395815
coat_vs_non_tops,cross_pooled,fine_minus_random,fine,conv1,30,3136,32,42,10,5,50,0.003919999999999992,0.021368334382579155,0.003379647357728011,0.025871303301938858,-0.0007633333333333203,0.016677474047036293
coat_vs_non_tops,cross_pooled,fine_minus_random,fine,conv1,50,3136,32,42,10,5,50,0.002745714285714287,0.0160845664474028,0.002460411207514326,0.020744293156169564,-0.0014316666666666577,0.014271140284200755
coat_vs_non_tops,cross_pooled,fine_minus_random,fine,conv1,80,3136,32,42,10,5,50,-0.00333142857142857,0.01455988910256132,-0.005038956990634349,0.020607948345956615,-0.004376666666666662,0.01099063247805027
coat_vs_non_tops,cross_pooled,fine_minus_random,fine,conv1,110,3136,32,42,10,5,50,-0.0028657142857142935,0.011800627899628453,-0.0040406202703242465,0.016673156200797835,-0.0026383333333333423,0.008045128700337162
coat_vs_non_tops,cross_pooled,fine_minus_random,fine,conv1,150,3136,32,42,10,5,50,-0.004180000000000004,0.010667197204979039,-0.006127764825226423,0.015229523092863304,-0.0040383333333333105,0.008261393733337799
coat_vs_non_tops,cross_pooled,fine_minus_random,fine,conv1,200,3136,32,42,10,5,50,-0.004059999999999988,0.008017114658460184,-0.006081491025153172,0.011484393837918248,-0.0039766666666666665,0.006664030941556519
coat_vs_non_tops,cross_pooled,fine_minus_random,fine,conv2,10,1568,32,42,10,5,50,0.06316000000000001,0.08006767046314274,0.06302416690584638,0.0767509527244184,0.04196833333333333,0.048553205877886245
coat_vs_non_tops,cross_pooled,fine_minus_random,fine,conv2,20,1568,32,42,10,5,50,0.022314285714285714,0.03562110292735098,0.02631249454403666,0.040025211700237255,0.015016666666666652,0.024060787295115058
coat_vs_non_tops,cross_pooled,fine_minus_random,fine,conv2,30,1568,32,42,10,5,50,0.02118000000000001,0.03026804878376168,0.025144013283447942,0.035963892643297884,0.012555,0.023308682374520467
coat_vs_non_tops,cross_pooled,fine_minus_random,fine,conv2,50,1568,32,42,10,5,50,0.017085714285714294,0.027978289316055307,0.020037134773914334,0.03502735670469185,0.007783333333333347,0.020015994171555338
coat_vs_non_tops,cross_pooled,fine_minus_random,fine,conv2,80,1568,32,42,10,5,50,0.006357142857142855,0.021095551246230585,0.008005092815056862,0.028550808286321453,0.002624999999999997,0.015737755291336076
coat_vs_non_tops,cross_pooled,fine_minus_random,fine,conv2,110,1568,32,42,10,5,50,0.0027257142857142844,0.01815523417952207,0.003426584123729337,0.025496174569026968,0.0009566666666666746,0.013667229123982579
coat_vs_non_tops,cross_pooled,fine_minus_random,fine,conv2,150,1568,32,42,10,5,50,0.001922857142857155,0.015578988455591669,0.0025427601971515943,0.0219554850187183,0.0015133333333333355,0.012022623232379652
coat_vs_non_tops,cross_pooled,fine_minus_random,fine,conv2,200,1568,32,42,10,5,50,5.4285714285711165e-05,0.013896412452514351,0.00014798789618331476,0.019646613250988206,0.0014316666666666534,0.010551188394233722
coat_vs_non_tops,cross_pooled,fine_minus_random,fine,fc,10,128,32,42,10,5,50,0.1373085714285714,0.07960392561254719,0.16797842554119902,0.08294686081759195,0.10093,0.04357692640307746
coat_vs_non_tops,cross_pooled,fine_minus_random,fine,fc,20,128,32,42,10,5,50,0.10466857142857142,0.03938124552320262,0.14503999955068098,0.04947656650594229,0.07891499999999999,0.023390227587576824
coat_vs_non_tops,cross_pooled,fine_minus_random,fine,fc,30,128,32,42,10,5,50,0.0949,0.03167048757792613,0.13468028064443072,0.03740325935788037,0.07160833333333333,0.018715029747114316
coat_vs_non_tops,cross_pooled,fine_minus_random,fine,fc,50,128,32,42,10,5,50,0.07866285714285715,0.028472258797519086,0.11623162177496557,0.03448635863775592,0.062270000000000006,0.016530554407670154
coat_vs_non_tops,cross_pooled,fine_minus_random,fine,fc,80,128,32,42,10,5,50,0.06620000000000001,0.021858695804127762,0.10351026850575806,0.02920794803797202,0.05424166666666666,0.013039907457798025
coat_vs_non_tops,cross_pooled,fine_minus_random,fine,fc,110,128,32,42,10,5,50,0.06243428571428572,0.020498797924955982,0.0992659834025122,0.02746007822007453,0.051378333333333324,0.010453753164075548
coat_vs_non_tops,cross_pooled,fine_minus_random,fine,fc,150,128,32,42,10,5,50,0.059237142857142856,0.019190459286152952,0.09501327094685479,0.026249145264328474,0.04859666666666666,0.009075901284554848
coat_vs_non_tops,cross_pooled,fine_minus_random,fine,fc,200,128,32,42,10,5,50,0.055,0.01628369380336402,0.0888154312182534,0.022149040111808814,0.046625000000000014,0.008448091634657706
coat_vs_shirt,within_tops,coarse_minus_random,coarse,conv1,10,3136,32,42,10,5,50,-0.04313000000000001,0.049779084412009414,-0.044421652421766496,0.05611601014716518,-0.04313000000000001,0.049779084412009414
coat_vs_shirt,within_tops,coarse_minus_random,coarse,conv1,20,3136,32,42,10,5,50,-0.03566999999999999,0.040073097749803506,-0.035012253019475706,0.04206877084430744,-0.03567000000000001,0.04007309774980351
coat_vs_shirt,within_tops,coarse_minus_random,coarse,conv1,30,3136,32,42,10,5,50,-0.03631000000000001,0.035874482148008154,-0.036496745707545485,0.036697974374631556,-0.03631,0.03587448214800813
coat_vs_shirt,within_tops,coarse_minus_random,coarse,conv1,50,3136,32,42,10,5,50,-0.03665,0.023659629355179887,-0.03689344615331835,0.02425832426879322,-0.03664999999999999,0.023659629355179883
coat_vs_shirt,within_tops,coarse_minus_random,coarse,conv1,80,3136,32,42,10,5,50,-0.03136,0.02236251418817495,-0.0314218066222728,0.022812001539670484,-0.03136,0.022362514188174965
coat_vs_shirt,within_tops,coarse_minus_random,coarse,conv1,110,3136,32,42,10,5,50,-0.030979999999999994,0.020955238982562966,-0.030999607310639013,0.021169458378232985,-0.030980000000000008,0.020955238982562973
coat_vs_shirt,within_tops,coarse_minus_random,coarse,conv1,150,3136,32,42,10,5,50,-0.02900999999999999,0.017339788502346923,-0.029013740580308853,0.017489732158877943,-0.029010000000000008,0.017339788502346933
coat_vs_shirt,within_tops,coarse_minus_random,coarse,conv1,200,3136,32,42,10,5,50,-0.029929999999999995,0.018690554746574373,-0.02990415089465197,0.01883055262894629,-0.02993,0.018690554746574387
coat_vs_shirt,within_tops,coarse_minus_random,coarse,conv2,10,1568,32,42,10,5,50,-0.0015699999999999959,0.048141374500272734,-0.0020352113104903126,0.05199504902470564,-0.001570000000000007,0.048141374500272754
coat_vs_shirt,within_tops,coarse_minus_random,coarse,conv2,20,1568,32,42,10,5,50,-0.005590000000000004,0.044806578644166956,-0.006259448339334897,0.04593018064619103,-0.005589999999999997,0.04480657864416695
coat_vs_shirt,within_tops,coarse_minus_random,coarse,conv2,30,1568,32,42,10,5,50,-0.00607999999999999,0.05169231577521055,-0.006884961246355403,0.053057808562695395,-0.006079999999999997,0.051692315775210544
coat_vs_shirt,within_tops,coarse_minus_random,coarse,conv2,50,1568,32,42,10,5,50,-0.00816999999999999,0.036516086754151716,-0.00830532338360681,0.03696753955776348,-0.008169999999999995,0.03651608675415172
coat_vs_shirt,within_tops,coarse_minus_random,coarse,conv2,80,1568,32,42,10,5,50,-0.005940000000000005,0.031088688145565813,-0.005895799537171513,0.031312275837051394,-0.0059400000000000095,0.031088688145565833
coat_vs_shirt,within_tops,coarse_minus_random,coarse,conv2,110,1568,32,42,10,5,50,-0.005520000000000001,0.027192803669878755,-0.005493213132128489,0.027367310114033747,-0.005519999999999996,0.027192803669878748
coat_vs_shirt,within_tops,coarse_minus_random,coarse,conv2,150,1568,32,42,10,5,50,-0.007319999999999993,0.024706183643049388,-0.007317061914740202,0.024892444640498446,-0.00732,0.024706183643049415
coat_vs_shirt,within_tops,coarse_minus_random,coarse,conv2,200,1568,32,42,10,5,50,-0.00482,0.027002033181195217,-0.00485566641511654,0.0271280812056647,-0.004820000000000008,0.02700203318119523
coat_vs_shirt,within_tops,coarse_minus_random,coarse,fc,10,128,32,42,10,5,50,0.046669999999999996,0.061287513293608896,0.04933438087252858,0.06379018939328861,0.046669999999999996,0.061287513293608875
coat_vs_shirt,within_tops,coarse_minus_random,coarse,fc,20,128,32,42,10,5,50,0.04571999999999998,0.061246837486035294,0.04673323926625204,0.06103734037660558,0.04571999999999998,0.06124683748603526
coat_vs_shirt,within_tops,coarse_minus_random,coarse,fc,30,128,32,42,10,5,50,0.03960000000000001,0.041960258165389334,0.03928681906648647,0.04245428574311422,0.039599999999999996,0.04196025816538934
coat_vs_shirt,within_tops,coarse_minus_random,coarse,fc,50,128,32,42,10,5,50,0.03757,0.027287025024613387,0.037449069758944395,0.027378537956223227,0.03757,0.027287025024613387
coat_vs_shirt,within_tops,coarse_minus_random,coarse,fc,80,128,32,42,10,5,50,0.03619999999999999,0.023398281813772893,0.03634501761913998,0.023401702496677255,0.0362,0.023398281813772875
coat_vs_shirt,within_tops,coarse_minus_random,coarse,fc,110,128,32,42,10,5,50,0.037610000000000005,0.017129843274596674,0.03763265875754939,0.017241392038791322,0.03761,0.01712984327459668
coat_vs_shirt,within_tops,coarse_minus_random,coarse,fc,150,128,32,42,10,5,50,0.03734,0.01801910550680322,0.03728093785036796,0.01815494403180337,0.03734,0.018019105506803204
coat_vs_shirt,within_tops,coarse_minus_random,coarse,fc,200,128,32,42,10,5,50,0.03796,0.014930396334119116,0.0379416298892309,0.0149823961006567,0.037959999999999994,0.01493039633411912
coat_vs_shirt,within_tops,fine_minus_random,fine,conv1,10,3136,32,42,10,5,50,-0.01833000000000001,0.040807863637954356,-0.01934288192537551,0.043113019055182035,-0.018330000000000006,0.040807863637954356
coat_vs_shirt,within_tops,fine_minus_random,fine,conv1,20,3136,32,42,10,5,50,-0.011140000000000004,0.030893173408785748,-0.010547416174891293,0.03272451748030365,-0.01114000000000001,0.03089317340878574
coat_vs_shirt,within_tops,fine_minus_random,fine,conv1,30,3136,32,42,10,5,50,-0.012210000000000004,0.03166358398887291,-0.012593822492909247,0.03292829760966585,-0.012210000000000014,0.031663583988872895
coat_vs_shirt,within_tops,fine_minus_random,fine,conv1,50,3136,32,42,10,5,50,-0.014499999999999996,0.022822741969807398,-0.014606869953560642,0.023453638957348578,-0.014499999999999999,0.022822741969807405
coat_vs_shirt,within_tops,fine_minus_random,fine,conv1,80,3136,32,42,10,5,50,-0.01387,0.018403862172303474,-0.013876594210065221,0.01888541072476788,-0.013869999999999999,0.018403862172303487
coat_vs_shirt,within_tops,fine_minus_random,fine,conv1,110,3136,32,42,10,5,50,-0.011850000000000006,0.019746415329556576,-0.01181983300663436,0.020075312615690143,-0.011850000000000001,0.019746415329556562
coat_vs_shirt,within_tops,fine_minus_random,fine,conv1,150,3136,32,42,10,5,50,-0.00789,0.015208177848427068,-0.007770757816018384,0.015364021423061246,-0.007889999999999986,0.015208177848427075
coat_vs_shirt,within_tops,fine_minus_random,fine,conv1,200,3136,32,42,10,5,50,-0.012549999999999997,0.015693574013146996,-0.012437726269309984,0.015793430969116073,-0.012549999999999988,0.015693574013146992
coat_vs_shirt,within_tops,fine_minus_random,fine,conv2,10,1568,32,42,10,5,50,-0.0022599999999999977,0.04672119215001225,-0.004150820360104792,0.04970614871420258,-0.00226,0.04672119215001227
coat_vs_shirt,within_tops,fine_minus_random,fine,conv2,20,1568,32,42,10,5,50,0.0009399999999999964,0.03838043187641858,0.0003180426235084588,0.03952320040489599,0.0009399999999999809,0.03838043187641859
coat_vs_shirt,within_tops,fine_minus_random,fine,conv2,30,1568,32,42,10,5,50,0.0020700000000000007,0.03404903576806095,0.001978757447029922,0.034358918367204394,0.002070000000000012,0.034049035768060947
coat_vs_shirt,within_tops,fine_minus_random,fine,conv2,50,1568,32,42,10,5,50,0.008489999999999998,0.025180671644930284,0.008443219517745133,0.02553978699186804,0.008490000000000018,0.02518067164493029
coat_vs_shirt,within_tops,fine_minus_random,fine,conv2,80,1568,32,42,10,5,50,0.007999999999999993,0.020305071247531916,0.008066087437157882,0.02048255960674251,0.008000000000000009,0.02030507124753191
coat_vs_shirt,within_tops,fine_minus_random,fine,conv2,110,1568,32,42,10,5,50,0.008710000000000013,0.020638800886699216,0.008747909908339848,0.02077212146304076,0.008710000000000006,0.02063880088669921
coat_vs_shirt,within_tops,fine_minus_random,fine,conv2,150,1568,32,42,10,5,50,0.007410000000000001,0.01680703509163434,0.007419441739756911,0.016847795036397696,0.00741000000000001,0.016807035091634375
coat_vs_shirt,within_tops,fine_minus_random,fine,conv2,200,1568,32,42,10,5,50,0.009860000000000015,0.01624526304584113,0.00987456039329538,0.016246910764313317,0.009860000000000002,0.01624526304584114
coat_vs_shirt,within_tops,fine_minus_random,fine,fc,10,128,32,42,10,5,50,0.1874,0.041082420889261735,0.19090972530550956,0.04159183533513634,0.1874,0.04108242088926172
coat_vs_shirt,within_tops,fine_minus_random,fine,fc,20,128,32,42,10,5,50,0.19261,0.05158797617385552,0.19426766972795506,0.05182849421182678,0.19261,0.051587976173855535
coat_vs_shirt,within_tops,fine_minus_random,fine,fc,30,128,32,42,10,5,50,0.19774999999999998,0.030676762793851047,0.19910240498090842,0.030878404773566268,0.19774999999999998,0.030676762793851047
coat_vs_shirt,within_tops,fine_minus_random,fine,fc,50,128,32,42,10,5,50,0.17911,0.018414803827355847,0.17977411796070977,0.018689559419077906,0.17911000000000005,0.01841480382735585
coat_vs_shirt,within_tops,fine_minus_random,fine,fc,80,128,32,42,10,5,50,0.16904,0.019248069078879233,0.16950849984874616,0.01933037068565936,0.16904000000000002,0.01924806907887922
coat_vs_shirt,within_tops,fine_minus_random,fine,fc,110,128,32,42,10,5,50,0.16108,0.01454141165985011,0.16148095102279536,0.014539252249166027,0.16108,0.014541411659850106
coat_vs_shirt,within_tops,fine_minus_random,fine,fc,150,128,32,42,10,5,50,0.15393,0.011279840243477177,0.15415810182675643,0.011303283773617978,0.15393,0.011279840243477182
coat_vs_shirt,within_tops,fine_minus_random,fine,fc,200,128,32,42,10,5,50,0.14835,0.012313196007469673,0.14851914544171152,0.012334864953940566,0.14835000000000004,0.012313196007469704
pullover_vs_coat,within_tops,coarse_minus_random,coarse,conv1,10,3136,32,42,10,5,50,-0.012920000000000001,0.04434102076462583,-0.014477332440044397,0.046703103634364425,-0.012920000000000011,0.04434102076462583
pullover_vs_coat,within_tops,coarse_minus_random,coarse,conv1,20,3136,32,42,10,5,50,-0.013189999999999995,0.030378377447232617,-0.01329766404315377,0.0311415938985121,-0.013190000000000009,0.030378377447232603
pullover_vs_coat,within_tops,coarse_minus_random,coarse,conv1,30,3136,32,42,10,5,50,-0.01817000000000001,0.02810487102817239,-0.01804919421900511,0.029857480354323312,-0.01817,0.0281048710281724
pullover_vs_coat,within_tops,coarse_minus_random,coarse,conv1,50,3136,32,42,10,5,50,-0.024879999999999996,0.026013254078548157,-0.025073449345006566,0.026207978996527923,-0.024879999999999985,0.026013254078548154
pullover_vs_coat,within_tops,coarse_minus_random,coarse,conv1,80,3136,32,42,10,5,50,-0.026899999999999993,0.023288343409858712,-0.027355928608559617,0.02345062286274148,-0.02689999999999999,0.02328834340985872
pullover_vs_coat,within_tops,coarse_minus_random,coarse,conv1,110,3136,32,42,10,5,50,-0.027840000000000007,0.02152891743015161,-0.02797200818135521,0.021559338150465047,-0.02783999999999999,0.021528917430151617
pullover_vs_coat,within_tops,coarse_minus_random,coarse,conv1,150,3136,32,42,10,5,50,-0.026510000000000002,0.016315602273622033,-0.026695010462255465,0.016418262396355854,-0.026510000000000002,0.016315602273622023
pullover_vs_coat,within_tops,coarse_minus_random,coarse,conv1,200,3136,32,42,10,5,50,-0.031580000000000004,0.01739028581755707,-0.03167105973670432,0.017386440236973985,-0.031580000000000025,0.017390285817557076
pullover_vs_coat,within_tops,coarse_minus_random,coarse,conv2,10,1568,32,42,10,5,50,0.02400999999999999,0.04816886643753983,0.026818576027625513,0.05176885055567885,0.024009999999999997,0.04816886643753983
pullover_vs_coat,within_tops,coarse_minus_random,coarse,conv2,20,1568,32,42,10,5,50,0.025090000000000005,0.036893765028242695,0.026191556605704557,0.037820638408178946,0.025089999999999987,0.03689376502824269
pullover_vs_coat,within_tops,coarse_minus_random,coarse,conv2,30,1568,32,42,10,5,50,0.01702,0.04072906498673738,0.017967423807906564,0.04191239873447354,0.017019999999999983,0.040729064986737396
pullover_vs_coat,within_tops,coarse_minus_random,coarse,conv2,50,1568,32,42,10,5,50,0.013199999999999996,0.035967247005336093,0.013210343246156823,0.03620192337747266,0.013200000000000014,0.03596724700533608
pullover_vs_coat,within_tops,coarse_minus_random,coarse,conv2,80,1568,32,42,10,5,50,0.011500000000000003,0.028799092956238077,0.011525110063017152,0.02882595741194965,0.011500000000000003,0.02879909295623807
pullover_vs_coat,within_tops,coarse_minus_random,coarse,conv2,110,1568,32,42,10,5,50,0.007110000000000005,0.023829815400896757,0.00708553981849329,0.023889859240361973,0.007110000000000005,0.02382981540089675
pullover_vs_coat,within_tops,coarse_minus_random,coarse,conv2,150,1568,32,42,10,5,50,0.013709999999999986,0.022127204144792127,0.0137714580512535,0.022243861704790428,0.01371000000000001,0.022127204144792138
pullover_vs_coat,within_tops,coarse_minus_random,coarse,conv2,200,1568,32,42,10,5,50,0.009349999999999994,0.0189209553411134,0.009430574961235562,0.019072828253619896,0.009349999999999995,0.018920955341113425
pullover_vs_coat,within_tops,coarse_minus_random,coarse,fc,10,128,32,42,10,5,50,0.032139999999999995,0.05090828487965151,0.03239888775376182,0.055440307013269484,0.03214,0.05090828487965152
pullover_vs_coat,within_tops,coarse_minus_random,coarse,fc,20,128,32,42,10,5,50,0.03011,0.058967587949410226,0.030194061472895887,0.05747859498539704,0.03011,0.058967587949410205
pullover_vs_coat,within_tops,coarse_minus_random,coarse,fc,30,128,32,42,10,5,50,0.03095,0.04101695144842493,0.03188963340799466,0.04096508037003659,0.030950000000000005,0.04101695144842493
pullover_vs_coat,within_tops,coarse_minus_random,coarse,fc,50,128,32,42,10,5,50,0.06613,0.03269428739965789,0.06650305590111852,0.033201136096477964,0.06613000000000001,0.03269428739965788
pullover_vs_coat,within_tops,coarse_minus_random,coarse,fc,80,128,32,42,10,5,50,0.06621,0.029442799958355772,0.06622186928443531,0.029569762050310703,0.06621,0.02944279995835578
pullover_vs_coat,within_tops,coarse_minus_random,coarse,fc,110,128,32,42,10,5,50,0.06205,0.02488632318428444,0.061963348463656406,0.02492620719874494,0.06205000000000002,0.02488632318428444
pullover_vs_coat,within_tops,coarse_minus_random,coarse,fc,150,128,32,42,10,5,50,0.06609000000000001,0.025907348654111907,0.06600966503954472,0.025932661557812993,0.06609000000000001,0.025907348654111925
pullover_vs_coat,within_tops,coarse_minus_random,coarse,fc,200,128,32,42,10,5,50,0.06331000000000002,0.023737916367478174,0.0633187696653605,0.023759881434642638,0.06331000000000002,0.023737916367478167
pullover_vs_coat,within_tops,fine_minus_random,fine,conv1,10,3136,32,42,10,5,50,-0.0027199999999999967,0.03816841840141279,-0.004453814310073301,0.03960849436818394,-0.002720000000000018,0.038168418401412774
pullover_vs_coat,within_tops,fine_minus_random,fine,conv1,20,3136,32,42,10,5,50,0.0052800000000000095,0.031011380399551935,0.005795764687766107,0.03175031287830186,0.00528,0.031011380399551924
pullover_vs_coat,within_tops,fine_minus_random,fine,conv1,30,3136,32,42,10,5,50,0.005949999999999991,0.024225818997970928,0.00635241988797748,0.025076987360415918,0.0059499999999999996,0.024225818997970945
pullover_vs_coat,within_tops,fine_minus_random,fine,conv1,50,3136,32,42,10,5,50,-0.003990000000000002,0.028414118723922143,-0.004062340099187216,0.028725100794641693,-0.003989999999999996,0.028414118723922153
pullover_vs_coat,within_tops,fine_minus_random,fine,conv1,80,3136,32,42,10,5,50,0.0002799999999999869,0.02038986342799394,0.00023486541243804558,0.020554420032075874,0.00028000000000002025,0.02038986342799394
pullover_vs_coat,within_tops,fine_minus_random,fine,conv1,110,3136,32,42,10,5,50,0.0008999999999999964,0.02287343169598784,0.000969857412377757,0.022981988000366178,0.0009000000000000141,0.022873431695987836
pullover_vs_coat,within_tops,fine_minus_random,fine,conv1,150,3136,32,42,10,5,50,0.000149999999999999,0.02198358617752095,0.00015827790434344902,0.02202173003658753,0.00015000000000000568,0.021983586177520918
pullover_vs_coat,within_tops,fine_minus_random,fine,conv1,200,3136,32,42,10,5,50,-0.000990000000000002,0.020787920845077905,-0.000967955525879427,0.020829878475100365,-0.0009899999999999998,0.020787920845077926
pullover_vs_coat,within_tops,fine_minus_random,fine,conv2,10,1568,32,42,10,5,50,0.03108,0.05383585786292195,0.03218914124796411,0.0595401114956721,0.03108000000000001,0.05383585786292194
pullover_vs_coat,within_tops,fine_minus_random,fine,conv2,20,1568,32,42,10,5,50,0.03130000000000001,0.0435245649616632,0.03200844693244017,0.04558202295932396,0.0313,0.0435245649616632
pullover_vs_coat,within_tops,fine_minus_random,fine,conv2,30,1568,32,42,10,5,50,0.025860000000000005,0.049050894019188204,0.026762378528095966,0.05029530088082246,0.025859999999999994,0.049050894019188204
pullover_vs_coat,within_tops,fine_minus_random,fine,conv2,50,1568,32,42,10,5,50,0.028259999999999993,0.03939675735128361,0.028344121264399922,0.03953932980869462,0.02826,0.03939675735128361
pullover_vs_coat,within_tops,fine_minus_random,fine,conv2,80,1568,32,42,10,5,50,0.031020000000000002,0.039301809689859815,0.031029801774547016,0.03960506660470478,0.031020000000000013,0.03930180968985983
pullover_vs_coat,within_tops,fine_minus_random,fine,conv2,110,1568,32,42,10,5,50,0.02993000000000001,0.031622939555367865,0.029894259650199633,0.03184813480158222,0.02993,0.03162293955536786
pullover_vs_coat,within_tops,fine_minus_random,fine,conv2,150,1568,32,42,10,5,50,0.03633,0.03275661796352247,0.03643966257730291,0.03287289809458704,0.03633000000000001,0.03275661796352248
pullover_vs_coat,within_tops,fine_minus_random,fine,conv2,200,1568,32,42,10,5,50,0.036980000000000006,0.02705039891817962,0.03710964233735793,0.02715052301803262,0.036980000000000006,0.02705039891817961
pullover_vs_coat,within_tops,fine_minus_random,fine,fc,10,128,32,42,10,5,50,0.24169000000000002,0.06760787977864166,0.24548088096596118,0.07163285060185821,0.24169000000000002,0.06760787977864166
pullover_vs_coat,within_tops,fine_minus_random,fine,fc,20,128,32,42,10,5,50,0.22071,0.03670290123660081,0.2234291159847945,0.0365884645303013,0.22071,0.03670290123660079
pullover_vs_coat,within_tops,fine_minus_random,fine,fc,30,128,32,42,10,5,50,0.21467000000000003,0.03320969399904498,0.21686451860607536,0.034210155485862793,0.21467000000000003,0.033209693999044984
pullover_vs_coat,within_tops,fine_minus_random,fine,fc,50,128,32,42,10,5,50,0.21177999999999997,0.027444407630773923,0.212530898631712,0.02776020946228736,0.21178,0.02744440763077391
pullover_vs_coat,within_tops,fine_minus_random,fine,fc,80,128,32,42,10,5,50,0.19601,0.028378363776163085,0.1964491599461851,0.028551777632065612,0.19601,0.028378363776163085
pullover_vs_coat,within_tops,fine_minus_random,fine,fc,110,128,32,42,10,5,50,0.184,0.025030593525621776,0.18418812184513544,0.025157864572868824,0.18400000000000002,0.02503059352562177
pullover_vs_coat,within_tops,fine_minus_random,fine,fc,150,128,32,42,10,5,50,0.18232999999999996,0.025359981732434027,0.18245619088271628,0.025393741316906266,0.18233000000000005,0.02535998173243404
pullover_vs_coat,within_tops,fine_minus_random,fine,fc,200,128,32,42,10,5,50,0.17639,0.021882172876474554,0.17648922171294934,0.021897264881953187,0.17639,0.021882172876474554
pullover_vs_non_tops,cross_pooled,coarse_minus_random,coarse,conv1,10,3136,32,42,10,5,50,-0.017831428571428574,0.062676966057203,-0.023582763372267886,0.07162035970621626,-0.02226833333333333,0.051166548366767005
pullover_vs_non_tops,cross_pooled,coarse_minus_random,coarse,conv1,20,3136,32,42,10,5,50,-0.014862857142857133,0.03994453630775198,-0.022148177761097797,0.05069953109311532,-0.016511666666666647,0.030936378693117772
pullover_vs_non_tops,cross_pooled,coarse_minus_random,coarse,conv1,30,3136,32,42,10,5,50,-0.01972,0.02736650168382255,-0.029813072264995605,0.03600119732005587,-0.022828333333333336,0.021823252917790043
pullover_vs_non_tops,cross_pooled,coarse_minus_random,coarse,conv1,50,3136,32,42,10,5,50,-0.018362857142857153,0.022698212220000354,-0.02936276210988555,0.02993124347796364,-0.02376166666666665,0.016105440289420837
pullover_vs_non_tops,cross_pooled,coarse_minus_random,coarse,conv1,80,3136,32,42,10,5,50,-0.025385714285714293,0.015678922573885107,-0.03977796682663978,0.021874857429248426,-0.02650833333333332,0.012671882317711238
pullover_vs_non_tops,cross_pooled,coarse_minus_random,coarse,conv1,110,3136,32,42,10,5,50,-0.02322857142857143,0.010592131646242352,-0.03691829249188262,0.01566166995975941,-0.02439166666666666,0.011314438155338296
pullover_vs_non_tops,cross_pooled,coarse_minus_random,coarse,conv1,150,3136,32,42,10,5,50,-0.024245714285714273,0.00907326098891286,-0.03788913748600299,0.01326126404490553,-0.023343333333333313,0.008969693240317437
pullover_vs_non_tops,cross_pooled,coarse_minus_random,coarse,conv1,200,3136,32,42,10,5,50,-0.02339428571428571,0.009762296040891407,-0.036657962425150965,0.014675109271833398,-0.023321666666666643,0.009294577729518836
pullover_vs_non_tops,cross_pooled,coarse_minus_random,coarse,conv2,10,1568,32,42,10,5,50,0.031431428571428575,0.05693626276366153,0.03899984180823845,0.06789004520912506,0.02871833333333334,0.05271194904379334
pullover_vs_non_tops,cross_pooled,coarse_minus_random,coarse,conv2,20,1568,32,42,10,5,50,0.007974285714285722,0.03236300624572973,0.014296170482301584,0.04711875050910915,0.01871833333333332,0.03562548042401924
pullover_vs_non_tops,cross_pooled,coarse_minus_random,coarse,conv2,30,1568,32,42,10,5,50,0.005745714285714281,0.0223702011064427,0.009904033151223133,0.03194971424210197,0.009734999999999999,0.023991534611049744
pullover_vs_non_tops,cross_pooled,coarse_minus_random,coarse,conv2,50,1568,32,42,10,5,50,0.0053942857142857134,0.017834132346470827,0.008530261368800179,0.02554191582463189,0.006354999999999991,0.01630852282294954
pullover_vs_non_tops,cross_pooled,coarse_minus_random,coarse,conv2,80,1568,32,42,10,5,50,-0.0029799999999999983,0.01479660828792607,-0.0037586949999672227,0.022257451779586355,0.00012833333333333696,0.014273071886099331
pullover_vs_non_tops,cross_pooled,coarse_minus_random,coarse,conv2,110,1568,32,42,10,5,50,-0.0045057142857142796,0.015362514078664326,-0.005882936707043449,0.023910086204544604,0.00018833333333331703,0.014693946973648665
pullover_vs_non_tops,cross_pooled,coarse_minus_random,coarse,conv2,150,1568,32,42,10,5,50,-0.0052228571428571445,0.015106843141579571,-0.007071531697421169,0.023479339946022502,-0.0009549999999999947,0.014056032690224563
pullover_vs_non_tops,cross_pooled,coarse_minus_random,coarse,conv2,200,1568,32,42,10,5,50,-0.004851428571428569,0.013805906298743875,-0.006868297815231552,0.02172544744987878,-0.0018799999999999971,0.013877982611336003
pullover_vs_non_tops,cross_pooled,coarse_minus_random,coarse,fc,10,128,32,42,10,5,50,0.12884857142857142,0.057945876670162814,0.1876860904935522,0.06642477083754554,0.10641999999999997,0.047539579404716294
pullover_vs_non_tops,cross_pooled,coarse_minus_random,coarse,fc,20,128,32,42,10,5,50,0.08758,0.02408696602995307,0.14286527033348598,0.0365767500708153,0.08313833333333333,0.03212005633101354
pullover_vs_non_tops,cross_pooled,coarse_minus_random,coarse,fc,30,128,32,42,10,5,50,0.08021428571428572,0.028456668214103406,0.12913224712747798,0.040992746906597724,0.06719166666666666,0.021201724208432464
pullover_vs_non_tops,cross_pooled,coarse_minus_random,coarse,fc,50,128,32,42,10,5,50,0.07080571428571429,0.022987796411140987,0.11729897259601253,0.03344420642682988,0.06273666666666666,0.016253286428531646
pullover_vs_non_tops,cross_pooled,coarse_minus_random,coarse,fc,80,128,32,42,10,5,50,0.05460857142857142,0.017609698068275052,0.09359956360657819,0.026351811026747975,0.052805,0.012837999527161933
pullover_vs_non_tops,cross_pooled,coarse_minus_random,coarse,fc,110,128,32,42,10,5,50,0.05387142857142859,0.01643401481629157,0.09247131328254063,0.024705203755101355,0.05076666666666667,0.011771504179908177
pullover_vs_non_tops,cross_pooled,coarse_minus_random,coarse,fc,150,128,32,42,10,5,50,0.05155142857142856,0.016438392551816935,0.08895689532144922,0.024924953104966147,0.04907999999999999,0.011286178411191776
pullover_vs_non_tops,cross_pooled,coarse_minus_random,coarse,fc,200,128,32,42,10,5,50,0.04894571428571428,0.015143486702354013,0.08430116290770595,0.02282744283936793,0.045410000000000006,0.010337883571345427
pullover_vs_non_tops,cross_pooled,fine_minus_random,fine,conv1,10,3136,32,42,10,5,50,-0.0016885714285714325,0.05926702568203083,-0.0035357766778757373,0.06661667409682902,-0.008218333333333334,0.04206553267362303
pullover_vs_non_tops,cross_pooled,fine_minus_random,fine,conv1,20,3136,32,42,10,5,50,-0.0013514285714285679,0.029177838863020143,-0.003466494813890133,0.0389292638834305,-0.002446666666666659,0.024328456551658616
pullover_vs_non_tops,cross_pooled,fine_minus_random,fine,conv1,30,3136,32,42,10,5,50,-0.0036542857142857145,0.020422527393938895,-0.006381226118798013,0.027717124043958347,-0.0060066666666666576,0.01469287662722199
pullover_vs_non_tops,cross_pooled,fine_minus_random,fine,conv1,50,3136,32,42,10,5,50,-0.004051428571428577,0.017513218902252114,-0.007043038646675152,0.024295090229488073,-0.006671666666666658,0.011571323363229337
pullover_vs_non_tops,cross_pooled,fine_minus_random,fine,conv1,80,3136,32,42,10,5,50,-0.008357142857142863,0.013193187001516211,-0.013346555231125174,0.0193300180532386,-0.007691666666666655,0.008789766293627994
pullover_vs_non_tops,cross_pooled,fine_minus_random,fine,conv1,110,3136,32,42,10,5,50,-0.005828571428571421,0.010574501168791026,-0.00962666236435852,0.015457493723206896,-0.00575,0.006997144704349441
pullover_vs_non_tops,cross_pooled,fine_minus_random,fine,conv1,150,3136,32,42,10,5,50,-0.007571428571428567,0.009099935695064582,-0.012154009903943337,0.01370255800262487,-0.0062833333333333205,0.007221452514365342
pullover_vs_non_tops,cross_pooled,fine_minus_random,fine,conv1,200,3136,32,42,10,5,50,-0.005868571428571425,0.008094292290258188,-0.009496519507243522,0.012340753692004023,-0.005006666666666664,0.005550169044023219
pullover_vs_non_tops,cross_pooled,fine_minus_random,fine,conv2,10,1568,32,42,10,5,50,0.04803142857142857,0.06693748934802213,0.059798627976251885,0.07614172414727646,0.039176666666666665,0.04974796922666161
pullover_vs_non_tops,cross_pooled,fine_minus_random,fine,conv2,20,1568,32,42,10,5,50,0.02250285714285716,0.0376413204415231,0.033657332299919046,0.05187085249554887,0.02585999999999999,0.03535891626144209
pullover_vs_non_tops,cross_pooled,fine_minus_random,fine,conv2,30,1568,32,42,10,5,50,0.018225714285714293,0.023704555417089476,0.026721358905328847,0.033631079075648454,0.015115000000000012,0.02382613640683479
pullover_vs_non_tops,cross_pooled,fine_minus_random,fine,conv2,50,1568,32,42,10,5,50,0.015234285714285718,0.020110497754904554,0.02271678644889681,0.029323985750350647,0.011095,0.018331431642248278
pullover_vs_non_tops,cross_pooled,fine_minus_random,fine,conv2,80,1568,32,42,10,5,50,0.008562857142857134,0.016551018143385443,0.013471669908190423,0.024781363162199404,0.0064533333333333396,0.01441031140641769
pullover_vs_non_tops,cross_pooled,fine_minus_random,fine,conv2,110,1568,32,42,10,5,50,0.006679999999999995,0.013770885391462909,0.010684387301831428,0.021340944590828092,0.005788333333333327,0.013083893462597031
pullover_vs_non_tops,cross_pooled,fine_minus_random,fine,conv2,150,1568,32,42,10,5,50,0.004408571428571433,0.012349789180171006,0.0074685398927611234,0.01904606059604607,0.005721666666666669,0.010738076892603886
pullover_vs_non_tops,cross_pooled,fine_minus_random,fine,conv2,200,1568,32,42,10,5,50,0.0033885714285714274,0.010945019539865158,0.00569216391845605,0.017028798964765376,0.004243333333333344,0.009772161278571993
pullover_vs_non_tops,cross_pooled,fine_minus_random,fine,fc,10,128,32,42,10,5,50,0.11102285714285713,0.05783036388514871,0.15614360348673378,0.06838206723758056,0.08954666666666668,0.04873927918630832
pullover_vs_non_tops,cross_pooled,fine_minus_random,fine,fc,20,128,32,42,10,5,50,0.07619999999999999,0.02701968369458523,0.12210403978578674,0.041491551432835505,0.07202499999999998,0.03245225976464813
pullover_vs_non_tops,cross_pooled,fine_minus_random,fine,fc,30,128,32,42,10,5,50,0.07182285714285715,0.026523241676334384,0.1135019674072881,0.038413058668490464,0.05770499999999999,0.02246345110368236
pullover_vs_non_tops,cross_pooled,fine_minus_random,fine,fc,50,128,32,42,10,5,50,0.06443142857142858,0.02255146347334627,0.10507186560601577,0.03305906213420419,0.05371833333333332,0.017647731557860973
pullover_vs_non_tops,cross_pooled,fine_minus_random,fine,fc,80,128,32,42,10,5,50,0.05074571428571429,0.018612497536774443,0.08612552001600783,0.02868167169294392,0.04536833333333334,0.014255236238101456
pullover_vs_non_tops,cross_pooled,fine_minus_random,fine,fc,110,128,32,42,10,5,50,0.05133142857142856,0.017014226842128388,0.08740088346880637,0.026280941489238235,0.04421833333333333,0.01364666790042829
pullover_vs_non_tops,cross_pooled,fine_minus_random,fine,fc,150,128,32,42,10,5,50,0.04950285714285714,0.017702531603027434,0.08485712688015268,0.02759749423680143,0.04328499999999999,0.01354146745013064
pullover_vs_non_tops,cross_pooled,fine_minus_random,fine,fc,200,128,32,42,10,5,50,0.04721714285714287,0.017035652156526544,0.08088399889113679,0.026671843656467617,0.04050166666666665,0.01245131664849864
pullover_vs_shirt,within_tops,coarse_minus_random,coarse,conv1,10,3136,32,42,10,5,50,-0.02479,0.03889049120443775,-0.02680433404376686,0.041730653850273206,-0.02479,0.038890491204437744
pullover_vs_shirt,within_tops,coarse_minus_random,coarse,conv1,20,3136,32,42,10,5,50,-0.024239999999999987,0.035965720640972684,-0.02421682177736441,0.037214509704654404,-0.024239999999999998,0.035965720640972705
pullover_vs_shirt,within_tops,coarse_minus_random,coarse,conv1,30,3136,32,42,10,5,50,-0.03803,0.03366512911556032,-0.03807691880169066,0.03431764450620571,-0.03803,0.033665129115560306
pullover_vs_shirt,within_tops,coarse_minus_random,coarse,conv1,50,3136,32,42,10,5,50,-0.033819999999999996,0.02944586177224576,-0.034477026485646364,0.029737154554925465,-0.03382,0.02944586177224576
pullover_vs_shirt,within_tops,coarse_minus_random,coarse,conv1,80,3136,32,42,10,5,50,-0.030580000000000003,0.023747257628997067,-0.03099664429927278,0.024038763943888,-0.03058,0.023747257628997053
pullover_vs_shirt,within_tops,coarse_minus_random,coarse,conv1,110,3136,32,42,10,5,50,-0.03124,0.022177677690757038,-0.03147887321010324,0.0222217455176024,-0.03124,0.022177677690757028
pullover_vs_shirt,within_tops,coarse_minus_random,coarse,conv1,150,3136,32,42,10,5,50,-0.03018,0.020919369015340795,-0.03030243197665577,0.02088821828900207,-0.030180000000000002,0.020919369015340774
pullover_vs_shirt,within_tops,coarse_minus_random,coarse,conv1,200,3136,32,42,10,5,50,-0.032560000000000006,0.018350510196988967,-0.03265430763643697,0.018428233564388375,-0.03256000000000001,0.018350510196988964
pullover_vs_shirt,within_tops,coarse_minus_random,coarse,conv2,10,1568,32,42,10,5,50,-0.006100000000000001,0.041724436142727805,-0.006853232346833839,0.04398921660708914,-0.006099999999999997,0.04172443614272781
pullover_vs_shirt,within_tops,coarse_minus_random,coarse,conv2,20,1568,32,42,10,5,50,0.00023999999999999133,0.041098095690527504,-5.2742169278015004e-05,0.04114549705841244,0.00024000000000000909,0.041098095690527525
pullover_vs_shirt,within_tops,coarse_minus_random,coarse,conv2,30,1568,32,42,10,5,50,-0.003760000000000001,0.039549276935519934,-0.004747892028548637,0.04033000931123322,-0.003759999999999999,0.039549276935519934
pullover_vs_shirt,within_tops,coarse_minus_random,coarse,conv2,50,1568,32,42,10,5,50,0.0007600000000000007,0.044853757834062626,0.0003051120765119153,0.04526053610262327,0.0007600000000000096,0.04485375783406262
pullover_vs_shirt,within_tops,coarse_minus_random,coarse,conv2,80,1568,32,42,10,5,50,0.0024500000000000034,0.04309307084789897,0.002519504399369832,0.04311451976611677,0.0024500000000000056,0.043093070847898984
pullover_vs_shirt,within_tops,coarse_minus_random,coarse,conv2,110,1568,32,42,10,5,50,0.0074299999999999965,0.04195892184564541,0.007519765841896704,0.041866227569047856,0.0074299999999999965,0.04195892184564541
pullover_vs_shirt,within_tops,coarse_minus_random,coarse,conv2,150,1568,32,42,10,5,50,0.003429999999999995,0.041557804591303656,0.003472248350021192,0.0415733384123893,0.0034300000000000042,0.04155780459130365
pullover_vs_shirt,within_tops,coarse_minus_random,coarse,conv2,200,1568,32,42,10,5,50,0.0016100000000000025,0.0404835933006275,0.0016044303948340088,0.04062155911783754,0.0016100000000000047,0.04048359330062751
pullover_vs_shirt,within_tops,coarse_minus_random,coarse,fc,10,128,32,42,10,5,50,-0.026690000000000012,0.04589794468743248,-0.02838695387537634,0.04675874262994944,-0.026690000000000005,0.0458979446874325
pullover_vs_shirt,within_tops,coarse_minus_random,coarse,fc,20,128,32,42,10,5,50,-0.035550000000000005,0.036717516533776674,-0.03668425834099898,0.03761541796651757,-0.03555,0.036717516533776674
pullover_vs_shirt,within_tops,coarse_minus_random,coarse,fc,30,128,32,42,10,5,50,-0.04305000000000001,0.05263905297361631,-0.04369826438347049,0.05306738557440604,-0.04305,0.052639052973616325
pullover_vs_shirt,within_tops,coarse_minus_random,coarse,fc,50,128,32,42,10,5,50,-0.018250000000000006,0.038116932067049705,-0.018339550972898244,0.03837853671457512,-0.018250000000000002,0.038116932067049705
pullover_vs_shirt,within_tops,coarse_minus_random,coarse,fc,80,128,32,42,10,5,50,-0.006740000000000008,0.03913663141313194,-0.006878021713324525,0.039390537819984514,-0.006739999999999995,0.039136631413131936
pullover_vs_shirt,within_tops,coarse_minus_random,coarse,fc,110,128,32,42,10,5,50,-0.004440000000000008,0.031072272566533967,-0.004389382532075636,0.031222454838637257,-0.0044400000000000064,0.03107227256653398
pullover_vs_shirt,within_tops,coarse_minus_random,coarse,fc,150,128,32,42,10,5,50,0.004010000000000007,0.03085027866774547,0.004022940277755833,0.030869222355192967,0.004010000000000002,0.030850278667745465
pullover_vs_shirt,within_tops,coarse_minus_random,coarse,fc,200,128,32,42,10,5,50,0.009609999999999999,0.027033480753181845,0.009640957851730298,0.02719849146249328,0.009609999999999994,0.027033480753181856
pullover_vs_shirt,within_tops,fine_minus_random,fine,conv1,10,3136,32,42,10,5,50,-0.015460000000000003,0.03570997688293276,-0.015431316448772436,0.03573964361919007,-0.015460000000000005,0.035709976882932766
pullover_vs_shirt,within_tops,fine_minus_random,fine,conv1,20,3136,32,42,10,5,50,-0.012289999999999999,0.03001514753641323,-0.012058692342988312,0.030552887253973704,-0.012289999999999994,0.03001514753641323
pullover_vs_shirt,within_tops,fine_minus_random,fine,conv1,30,3136,32,42,10,5,50,-0.01888,0.02854687516406398,-0.018700586001741664,0.02891380436407115,-0.01888,0.028546875164063987
pullover_vs_shirt,within_tops,fine_minus_random,fine,conv1,50,3136,32,42,10,5,50,-0.015459999999999996,0.019650736082178405,-0.01550295039727795,0.01987971814595962,-0.015459999999999988,0.019650736082178405
pullover_vs_shirt,within_tops,fine_minus_random,fine,conv1,80,3136,32,42,10,5,50,-0.012260000000000004,0.018192070486105442,-0.012321007593061602,0.018260510473139823,-0.012260000000000009,0.01819207048610544
pullover_vs_shirt,within_tops,fine_minus_random,fine,conv1,110,3136,32,42,10,5,50,-0.01291,0.01605910321027821,-0.012958136379710342,0.0160645546488351,-0.012910000000000001,0.016059103210278213
pullover_vs_shirt,within_tops,fine_minus_random,fine,conv1,150,3136,32,42,10,5,50,-0.010730000000000002,0.019646158164186824,-0.010744124949420127,0.019705025792901606,-0.010729999999999995,0.019646158164186838
pullover_vs_shirt,within_tops,fine_minus_random,fine,conv1,200,3136,32,42,10,5,50,-0.011939999999999996,0.0190050047114341,-0.011984666184545136,0.01906652585447444,-0.011940000000000006,0.019005004711434098
pullover_vs_shirt,within_tops,fine_minus_random,fine,conv2,10,1568,32,42,10,5,50,0.02197,0.041491259222114905,0.020923863675796767,0.042337374919408886,0.021969999999999993,0.04149125922211491
pullover_vs_shirt,within_tops,fine_minus_random,fine,conv2,20,1568,32,42,10,5,50,0.02389,0.03863068067994555,0.02297308283833542,0.039476975606952375,0.023889999999999998,0.03863068067994555
pullover_vs_shirt,within_tops,fine_minus_random,fine,conv2,30,1568,32,42,10,5,50,0.028929999999999994,0.04572689669803378,0.02855430026369512,0.045958851994976735,0.02893,0.04572689669803378
pullover_vs_shirt,within_tops,fine_minus_random,fine,conv2,50,1568,32,42,10,5,50,0.03696,0.04663348626058668,0.037061391394833526,0.04676400202501707,0.03696000000000002,0.04663348626058668
pullover_vs_shirt,within_tops,fine_minus_random,fine,conv2,80,1568,32,42,10,5,50,0.03779,0.04676319959898694,0.03800566099450999,0.04705447721051755,0.03779,0.046763199598986956
pullover_vs_shirt,within_tops,fine_minus_random,fine,conv2,110,1568,32,42,10,5,50,0.04381,0.04357481134409499,0.043947846198724,0.04371975376896444,0.043809999999999995,0.043574811344094994
pullover_vs_shirt,within_tops,fine_minus_random,fine,conv2,150,1568,32,42,10,5,50,0.04172000000000001,0.04217651924365267,0.04178764784578895,0.042312480764315485,0.041720000000000014,0.04217651924365267
pullover_vs_shirt,within_tops,fine_minus_random,fine,conv2,200,1568,32,42,10,5,50,0.03990000000000002,0.03846214677697903,0.039988039566317836,0.03857015764852192,0.039900000000000005,0.03846214677697903
pullover_vs_shirt,within_tops,fine_minus_random,fine,fc,10,128,32,42,10,5,50,0.15285,0.05834173165977527,0.153662594993612,0.05938246349838907,0.15285,0.05834173165977528
pullover_vs_shirt,within_tops,fine_minus_random,fine,fc,20,128,32,42,10,5,50,0.1718,0.03408228338618653,0.173333042209753,0.034582646898143374,0.17179999999999995,0.03408228338618653
pullover_vs_shirt,within_tops,fine_minus_random,fine,fc,30,128,32,42,10,5,50,0.18240999999999996,0.03973826228958582,0.1830650344069641,0.0399179736410507,0.18241,0.03973826228958582
pullover_vs_shirt,within_tops,fine_minus_random,fine,fc,50,128,32,42,10,5,50,0.18445999999999999,0.03360573323292395,0.18482428431609976,0.03375431273376757,0.18445999999999999,0.03360573323292395
pullover_vs_shirt,within_tops,fine_minus_random,fine,fc,80,128,32,42,10,5,50,0.18244,0.023291550539425485,0.18275733738813643,0.02338567166310705,0.18244,0.023291550539425495
pullover_vs_shirt,within_tops,fine_minus_random,fine,fc,110,128,32,42,10,5,50,0.16887999999999997,0.022146902856211053,0.16916290299545675,0.022271885328795808,0.16888000000000003,0.02214690285621105
pullover_vs_shirt,within_tops,fine_minus_random,fine,fc,150,128,32,42,10,5,50,0.16548000000000002,0.022283873550353932,0.16564869340310603,0.02227806260340239,0.16548000000000004,0.022283873550353932
pullover_vs_shirt,within_tops,fine_minus_random,fine,fc,200,128,32,42,10,5,50,0.15916,0.023567843883268623,0.15938468977128273,0.023685069257279784,0.15916000000000002,0.02356784388326863
shirt_vs_non_tops,cross_pooled,coarse_minus_random,coarse,conv1,10,3136,32,42,10,5,50,-0.011131428571428577,0.065223103098845,-0.015502658660217987,0.06125853693280923,-0.024351666666666657,0.04295966009088894
shirt_vs_non_tops,cross_pooled,coarse_minus_random,coarse,conv1,20,3136,32,42,10,5,50,-0.00946,0.041558871095878545,-0.014473183055978733,0.040686025537390036,-0.019301666666666658,0.028156349446835885
shirt_vs_non_tops,cross_pooled,coarse_minus_random,coarse,conv1,30,3136,32,42,10,5,50,-0.014751428571428573,0.03300973327109604,-0.01953849544286047,0.03432384787850331,-0.01815500000000001,0.017639402736815236
shirt_vs_non_tops,cross_pooled,coarse_minus_random,coarse,conv1,50,3136,32,42,10,5,50,-0.015262857142857139,0.025915191192180696,-0.020756001320068787,0.029220455488983322,-0.018669999999999992,0.01905155435538028
shirt_vs_non_tops,cross_pooled,coarse_minus_random,coarse,conv1,80,3136,32,42,10,5,50,-0.021440000000000004,0.02150493371517632,-0.027911498730598235,0.02640145009786027,-0.020115000000000004,0.018413175631815173
shirt_vs_non_tops,cross_pooled,coarse_minus_random,coarse,conv1,110,3136,32,42,10,5,50,-0.018614285714285708,0.01632952140973684,-0.024950168661872513,0.02036851260517143,-0.01840833333333333,0.012470421353352855
shirt_vs_non_tops,cross_pooled,coarse_minus_random,coarse,conv1,150,3136,32,42,10,5,50,-0.01872,0.01482239601324668,-0.02473052838224981,0.01836742009550823,-0.017686666666666656,0.011306836272152385
shirt_vs_non_tops,cross_pooled,coarse_minus_random,coarse,conv1,200,3136,32,42,10,5,50,-0.019531428571428575,0.014169616878458611,-0.02608715082194917,0.017464163460203297,-0.019043333333333332,0.01128849222391291
shirt_vs_non_tops,cross_pooled,coarse_minus_random,coarse,conv2,10,1568,32,42,10,5,50,0.03689142857142857,0.06896647357449215,0.037390853310980104,0.06468805453682422,0.027695000000000008,0.04603682596832773
shirt_vs_non_tops,cross_pooled,coarse_minus_random,coarse,conv2,20,1568,32,42,10,5,50,0.015302857142857151,0.04280360737910676,0.018676216554900187,0.04496118429741993,0.01690166666666667,0.03360807561581947
shirt_vs_non_tops,cross_pooled,coarse_minus_random,coarse,conv2,30,1568,32,42,10,5,50,0.012600000000000002,0.0282541715341213,0.015010012311367848,0.031181411898826616,0.00965000000000001,0.02107295528501981
shirt_vs_non_tops,cross_pooled,coarse_minus_random,coarse,conv2,50,1568,32,42,10,5,50,0.013342857142857135,0.024750113062901462,0.016461463643569166,0.02847443616184426,0.010799999999999999,0.01821788791021881
shirt_vs_non_tops,cross_pooled,coarse_minus_random,coarse,conv2,80,1568,32,42,10,5,50,0.0021228571428571485,0.021528320024997518,0.0031720511096969208,0.02686868156981853,0.003246666666666669,0.018759502202950227
shirt_vs_non_tops,cross_pooled,coarse_minus_random,coarse,conv2,110,1568,32,42,10,5,50,-8.00000000000045e-05,0.016914616654236256,0.0005935434288806185,0.021298510362625585,0.003245,0.01471637958980715
shirt_vs_non_tops,cross_pooled,coarse_minus_random,coarse,conv2,150,1568,32,42,10,5,50,0.0010571428571428633,0.015746561077134746,0.002080637704985404,0.020100245828240652,0.0025750000000000005,0.013556123889149087
shirt_vs_non_tops,cross_pooled,coarse_minus_random,coarse,conv2,200,1568,32,42,10,5,50,-0.0008399999999999941,0.014805208624523345,-0.0007089115266733903,0.019419242216462556,-0.00029833333333333377,0.013079742888768155
shirt_vs_non_tops,cross_pooled,coarse_minus_random,coarse,fc,10,128,32,42,10,5,50,0.22092571428571425,0.07071199301286685,0.2656156375434575,0.06382219092268779,0.16089833333333334,0.044938167048843354
shirt_vs_non_tops,cross_pooled,coarse_minus_random,coarse,fc,20,128,32,42,10,5,50,0.15470571428571428,0.050956624701794996,0.20781410533406813,0.05848172909202284,0.12384499999999997,0.04638185992683031
shirt_vs_non_tops,cross_pooled,coarse_minus_random,coarse,fc,30,128,32,42,10,5,50,0.12832285714285713,0.0296132759774922,0.18133567614319493,0.0336654634783223,0.10637999999999997,0.02561475534940706
shirt_vs_non_tops,cross_pooled,coarse_minus_random,coarse,fc,50,128,32,42,10,5,50,0.11536857142857143,0.031382833004902175,0.1668032682420123,0.036176452843821684,0.09862333333333334,0.023326330581827447
shirt_vs_non_tops,cross_pooled,coarse_minus_random,coarse,fc,80,128,32,42,10,5,50,0.09849714285714285,0.024850041544526264,0.1496411913774807,0.030983265086314177,0.086115,0.01868374074877265
shirt_vs_non_tops,cross_pooled,coarse_minus_random,coarse,fc,110,128,32,42,10,5,50,0.09136285714285713,0.021354726210572907,0.1396774739270673,0.027099691333093708,0.07852833333333332,0.013339768961306751
shirt_vs_non_tops,cross_pooled,coarse_minus_random,coarse,fc,150,128,32,42,10,5,50,0.08835428571428572,0.015233548762956378,0.13474086928882717,0.020122287229648143,0.07258999999999999,0.010519766514915842
shirt_vs_non_tops,cross_pooled,coarse_minus_random,coarse,fc,200,128,32,42,10,5,50,0.0813742857142857,0.013709149001573925,0.1258232705417971,0.017955965141229477,0.06760999999999999,0.008903543333989362
shirt_vs_non_tops,cross_pooled,fine_minus_random,fine,conv1,10,3136,32,42,10,5,50,-0.01349428571428572,0.07483298750100585,-0.013219696586516118,0.06899574760560181,-0.012963333333333327,0.04650571478793234
shirt_vs_non_tops,cross_pooled,fine_minus_random,fine,conv1,20,3136,32,42,10,5,50,-0.002488571428571422,0.04058528579104162,-0.004242660720456066,0.04247214339670615,-0.005459999999999992,0.02825361052921392
shirt_vs_non_tops,cross_pooled,fine_minus_random,fine,conv1,30,3136,32,42,10,5,50,-0.005062857142857149,0.028863639253746725,-0.006702553436372622,0.03281808089967437,-0.004561666666666662,0.02261199018972315
shirt_vs_non_tops,cross_pooled,fine_minus_random,fine,conv1,50,3136,32,42,10,5,50,-0.005240000000000009,0.023857543335616686,-0.007443187878966248,0.02840118516069301,-0.006498333333333341,0.022047795754202903
shirt_vs_non_tops,cross_pooled,fine_minus_random,fine,conv1,80,3136,32,42,10,5,50,-0.00860285714285715,0.019733296491480028,-0.011252751954058922,0.025079373882756013,-0.006576666666666668,0.0172246958577587
shirt_vs_non_tops,cross_pooled,fine_minus_random,fine,conv1,110,3136,32,42,10,5,50,-0.00678,0.017268929276806566,-0.009778699326940431,0.022497947739926177,-0.00812166666666668,0.015116593445359648
shirt_vs_non_tops,cross_pooled,fine_minus_random,fine,conv1,150,3136,32,42,10,5,50,-0.0072342857142857105,0.015739358740993106,-0.009664927299669857,0.019534322638594236,-0.00633666666666667,0.011176852903045945
shirt_vs_non_tops,cross_pooled,fine_minus_random,fine,conv1,200,3136,32,42,10,5,50,-0.006302857142857137,0.013855854588308335,-0.008594283119456442,0.016966134311173775,-0.005651666666666657,0.008860785381313336
shirt_vs_non_tops,cross_pooled,fine_minus_random,fine,conv2,10,1568,32,42,10,5,50,0.04455428571428573,0.06299060599128006,0.044729544995200425,0.05979527820677139,0.02718166666666666,0.0413925496448307
shirt_vs_non_tops,cross_pooled,fine_minus_random,fine,conv2,20,1568,32,42,10,5,50,0.027968571428571433,0.04356314780557678,0.030136897319581024,0.046026172574012904,0.016398333333333334,0.036770675343169086
shirt_vs_non_tops,cross_pooled,fine_minus_random,fine,conv2,30,1568,32,42,10,5,50,0.018797142857142866,0.027485774443361675,0.020680332799895132,0.03081933410198991,0.007115,0.01918313319576209
shirt_vs_non_tops,cross_pooled,fine_minus_random,fine,conv2,50,1568,32,42,10,5,50,0.013108571428571428,0.025735180367312538,0.015200568332994999,0.029020436236389984,0.007329999999999988,0.0153776529706049
shirt_vs_non_tops,cross_pooled,fine_minus_random,fine,conv2,80,1568,32,42,10,5,50,0.006431428571428572,0.021095615214015657,0.007419918833265011,0.02508139949023216,0.0017850000000000055,0.01338729609413409
shirt_vs_non_tops,cross_pooled,fine_minus_random,fine,conv2,110,1568,32,42,10,5,50,0.004457142857142853,0.018079306064902535,0.005310426802303032,0.02265139688373697,0.0016166666666666773,0.01260026679701702
shirt_vs_non_tops,cross_pooled,fine_minus_random,fine,conv2,150,1568,32,42,10,5,50,0.0042285714285714305,0.01560644149840802,0.00520885038978744,0.019276208698427836,0.0009666666666666757,0.008827122062157442
shirt_vs_non_tops,cross_pooled,fine_minus_random,fine,conv2,200,1568,32,42,10,5,50,0.0024542857142857157,0.013195599900207803,0.002928505975019593,0.016968253494497616,-0.0002933333333333277,0.008136053269970113
shirt_vs_non_tops,cross_pooled,fine_minus_random,fine,fc,10,128,32,42,10,5,50,0.16186571428571425,0.0830249352105872,0.17921198112045167,0.08040490299916579,0.11287166666666668,0.05282586003176131
shirt_vs_non_tops,cross_pooled,fine_minus_random,fine,fc,20,128,32,42,10,5,50,0.12170857142857143,0.05458401973406713,0.15361524180506614,0.06438239931324481,0.09362166666666666,0.05053060917060002
shirt_vs_non_tops,cross_pooled,fine_minus_random,fine,fc,30,128,32,42,10,5,50,0.1000942857142857,0.03524591551654956,0.13502885033661505,0.044050033627155136,0.08182166666666665,0.03230350072820361
shirt_vs_non_tops,cross_pooled,fine_minus_random,fine,fc,50,128,32,42,10,5,50,0.0963285714285714,0.0311669103624505,0.1347149449887205,0.03835401582096711,0.0806,0.02631962745016818
shirt_vs_non_tops,cross_pooled,fine_minus_random,fine,fc,80,128,32,42,10,5,50,0.08488000000000001,0.025620713454823894,0.1256558260851478,0.034335044103066495,0.07156333333333333,0.022171784484133976
shirt_vs_non_tops,cross_pooled,fine_minus_random,fine,fc,110,128,32,42,10,5,50,0.08148857142857142,0.02130213603335371,0.12158595901178533,0.028050332847255114,0.06533499999999998,0.0162901735227517
shirt_vs_non_tops,cross_pooled,fine_minus_random,fine,fc,150,128,32,42,10,5,50,0.0802,0.01623148353948415,0.11984630604668038,0.022233546287291305,0.061999999999999965,0.012598635782606232
shirt_vs_non_tops,cross_pooled,fine_minus_random,fine,fc,200,128,32,42,10,5,50,0.07402285714285714,0.015570060656207616,0.11235520579345636,0.02152281452168903,0.0579383333333333,0.011107453040123488
tops_four_way,within_tops,coarse_minus_random,coarse,conv1,10,3136,32,42,10,5,50,-0.03470500000000001,0.0442649631682408,-0.035193280870804707,0.04331409681569456,-0.03470499999999999,0.0442649631682408
tops_four_way,within_tops,coarse_minus_random,coarse,conv1,20,3136,32,42,10,5,50,-0.021499999999999995,0.028866600289000052,-0.025019646948858033,0.028060092143256776,-0.021500000000000005,0.028866600289000052
tops_four_way,within_tops,coarse_minus_random,coarse,conv1,30,3136,32,42,10,5,50,-0.025829999999999992,0.02584818510977875,-0.026952439869115517,0.024205247698764795,-0.025830000000000006,0.02584818510977874
tops_four_way,within_tops,coarse_minus_random,coarse,conv1,50,3136,32,42,10,5,50,-0.0254,0.020437123584500914,-0.027456255366866803,0.019236457899164755,-0.02540000000000001,0.020437123584500907
tops_four_way,within_tops,coarse_minus_random,coarse,conv1,80,3136,32,42,10,5,50,-0.028834999999999993,0.02166103727235346,-0.03095585599523011,0.021007969894048312,-0.02883500000000002,0.02166103727235347
tops_four_way,within_tops,coarse_minus_random,coarse,conv1,110,3136,32,42,10,5,50,-0.030504999999999994,0.019989824579887978,-0.033909898724979626,0.019777933175070428,-0.030505,0.019989824579887995
tops_four_way,within_tops,coarse_minus_random,coarse,conv1,150,3136,32,42,10,5,50,-0.03240500000000001,0.01751026593930846,-0.03474216794251605,0.017605729346568236,-0.03240500000000001,0.017510265939308454
tops_four_way,within_tops,coarse_minus_random,coarse,conv1,200,3136,32,42,10,5,50,-0.03429,0.017272896664534097,-0.03591384472292372,0.0178842974961117,-0.034289999999999994,0.017272896664534094
tops_four_way,within_tops,coarse_minus_random,coarse,conv2,10,1568,32,42,10,5,50,-0.0005049999999999932,0.049711989119777714,-0.0017114321210599949,0.04776620426929739,-0.0005050000000000065,0.049711989119777714
tops_four_way,within_tops,coarse_minus_random,coarse,conv2,20,1568,32,42,10,5,50,0.017649999999999992,0.029153446955510334,0.013286189300763395,0.029881322648781117,0.01764999999999999,0.029153446955510344
tops_four_way,within_tops,coarse_minus_random,coarse,conv2,30,1568,32,42,10,5,50,0.007189999999999994,0.025838369269956113,0.006339930463377083,0.02370823581672773,0.007190000000000009,0.025838369269956113
tops_four_way,within_tops,coarse_minus_random,coarse,conv2,50,1568,32,42,10,5,50,0.008824999999999989,0.02534311734847897,0.006471564157282173,0.024309880200486668,0.008824999999999977,0.025343117348478973
tops_four_way,within_tops,coarse_minus_random,coarse,conv2,80,1568,32,42,10,5,50,0.003869999999999996,0.017099964196167317,0.0023255157950370607,0.01726632823679781,0.003869999999999991,0.01709996419616731
tops_four_way,within_tops,coarse_minus_random,coarse,conv2,110,1568,32,42,10,5,50,0.005035,0.01785385755493296,0.003400198795929665,0.017336905469663794,0.005034999999999994,0.01785385755493297
tops_four_way,within_tops,coarse_minus_random,coarse,conv2,150,1568,32,42,10,5,50,0.006374999999999997,0.018859256510330644,0.005654201330967679,0.018465707371671105,0.006375000000000015,0.01885925651033066
tops_four_way,within_tops,coarse_minus_random,coarse,conv2,200,1568,32,42,10,5,50,0.00045499999999999875,0.01947216026819326,-7.874610895948653e-05,0.020065551153600984,0.0004550000000000165,0.019472160268193244
tops_four_way,within_tops,coarse_minus_random,coarse,fc,10,128,32,42,10,5,50,0.018749999999999996,0.04348803494840241,0.013465327226829318,0.04160600073021353,0.018749999999999992,0.04348803494840241
tops_four_way,within_tops,coarse_minus_random,coarse,fc,20,128,32,42,10,5,50,0.024775000000000002,0.034546746280531664,0.020057623505610956,0.03756623464124901,0.024775000000000002,0.034546746280531664
tops_four_way,within_tops,coarse_minus_random,coarse,fc,30,128,32,42,10,5,50,0.022685000000000004,0.0324686980342732,0.023490948600369363,0.03316537449186453,0.022685000000000007,0.0324686980342732
tops_four_way,within_tops,coarse_minus_random,coarse,fc,50,128,32,42,10,5,50,0.02216,0.022399592288563582,0.020107825248694235,0.022849811071080955,0.022159999999999992,0.022399592288563593
tops_four_way,within_tops,coarse_minus_random,coarse,fc,80,128,32,42,10,5,50,0.028834999999999996,0.027189790719822658,0.03231154903974811,0.029382344433772127,0.028835000000000024,0.027189790719822672
tops_four_way,within_tops,coarse_minus_random,coarse,fc,110,128,32,42,10,5,50,0.037035,0.022072007042812383,0.0389439621529695,0.02199127832983868,0.037035,0.022072007042812387
tops_four_way,within_tops,coarse_minus_random,coarse,fc,150,128,32,42,10,5,50,0.04050499999999999,0.021769812111907507,0.04249734674988088,0.021908245061144662,0.04050500000000002,0.021769812111907507
tops_four_way,within_tops,coarse_minus_random,coarse,fc,200,128,32,42,10,5,50,0.03990000000000001,0.01975280915180812,0.04133175102040029,0.01961314822691992,0.039900000000000005,0.019752809151808135
tops_four_way,within_tops,fine_minus_random,fine,conv1,10,3136,32,42,10,5,50,-0.013695000000000008,0.028693190989913853,-0.014362477489624962,0.027332575763800843,-0.013694999999999995,0.02869319098991384
tops_four_way,within_tops,fine_minus_random,fine,conv1,20,3136,32,42,10,5,50,-0.008505,0.023813609232828974,-0.009934969140679732,0.023939237703068456,-0.008505,0.023813609232828978
tops_four_way,within_tops,fine_minus_random,fine,conv1,30,3136,32,42,10,5,50,-0.004540000000000008,0.021067031018118517,-0.005472554257276941,0.020784194676030994,-0.004540000000000008,0.021067031018118503
tops_four_way,within_tops,fine_minus_random,fine,conv1,50,3136,32,42,10,5,50,-0.006395000000000009,0.01587282766753503,-0.006721492051981018,0.014507672779301964,-0.006395000000000009,0.015872827667535016
tops_four_way,within_tops,fine_minus_random,fine,conv1,80,3136,32,42,10,5,50,-0.007249999999999992,0.014816393292703924,-0.008699729288171022,0.014337461999091614,-0.007250000000000014,0.01481639329270392
tops_four_way,within_tops,fine_minus_random,fine,conv1,110,3136,32,42,10,5,50,-0.009489999999999997,0.014863491088803424,-0.009336372483807372,0.014359516909881478,-0.009489999999999981,0.01486349108880344
tops_four_way,within_tops,fine_minus_random,fine,conv1,150,3136,32,42,10,5,50,-0.01127,0.014194516043679889,-0.010788583138724751,0.013229326990568955,-0.011270000000000011,0.01419451604367988
tops_four_way,within_tops,fine_minus_random,fine,conv1,200,3136,32,42,10,5,50,-0.009290000000000007,0.015939326926101442,-0.008901891929924124,0.016131143297522042,-0.00929,0.015939326926101463
tops_four_way,within_tops,fine_minus_random,fine,conv2,10,1568,32,42,10,5,50,0.014895000000000005,0.045837559514495294,0.00998902586610905,0.04409381042086187,0.014895000000000005,0.045837559514495294
tops_four_way,within_tops,fine_minus_random,fine,conv2,20,1568,32,42,10,5,50,0.029799999999999997,0.030519481901077623,0.025559936349211068,0.03318738269889708,0.029799999999999997,0.03051948190107761
tops_four_way,within_tops,fine_minus_random,fine,conv2,30,1568,32,42,10,5,50,0.026170000000000006,0.030288933454248896,0.024300041247493905,0.031145038789935943,0.02617,0.030288933454248906
tops_four_way,within_tops,fine_minus_random,fine,conv2,50,1568,32,42,10,5,50,0.031075,0.029218749658954497,0.02869868365784483,0.029755441120306276,0.03107499999999998,0.029218749658954497
tops_four_way,within_tops,fine_minus_random,fine,conv2,80,1568,32,42,10,5,50,0.02883000000000001,0.026904282338751685,0.028503165610586675,0.02836453612269569,0.02882999999999999,0.026904282338751678
tops_four_way,within_tops,fine_minus_random,fine,conv2,110,1568,32,42,10,5,50,0.032504999999999985,0.025259696562076186,0.03177026428565791,0.02696130391055592,0.032505,0.025259696562076193
tops_four_way,within_tops,fine_minus_random,fine,conv2,150,1568,32,42,10,5,50,0.037989999999999996,0.024693011074358007,0.03807857817160131,0.024816195589373525,0.03799,0.024693011074358014
tops_four_way,within_tops,fine_minus_random,fine,conv2,200,1568,32,42,10,5,50,0.036055,0.023202650380805163,0.03584478813560414,0.024048572263764695,0.03605500000000004,0.023202650380805153
tops_four_way,within_tops,fine_minus_random,fine,fc,10,128,32,42,10,5,50,0.196495,0.06832844766423485,0.1932634607579784,0.06810178360762023,0.19649499999999998,0.06832844766423485
tops_four_way,within_tops,fine_minus_random,fine,fc,20,128,32,42,10,5,50,0.23969000000000001,0.04829159304872509,0.23876668472556462,0.04792700870778379,0.23969,0.0482915930487251
tops_four_way,within_tops,fine_minus_random,fine,fc,30,128,32,42,10,5,50,0.24244000000000004,0.024534313746677496,0.24206804338794316,0.02606054335923547,0.24244000000000004,0.024534313746677493
tops_four_way,within_tops,fine_minus_random,fine,fc,50,128,32,42,10,5,50,0.23525500000000002,0.025459576302645025,0.23486394505791894,0.026888870633516675,0.23525500000000002,0.025459576302645025
tops_four_way,within_tops,fine_minus_random,fine,fc,80,128,32,42,10,5,50,0.23176000000000002,0.02032170850924434,0.2360250041940382,0.021301050714107986,0.23176,0.020321708509244328
tops_four_way,within_tops,fine_minus_random,fine,fc,110,128,32,42,10,5,50,0.227605,0.01954789317422777,0.23013407270213856,0.018832351120111078,0.22760500000000003,0.019547893174227764
tops_four_way,within_tops,fine_minus_random,fine,fc,150,128,32,42,10,5,50,0.22171999999999997,0.017330346746887288,0.22562674413563347,0.01684479765456353,0.22171999999999997,0.017330346746887274
tops_four_way,within_tops,fine_minus_random,fine,fc,200,128,32,42,10,5,50,0.21648000000000003,0.015780852515705508,0.2201321294829388,0.014902143150994656,0.21647999999999995,0.015780852515705508
tshirt_vs_coat,within_tops,coarse_minus_random,coarse,conv1,10,3136,32,42,10,5,50,-0.031439999999999996,0.05047859113788048,-0.032193314195451045,0.05331000111113138,-0.03144000000000001,0.05047859113788048
tshirt_vs_coat,within_tops,coarse_minus_random,coarse,conv1,20,3136,32,42,10,5,50,-0.01841000000000001,0.02023829719787186,-0.018346636792277438,0.020343528700271847,-0.018410000000000003,0.020238297197871853
tshirt_vs_coat,within_tops,coarse_minus_random,coarse,conv1,30,3136,32,42,10,5,50,-0.01753,0.02093902956642627,-0.017458116126448094,0.021112562444219565,-0.017530000000000004,0.02093902956642627
tshirt_vs_coat,within_tops,coarse_minus_random,coarse,conv1,50,3136,32,42,10,5,50,-0.020339999999999997,0.015699161553069895,-0.020340009680468975,0.015738402062073522,-0.020339999999999973,0.01569916155306987
tshirt_vs_coat,within_tops,coarse_minus_random,coarse,conv1,80,3136,32,42,10,5,50,-0.018759999999999992,0.012021765974383996,-0.018757956569554653,0.01203202746908213,-0.018759999999999978,0.012021765974384
tshirt_vs_coat,within_tops,coarse_minus_random,coarse,conv1,110,3136,32,42,10,5,50,-0.021159999999999988,0.011336432149382403,-0.02116029583199608,0.011342161171942066,-0.02115999999999996,0.011336432149382392
tshirt_vs_coat,within_tops,coarse_minus_random,coarse,conv1,150,3136,32,42,10,5,50,-0.020749999999999987,0.011696087781294853,-0.02075602075144973,0.011698875102503788,-0.02074999999999997,0.011696087781294842
tshirt_vs_coat,within_tops,coarse_minus_random,coarse,conv1,200,3136,32,42,10,5,50,-0.021669999999999988,0.010746907481139083,-0.021672561499086935,0.010751817003176848,-0.021669999999999964,0.01074690748113906
tshirt_vs_coat,within_tops,coarse_minus_random,coarse,conv2,10,1568,32,42,10,5,50,0.01667,0.052120113435120186,0.017283661739280892,0.053066801056635984,0.016669999999999997,0.05212011343512017
tshirt_vs_coat,within_tops,coarse_minus_random,coarse,conv2,20,1568,32,42,10,5,50,-0.001929999999999994,0.031517894172378096,-0.0019023794863454447,0.03167746860374056,-0.0019300000000000005,0.03151789417237808
tshirt_vs_coat,within_tops,coarse_minus_random,coarse,conv2,30,1568,32,42,10,5,50,0.005540000000000005,0.025039324174227245,0.00560386718997355,0.025183355415127704,0.005539999999999992,0.02503932417422722
tshirt_vs_coat,within_tops,coarse_minus_random,coarse,conv2,50,1568,32,42,10,5,50,0.0028999999999999937,0.020287223283915138,0.0029213241989731542,0.020363248543283575,0.0028999999999999803,0.020287223283915138
tshirt_vs_coat,within_tops,coarse_minus_random,coarse,conv2,80,1568,32,42,10,5,50,-0.0015899999999999914,0.01664076933562966,-0.0015855231464782626,0.016680660979782335,-0.001590000000000018,0.016640769335629663
tshirt_vs_coat,within_tops,coarse_minus_random,coarse,conv2,110,1568,32,42,10,5,50,-0.005239999999999994,0.013686444955144607,-0.005246360985292242,0.013701871992697382,-0.00523999999999998,0.013686444955144629
tshirt_vs_coat,within_tops,coarse_minus_random,coarse,conv2,150,1568,32,42,10,5,50,-0.002279999999999993,0.014112940942298865,-0.0022842173794563768,0.014121155619865244,-0.0022799999999999977,0.014112940942298856
tshirt_vs_coat,within_tops,coarse_minus_random,coarse,conv2,200,1568,32,42,10,5,50,-0.0022300000000000098,0.012260443278599467,-0.0022350644676370377,0.012269621379217905,-0.002230000000000001,0.01226044327859945
tshirt_vs_coat,within_tops,coarse_minus_random,coarse,fc,10,128,32,42,10,5,50,0.05819,0.035395129666122606,0.05877592444514061,0.03598279922272861,0.058189999999999964,0.035395129666122606
tshirt_vs_coat,within_tops,coarse_minus_random,coarse,fc,20,128,32,42,10,5,50,0.025259999999999998,0.023966013350542204,0.025307323994093682,0.02407043810407437,0.025259999999999994,0.023966013350542225
tshirt_vs_coat,within_tops,coarse_minus_random,coarse,fc,30,128,32,42,10,5,50,0.02714999999999999,0.02029508083557316,0.027282541668666293,0.020402406392166235,0.027150000000000004,0.020295080835573152
tshirt_vs_coat,within_tops,coarse_minus_random,coarse,fc,50,128,32,42,10,5,50,0.016689999999999993,0.014640553825813094,0.016735727414357086,0.014715823319943123,0.016689999999999993,0.014640553825813097
tshirt_vs_coat,within_tops,coarse_minus_random,coarse,fc,80,128,32,42,10,5,50,0.01357999999999999,0.013069422172321425,0.013582363350771533,0.013089784586875422,0.013580000000000004,0.013069422172321432
tshirt_vs_coat,within_tops,coarse_minus_random,coarse,fc,110,128,32,42,10,5,50,0.012109999999999996,0.011849519924831528,0.012111595351564053,0.011867533430010811,0.01211,0.01184951992483152
tshirt_vs_coat,within_tops,coarse_minus_random,coarse,fc,150,128,32,42,10,5,50,0.01147999999999999,0.012913748408544421,0.01147678707477646,0.012925280056966594,0.011479999999999997,0.012913748408544397
tshirt_vs_coat,within_tops,coarse_minus_random,coarse,fc,200,128,32,42,10,5,50,0.009049999999999996,0.010612492638395575,0.009042547583332785,0.010621865209578796,0.00905,0.010612492638395548
tshirt_vs_coat,within_tops,fine_minus_random,fine,conv1,10,3136,32,42,10,5,50,-0.014489999999999996,0.03348720285574835,-0.014724228669355539,0.03460344910795155,-0.014490000000000003,0.03348720285574835
tshirt_vs_coat,within_tops,fine_minus_random,fine,conv1,20,3136,32,42,10,5,50,-0.00842,0.020299130372445788,-0.008359889495290602,0.02042500151957058,-0.008420000000000004,0.02029913037244578
tshirt_vs_coat,within_tops,fine_minus_random,fine,conv1,30,3136,32,42,10,5,50,-0.01184,0.017728519626953203,-0.011803001348092687,0.01784647668544001,-0.011840000000000007,0.01772851962695321
tshirt_vs_coat,within_tops,fine_minus_random,fine,conv1,50,3136,32,42,10,5,50,-0.014189999999999996,0.017982670229179775,-0.014191567154748463,0.018034409065239315,-0.014189999999999987,0.017982670229179765
tshirt_vs_coat,within_tops,fine_minus_random,fine,conv1,80,3136,32,42,10,5,50,-0.012859999999999993,0.01371392856677814,-0.012864350789350599,0.013722029439811335,-0.01285999999999999,0.013713928566778147
tshirt_vs_coat,within_tops,fine_minus_random,fine,conv1,110,3136,32,42,10,5,50,-0.013399999999999994,0.012126459516617494,-0.013403018574258272,0.012130894256889312,-0.013399999999999973,0.012126459516617493
tshirt_vs_coat,within_tops,fine_minus_random,fine,conv1,150,3136,32,42,10,5,50,-0.01363999999999998,0.01192751920081096,-0.013645217745620657,0.011931899242252289,-0.013639999999999979,0.011927519200810952
tshirt_vs_coat,within_tops,fine_minus_random,fine,conv1,200,3136,32,42,10,5,50,-0.013749999999999978,0.010276409481756486,-0.013755203480808824,0.010281551378638343,-0.013749999999999974,0.01027640948175648
tshirt_vs_coat,within_tops,fine_minus_random,fine,conv2,10,1568,32,42,10,5,50,0.021610000000000004,0.054407315872115614,0.022400594641194288,0.05644936016988209,0.021609999999999997,0.054407315872115614
tshirt_vs_coat,within_tops,fine_minus_random,fine,conv2,20,1568,32,42,10,5,50,0.0031900000000000084,0.027512129050619828,0.003271335208033981,0.027613672258576295,0.003190000000000002,0.027512129050619817
tshirt_vs_coat,within_tops,fine_minus_random,fine,conv2,30,1568,32,42,10,5,50,0.010370000000000006,0.024589032315324697,0.010453182754115498,0.024677337731035535,0.010369999999999992,0.024589032315324676
tshirt_vs_coat,within_tops,fine_minus_random,fine,conv2,50,1568,32,42,10,5,50,0.009659999999999995,0.017849552672609032,0.0096760727945031,0.01790855691177642,0.009659999999999988,0.01784955267260904
tshirt_vs_coat,within_tops,fine_minus_random,fine,conv2,80,1568,32,42,10,5,50,0.007529999999999992,0.014613178983369756,0.007543685519612387,0.014624109938170851,0.0075299999999999985,0.014613178983369758
tshirt_vs_coat,within_tops,fine_minus_random,fine,conv2,110,1568,32,42,10,5,50,0.005059999999999993,0.013499297033851897,0.005062776233772972,0.013504790013681893,0.005060000000000005,0.0134992970338519
tshirt_vs_coat,within_tops,fine_minus_random,fine,conv2,150,1568,32,42,10,5,50,0.004069999999999985,0.01155554906898473,0.004066436047984656,0.011558044984083164,0.004069999999999994,0.011555549068984719
tshirt_vs_coat,within_tops,fine_minus_random,fine,conv2,200,1568,32,42,10,5,50,0.0033899999999999907,0.00941248085885795,0.003383722753459264,0.009415141614749696,0.0033900000000000063,0.009412480858857925
tshirt_vs_coat,within_tops,fine_minus_random,fine,fc,10,128,32,42,10,5,50,0.09992000000000001,0.044490925467780426,0.10084330105871113,0.045843142408997804,0.09992,0.044490925467780426
tshirt_vs_coat,within_tops,fine_minus_random,fine,fc,20,128,32,42,10,5,50,0.06298,0.021457589875503398,0.06312770877252603,0.0215382863946183,0.06298,0.021457589875503415
tshirt_vs_coat,within_tops,fine_minus_random,fine,fc,30,128,32,42,10,5,50,0.06251999999999999,0.018979570111903304,0.06271612677872726,0.01914222293071278,0.06251999999999999,0.0189795701119033
tshirt_vs_coat,within_tops,fine_minus_random,fine,fc,50,128,32,42,10,5,50,0.05054,0.011511236746265426,0.05064538135223144,0.011654010418317916,0.05053999999999999,0.011511236746265424
tshirt_vs_coat,within_tops,fine_minus_random,fine,fc,80,128,32,42,10,5,50,0.04436000000000001,0.00977869404076315,0.04438829050789269,0.009797080298364853,0.04435999999999999,0.009778694040763172
tshirt_vs_coat,within_tops,fine_minus_random,fine,fc,110,128,32,42,10,5,50,0.04159000000000001,0.009612751947283343,0.04161350676891358,0.00962850760914164,0.04158999999999999,0.009612751947283341
tshirt_vs_coat,within_tops,fine_minus_random,fine,fc,150,128,32,42,10,5,50,0.03853000000000002,0.008079585006518024,0.03854276770931479,0.008085964122234834,0.03853000000000001,0.008079585006518009
tshirt_vs_coat,within_tops,fine_minus_random,fine,fc,200,128,32,42,10,5,50,0.03701000000000002,0.007482285201509942,0.037020419904320645,0.007486756278729607,0.03701000000000001,0.007482285201509923
tshirt_vs_non_tops,cross_pooled,coarse_minus_random,coarse,conv1,10,3136,32,42,10,5,50,-0.0041914285714285725,0.05497102799839505,-0.002155951664445508,0.05647267359656979,0.0068049999999999986,0.04070206447738355
tshirt_vs_non_tops,cross_pooled,coarse_minus_random,coarse,conv1,20,3136,32,42,10,5,50,-0.009977142857142867,0.0390771443045303,-0.00946847699649773,0.04379792139193557,0.004696666666666665,0.025129995131889675
tshirt_vs_non_tops,cross_pooled,coarse_minus_random,coarse,conv1,30,3136,32,42,10,5,50,-0.012559999999999998,0.026592578184410045,-0.01323543334652615,0.03129618696157834,0.0014650000000000051,0.01696473341096806
tshirt_vs_non_tops,cross_pooled,coarse_minus_random,coarse,conv1,50,3136,32,42,10,5,50,-0.01181142857142856,0.02461643176896755,-0.014007731172328966,0.030824942143380128,-0.00043166666666664575,0.01459930311215382
tshirt_vs_non_tops,cross_pooled,coarse_minus_random,coarse,conv1,80,3136,32,42,10,5,50,-0.014105714285714275,0.019534201150220067,-0.017119602255533828,0.025104609565229908,-0.0034366666666666612,0.014435686600194944
tshirt_vs_non_tops,cross_pooled,coarse_minus_random,coarse,conv1,110,3136,32,42,10,5,50,-0.012848571428571433,0.015875069582075397,-0.01613878006330532,0.02054972468269167,-0.004561666666666662,0.011772910433194816
tshirt_vs_non_tops,cross_pooled,coarse_minus_random,coarse,conv1,150,3136,32,42,10,5,50,-0.014699999999999993,0.014917606558115838,-0.0184142631756783,0.01996437661766498,-0.004991666666666675,0.012624754437341538
tshirt_vs_non_tops,cross_pooled,coarse_minus_random,coarse,conv1,200,3136,32,42,10,5,50,-0.014631428571428573,0.01496824599515907,-0.01898408636254585,0.02007664494404904,-0.006318333333333328,0.011320229143815091
tshirt_vs_non_tops,cross_pooled,coarse_minus_random,coarse,conv2,10,1568,32,42,10,5,50,0.018628571428571414,0.07317806186300525,0.023022389607224854,0.06937516523870438,0.02582499999999999,0.046641220133406464
tshirt_vs_non_tops,cross_pooled,coarse_minus_random,coarse,conv2,20,1568,32,42,10,5,50,0.013014285714285718,0.04302972297794302,0.017799827695038028,0.05146503849334383,0.01788333333333335,0.031167808011405413
tshirt_vs_non_tops,cross_pooled,coarse_minus_random,coarse,conv2,30,1568,32,42,10,5,50,0.009722857142857144,0.03112925867287396,0.01310628419237567,0.04068015445717705,0.011413333333333326,0.03082768821277744
tshirt_vs_non_tops,cross_pooled,coarse_minus_random,coarse,conv2,50,1568,32,42,10,5,50,0.006874285714285715,0.025459993688803265,0.010130607884166174,0.03350846093235089,0.00819333333333333,0.025367846164931297
tshirt_vs_non_tops,cross_pooled,coarse_minus_random,coarse,conv2,80,1568,32,42,10,5,50,0.004991428571428574,0.02434760438387425,0.008114759503800764,0.03379844821787891,0.008219999999999995,0.02157308912982037
tshirt_vs_non_tops,cross_pooled,coarse_minus_random,coarse,conv2,110,1568,32,42,10,5,50,0.002237142857142864,0.01891077297320186,0.0033618205763000964,0.027389222505775915,0.0034133333333333416,0.020670897087319597
tshirt_vs_non_tops,cross_pooled,coarse_minus_random,coarse,conv2,150,1568,32,42,10,5,50,0.0018714285714285662,0.018419071160728766,0.003382660271889597,0.026932992212271287,0.004433333333333333,0.020432407509737814
tshirt_vs_non_tops,cross_pooled,coarse_minus_random,coarse,conv2,200,1568,32,42,10,5,50,0.0010028571428571476,0.017873624813488302,0.001985867545035389,0.026358064747279336,0.0024349999999999914,0.019553195727346647
tshirt_vs_non_tops,cross_pooled,coarse_minus_random,coarse,fc,10,128,32,42,10,5,50,0.17451428571428573,0.08739327876241197,0.2274516988484055,0.08003977433784923,0.16029999999999997,0.0542254416863256
tshirt_vs_non_tops,cross_pooled,coarse_minus_random,coarse,fc,20,128,32,42,10,5,50,0.11297714285714285,0.05459802261348656,0.16515984025889616,0.06297617542379057,0.11112833333333334,0.04252541993564494
tshirt_vs_non_tops,cross_pooled,coarse_minus_random,coarse,fc,30,128,32,42,10,5,50,0.09262285714285716,0.03497531419561587,0.14326363013812227,0.041286029965673626,0.09772166666666664,0.022309991419097005
tshirt_vs_non_tops,cross_pooled,coarse_minus_random,coarse,fc,50,128,32,42,10,5,50,0.07302571428571428,0.03186479258127059,0.11764224130625646,0.0395294806184084,0.08135666666666666,0.01911466652051446
tshirt_vs_non_tops,cross_pooled,coarse_minus_random,coarse,fc,80,128,32,42,10,5,50,0.07008000000000002,0.02038143474175567,0.11367464724459707,0.0270624540652252,0.07169666666666663,0.01390250674797719
tshirt_vs_non_tops,cross_pooled,coarse_minus_random,coarse,fc,110,128,32,42,10,5,50,0.06027999999999999,0.017081717016347402,0.10022670487500016,0.02449041960043147,0.06270499999999997,0.011089337921304421
tshirt_vs_non_tops,cross_pooled,coarse_minus_random,coarse,fc,150,128,32,42,10,5,50,0.059099999999999986,0.016949768992171044,0.09776400458627435,0.024002798747389,0.06110833333333331,0.012135820206568977
tshirt_vs_non_tops,cross_pooled,coarse_minus_random,coarse,fc,200,128,32,42,10,5,50,0.0560857142857143,0.014231120171690903,0.0935378386363319,0.020157007429313242,0.0580583333333333,0.009601767983694385
tshirt_vs_non_tops,cross_pooled,fine_minus_random,fine,conv1,10,3136,32,42,10,5,50,0.0007285714285714228,0.04168829065428287,0.0020200599516473727,0.041391625130479996,0.005700000000000016,0.025971181482052297
tshirt_vs_non_tops,cross_pooled,fine_minus_random,fine,conv1,20,3136,32,42,10,5,50,-0.0016742857142857171,0.028637649788743856,-0.0013844516777124726,0.03224736268448996,0.006248333333333316,0.01791241042626344
tshirt_vs_non_tops,cross_pooled,fine_minus_random,fine,conv1,30,3136,32,42,10,5,50,-0.007054285714285713,0.01613184665399899,-0.007169183641552504,0.019778074403548493,0.00304333333333334,0.012535473927058519
tshirt_vs_non_tops,cross_pooled,fine_minus_random,fine,conv1,50,3136,32,42,10,5,50,-0.007642857142857135,0.01799181289120239,-0.008940268835810157,0.023397472115119392,0.001800000000000006,0.011269201300854632
tshirt_vs_non_tops,cross_pooled,fine_minus_random,fine,conv1,80,3136,32,42,10,5,50,-0.008297142857142854,0.015275802350211672,-0.009900211541230396,0.020131361656061414,-0.0005650000000000021,0.01244662402205857
tshirt_vs_non_tops,cross_pooled,fine_minus_random,fine,conv1,110,3136,32,42,10,5,50,-0.007540000000000004,0.013477124865016225,-0.009188973455951946,0.018306876481790937,-0.0014233333333333188,0.012266559911543745
tshirt_vs_non_tops,cross_pooled,fine_minus_random,fine,conv1,150,3136,32,42,10,5,50,-0.007434285714285707,0.011610970124785035,-0.008997183380051548,0.016052364814073735,-0.0010866666666666603,0.012109173168715192
tshirt_vs_non_tops,cross_pooled,fine_minus_random,fine,conv1,200,3136,32,42,10,5,50,-0.006614285714285719,0.010767554654430671,-0.008167720011732868,0.014825380337281806,-0.0006083333333333285,0.010167130161175564
tshirt_vs_non_tops,cross_pooled,fine_minus_random,fine,conv2,10,1568,32,42,10,5,50,0.02059714285714285,0.07183407166910026,0.027704916808818467,0.07210493492981077,0.029631666666666664,0.05591343398808676
tshirt_vs_non_tops,cross_pooled,fine_minus_random,fine,conv2,20,1568,32,42,10,5,50,0.011665714285714281,0.047803382275050474,0.017502197616842356,0.0578370093177082,0.01799666666666667,0.03687812771623411
tshirt_vs_non_tops,cross_pooled,fine_minus_random,fine,conv2,30,1568,32,42,10,5,50,0.0059485714285714255,0.03750545993849208,0.009492209481033,0.04801852556644217,0.010186666666666675,0.03174087956207499
tshirt_vs_non_tops,cross_pooled,fine_minus_random,fine,conv2,50,1568,32,42,10,5,50,-0.0030285714285714317,0.029963520789327503,-0.002087476181615797,0.03857371986165502,0.004283333333333326,0.022975425597927375
tshirt_vs_non_tops,cross_pooled,fine_minus_random,fine,conv2,80,1568,32,42,10,5,50,0.0023657142857142844,0.024002171913386633,0.003890778567130648,0.03251436201111024,0.0031800000000000005,0.017218618634036783
tshirt_vs_non_tops,cross_pooled,fine_minus_random,fine,conv2,110,1568,32,42,10,5,50,-0.0017828571428571394,0.022994326663886698,-0.0021144368707752227,0.030820593887424735,-0.00014833333333332143,0.015711113406347767
tshirt_vs_non_tops,cross_pooled,fine_minus_random,fine,conv2,150,1568,32,42,10,5,50,-0.0018085714285714304,0.020384897146011743,-0.002134271256261888,0.027244958479867635,0.0004949999999999965,0.013126698248840028
tshirt_vs_non_tops,cross_pooled,fine_minus_random,fine,conv2,200,1568,32,42,10,5,50,-0.0012514285714285544,0.01672293165532552,-0.0014769994642331642,0.022760234694780893,-0.00027166666666666783,0.011320330801517344
tshirt_vs_non_tops,cross_pooled,fine_minus_random,fine,fc,10,128,32,42,10,5,50,0.12967714285714285,0.08767212883290862,0.1600505820552212,0.08431836590781767,0.12702,0.05800349303345128
tshirt_vs_non_tops,cross_pooled,fine_minus_random,fine,fc,20,128,32,42,10,5,50,0.08449142857142858,0.05693201744694215,0.11898905583448702,0.06713446935292887,0.08616999999999997,0.04463749161407227
tshirt_vs_non_tops,cross_pooled,fine_minus_random,fine,fc,30,128,32,42,10,5,50,0.06974285714285715,0.03397432698074022,0.10473755717077195,0.04007616578373798,0.07725833333333332,0.022872026714068665
tshirt_vs_non_tops,cross_pooled,fine_minus_random,fine,fc,50,128,32,42,10,5,50,0.06039714285714286,0.02560838722066104,0.09552541017644746,0.03152524013195684,0.06688166666666664,0.017913063947223664
tshirt_vs_non_tops,cross_pooled,fine_minus_random,fine,fc,80,128,32,42,10,5,50,0.059462857142857165,0.018931441225875974,0.09486009965525156,0.0264501443548868,0.05922833333333331,0.013877305021912643
tshirt_vs_non_tops,cross_pooled,fine_minus_random,fine,fc,110,128,32,42,10,5,50,0.05376857142857144,0.015886359499869704,0.08823156541385575,0.02293728278846308,0.053523333333333305,0.011545753899446167
tshirt_vs_non_tops,cross_pooled,fine_minus_random,fine,fc,150,128,32,42,10,5,50,0.05555142857142857,0.018521687367977595,0.09091169018734298,0.026812387770767197,0.0530633333333333,0.011925963976972485
tshirt_vs_non_tops,cross_pooled,fine_minus_random,fine,fc,200,128,32,42,10,5,50,0.053200000000000004,0.015020851812436566,0.0878881274727498,0.021920413068588225,0.0507833333333333,0.010636609970067004
tshirt_vs_pullover,within_tops,coarse_minus_random,coarse,conv1,10,3136,32,42,10,5,50,-0.02426,0.044077186472674716,-0.024310750857691046,0.04490085997143304,-0.02426,0.0440771864726747
tshirt_vs_pullover,within_tops,coarse_minus_random,coarse,conv1,20,3136,32,42,10,5,50,-0.018050000000000004,0.02927791708047943,-0.018169482098971627,0.02977180848301549,-0.01805000000000001,0.029277917080479422
tshirt_vs_pullover,within_tops,coarse_minus_random,coarse,conv1,30,3136,32,42,10,5,50,-0.014970000000000016,0.020925623878247413,-0.014957037477084933,0.021072983120703444,-0.014970000000000006,0.020925623878247392
tshirt_vs_pullover,within_tops,coarse_minus_random,coarse,conv1,50,3136,32,42,10,5,50,-0.016729999999999995,0.0133867929127852,-0.01674665280359063,0.01345108873463842,-0.016729999999999988,0.013386792912785188
tshirt_vs_pullover,within_tops,coarse_minus_random,coarse,conv1,80,3136,32,42,10,5,50,-0.016599999999999997,0.012397745022085791,-0.016618422590356802,0.012426624177892516,-0.016599999999999993,0.01239774502208578
tshirt_vs_pullover,within_tops,coarse_minus_random,coarse,conv1,110,3136,32,42,10,5,50,-0.015229999999999992,0.010443829346967111,-0.015243265208989127,0.010457583293352639,-0.015229999999999973,0.010443829346967116
tshirt_vs_pullover,within_tops,coarse_minus_random,coarse,conv1,150,3136,32,42,10,5,50,-0.01356999999999998,0.009769804585182491,-0.013589928732122569,0.009780761349708473,-0.013569999999999992,0.009769804585182498
tshirt_vs_pullover,within_tops,coarse_minus_random,coarse,conv1,200,3136,32,42,10,5,50,-0.013399999999999974,0.008699636398688612,-0.013409504271164727,0.008709355739046722,-0.013399999999999985,0.008699636398688605
tshirt_vs_pullover,within_tops,coarse_minus_random,coarse,conv2,10,1568,32,42,10,5,50,0.0015500000000000002,0.044894121473274685,0.0016150758498787155,0.045427298123473306,0.0015500000000000069,0.044894121473274665
tshirt_vs_pullover,within_tops,coarse_minus_random,coarse,conv2,20,1568,32,42,10,5,50,0.0005600000000000049,0.027748807659620484,0.0006635824897844178,0.02792374017952513,0.0005600000000000028,0.02774880765962049
tshirt_vs_pullover,within_tops,coarse_minus_random,coarse,conv2,30,1568,32,42,10,5,50,-0.00538,0.02037920108185535,-0.005358290226279072,0.020478220410322885,-0.005379999999999987,0.02037920108185535
tshirt_vs_pullover,within_tops,coarse_minus_random,coarse,conv2,50,1568,32,42,10,5,50,-0.006680000000000004,0.013340042529687745,-0.006684275830446984,0.013367119969378258,-0.006679999999999988,0.013340042529687736
tshirt_vs_pullover,within_tops,coarse_minus_random,coarse,conv2,80,1568,32,42,10,5,50,-0.007329999999999986,0.011134433629282542,-0.0073353106737742806,0.011143218951775447,-0.007330000000000012,0.011134433629282531
tshirt_vs_pullover,within_tops,coarse_minus_random,coarse,conv2,110,1568,32,42,10,5,50,-0.008979999999999986,0.010041221163234047,-0.008985395970314647,0.010054539385753328,-0.008979999999999974,0.010041221163234032
tshirt_vs_pullover,within_tops,coarse_minus_random,coarse,conv2,150,1568,32,42,10,5,50,-0.009709999999999983,0.009433488977346294,-0.00971451546221531,0.009438074941330492,-0.009709999999999974,0.009433488977346282
tshirt_vs_pullover,within_tops,coarse_minus_random,coarse,conv2,200,1568,32,42,10,5,50,-0.008759999999999983,0.0077157670535397595,-0.008765272466984737,0.007718524731872337,-0.008759999999999983,0.007715767053539743
tshirt_vs_pullover,within_tops,coarse_minus_random,coarse,fc,10,128,32,42,10,5,50,0.003590000000000004,0.04588280212249732,0.00356980066834955,0.04661424956118612,0.0035900000000000155,0.04588280212249733
tshirt_vs_pullover,within_tops,coarse_minus_random,coarse,fc,20,128,32,42,10,5,50,0.002400000000000002,0.036844682279060285,0.0022553078599955234,0.037670704027254726,0.002400000000000002,0.03684468227906027
tshirt_vs_pullover,within_tops,coarse_minus_random,coarse,fc,30,128,32,42,10,5,50,-0.00506999999999999,0.022460171097173014,-0.005114997806359496,0.022736500729070935,-0.005069999999999999,0.022460171097173014
tshirt_vs_pullover,within_tops,coarse_minus_random,coarse,fc,50,128,32,42,10,5,50,-0.00621999999999999,0.013829560177166788,-0.006245084934333116,0.013922991753377151,-0.006219999999999992,0.013829560177166782
tshirt_vs_pullover,within_tops,coarse_minus_random,coarse,fc,80,128,32,42,10,5,50,-0.007029999999999976,0.010867668769786629,-0.007034477705142741,0.010900841527099593,-0.007029999999999972,0.010867668769786634
tshirt_vs_pullover,within_tops,coarse_minus_random,coarse,fc,110,128,32,42,10,5,50,-0.006239999999999975,0.008912980673702577,-0.006247122828643026,0.008921251139965485,-0.006239999999999981,0.00891298067370258
tshirt_vs_pullover,within_tops,coarse_minus_random,coarse,fc,150,128,32,42,10,5,50,-0.0035899999999999955,0.00904506292213082,-0.0036026643290545547,0.009057114140942719,-0.0035899999999999977,0.009045062922130843
tshirt_vs_pullover,within_tops,coarse_minus_random,coarse,fc,200,128,32,42,10,5,50,-0.004039999999999997,0.007453146164882429,-0.004045887662929748,0.007456834381794171,-0.004039999999999992,0.0074531461648824635
tshirt_vs_pullover,within_tops,fine_minus_random,fine,conv1,10,3136,32,42,10,5,50,-0.013050000000000006,0.0339419146694551,-0.0129609445269877,0.034728103197828486,-0.013049999999999999,0.0339419146694551
tshirt_vs_pullover,within_tops,fine_minus_random,fine,conv1,20,3136,32,42,10,5,50,-0.007909999999999999,0.02036871600854445,-0.0078767095038628,0.02061767743378702,-0.007909999999999995,0.020368716008544424
tshirt_vs_pullover,within_tops,fine_minus_random,fine,conv1,30,3136,32,42,10,5,50,-0.005150000000000001,0.015164825708708638,-0.005115845913354573,0.015286347657658165,-0.005150000000000005,0.015164825708708616
tshirt_vs_pullover,within_tops,fine_minus_random,fine,conv1,50,3136,32,42,10,5,50,-0.005769999999999993,0.009823031038101738,-0.005759444035615045,0.009874564333849548,-0.005770000000000004,0.009823031038101733
tshirt_vs_pullover,within_tops,fine_minus_random,fine,conv1,80,3136,32,42,10,5,50,-0.005999999999999988,0.0079031122776707,-0.005999046249844504,0.007908953048394956,-0.005999999999999994,0.00790311227767068
tshirt_vs_pullover,within_tops,fine_minus_random,fine,conv1,110,3136,32,42,10,5,50,-0.005289999999999997,0.007971946987750864,-0.0052879222671367646,0.007981894542944774,-0.005289999999999981,0.007971946987750875
tshirt_vs_pullover,within_tops,fine_minus_random,fine,conv1,150,3136,32,42,10,5,50,-0.00520999999999999,0.007116444021434027,-0.005212277416826432,0.007121861302645234,-0.005209999999999995,0.007116444021434033
tshirt_vs_pullover,within_tops,fine_minus_random,fine,conv1,200,3136,32,42,10,5,50,-0.004379999999999992,0.006798529252713399,-0.004379905810328786,0.006803113309733572,-0.004380000000000002,0.006798529252713395
tshirt_vs_pullover,within_tops,fine_minus_random,fine,conv2,10,1568,32,42,10,5,50,0.022250000000000006,0.05230066628521621,0.022552539862881818,0.05280419522831555,0.022250000000000006,0.052300666285216214
tshirt_vs_pullover,within_tops,fine_minus_random,fine,conv2,20,1568,32,42,10,5,50,0.014729999999999997,0.027331526611932524,0.0148535271788589,0.027526046240590078,0.014729999999999991,0.027331526611932513
tshirt_vs_pullover,within_tops,fine_minus_random,fine,conv2,30,1568,32,42,10,5,50,0.006849999999999996,0.02298496624903739,0.006926360850915827,0.0230837387982008,0.006850000000000014,0.02298496624903739
tshirt_vs_pullover,within_tops,fine_minus_random,fine,conv2,50,1568,32,42,10,5,50,0.0029799999999999827,0.017607964338993455,0.002993605716788732,0.017634683813003673,0.002979999999999989,0.01760796433899344
tshirt_vs_pullover,within_tops,fine_minus_random,fine,conv2,80,1568,32,42,10,5,50,0.00024999999999999247,0.013914553385515727,0.00025022944804423906,0.013926844765324036,0.00024999999999999914,0.013914553385515718
tshirt_vs_pullover,within_tops,fine_minus_random,fine,conv2,110,1568,32,42,10,5,50,-0.0012900000000000066,0.012138272243660717,-0.001289494378501652,0.012144367901337185,-0.0012899999999999889,0.012138272243660706
tshirt_vs_pullover,within_tops,fine_minus_random,fine,conv2,150,1568,32,42,10,5,50,-0.002090000000000007,0.010899208920928192,-0.0020921132985823963,0.010908553972338158,-0.0020899999999999964,0.010899208920928192
tshirt_vs_pullover,within_tops,fine_minus_random,fine,conv2,200,1568,32,42,10,5,50,-0.0029400000000000003,0.009719872343161021,-0.0029442121743549765,0.009724963660399542,-0.002939999999999994,0.00971987234316103
tshirt_vs_pullover,within_tops,fine_minus_random,fine,fc,10,128,32,42,10,5,50,0.048159999999999974,0.04556946256395117,0.04848399022760225,0.046089429294869845,0.04816,0.04556946256395117
tshirt_vs_pullover,within_tops,fine_minus_random,fine,fc,20,128,32,42,10,5,50,0.038159999999999986,0.03161510230692843,0.038316197728084145,0.03192424290358449,0.038159999999999965,0.03161510230692841
tshirt_vs_pullover,within_tops,fine_minus_random,fine,fc,30,128,32,42,10,5,50,0.02711999999999998,0.017287650422855533,0.027190704777348005,0.017417364024142873,0.027119999999999967,0.017287650422855537
tshirt_vs_pullover,within_tops,fine_minus_random,fine,fc,50,128,32,42,10,5,50,0.022839999999999992,0.012714863550272211,0.022872261384168802,0.012785527715738073,0.02283999999999999,0.012714863550272208
tshirt_vs_pullover,within_tops,fine_minus_random,fine,fc,80,128,32,42,10,5,50,0.020489999999999994,0.008413115368523209,0.020502726892778635,0.008437426806852326,0.020489999999999977,0.00841311536852322
tshirt_vs_pullover,within_tops,fine_minus_random,fine,fc,110,128,32,42,10,5,50,0.019550000000000012,0.007065473683154361,0.01955484063595639,0.007074595742317792,0.01954999999999997,0.007065473683154348
tshirt_vs_pullover,within_tops,fine_minus_random,fine,fc,150,128,32,42,10,5,50,0.02014,0.006685378501946289,0.020142614145941443,0.006684738157186287,0.020139999999999967,0.0066853785019462915
tshirt_vs_pullover,within_tops,fine_minus_random,fine,fc,200,128,32,42,10,5,50,0.019020000000000002,0.006601607720078177,0.019021805058974613,0.0066018809784238585,0.019019999999999995,0.006601607720078176
tshirt_vs_shirt,within_tops,coarse_minus_random,coarse,conv1,10,3136,32,42,10,5,50,-0.005490000000000006,0.03961053895011235,-0.006429635703287937,0.04118734234565298,-0.005489999999999995,0.039610538950112364
tshirt_vs_shirt,within_tops,coarse_minus_random,coarse,conv1,20,3136,32,42,10,5,50,-0.007880000000000003,0.026166765024296275,-0.008238820303913527,0.02642928431332283,-0.007880000000000003,0.026166765024296264
tshirt_vs_shirt,within_tops,coarse_minus_random,coarse,conv1,30,3136,32,42,10,5,50,-0.005049999999999999,0.025172922365275022,-0.0048749697176886046,0.02537925676838983,-0.005049999999999999,0.02517292236527501
tshirt_vs_shirt,within_tops,coarse_minus_random,coarse,conv1,50,3136,32,42,10,5,50,-0.008229999999999998,0.01872769693937462,-0.0084041973507782,0.01879302409251322,-0.00822999999999999,0.018727696939374608
tshirt_vs_shirt,within_tops,coarse_minus_random,coarse,conv1,80,3136,32,42,10,5,50,-0.007750000000000002,0.018023298413838852,-0.008024578023808635,0.017903678645550692,-0.007749999999999992,0.018023298413838845
tshirt_vs_shirt,within_tops,coarse_minus_random,coarse,conv1,110,3136,32,42,10,5,50,-0.009930000000000017,0.01602549308356622,-0.010112553567357711,0.015856430225320184,-0.009930000000000012,0.016025493083566215
tshirt_vs_shirt,within_tops,coarse_minus_random,coarse,conv1,150,3136,32,42,10,5,50,-0.009740000000000002,0.014132478154078663,-0.009838924764987371,0.014011073315612996,-0.009740000000000002,0.014132478154078656
tshirt_vs_shirt,within_tops,coarse_minus_random,coarse,conv1,200,3136,32,42,10,5,50,-0.008550000000000007,0.012641141933692356,-0.008655003870652373,0.012532574550822503,-0.008550000000000009,0.012641141933692333
tshirt_vs_shirt,within_tops,coarse_minus_random,coarse,conv2,10,1568,32,42,10,5,50,0.019160000000000003,0.04291774762524811,0.018448325029395876,0.04464542410150875,0.019159999999999983,0.042917747625248116
tshirt_vs_shirt,within_tops,coarse_minus_random,coarse,conv2,20,1568,32,42,10,5,50,0.011009999999999995,0.02975589291661915,0.010693743827839011,0.029678201158018187,0.011009999999999997,0.029755892916619123
tshirt_vs_shirt,within_tops,coarse_minus_random,coarse,conv2,30,1568,32,42,10,5,50,0.005180000000000011,0.027932637628730283,0.005235701514840203,0.0278040172593669,0.005180000000000002,0.027932637628730286
tshirt_vs_shirt,within_tops,coarse_minus_random,coarse,conv2,50,1568,32,42,10,5,50,0.003289999999999995,0.018225371976271693,0.00318861653017215,0.018341953449318358,0.003289999999999993,0.018225371976271675
tshirt_vs_shirt,within_tops,coarse_minus_random,coarse,conv2,80,1568,32,42,10,5,50,0.00485000000000001,0.019307197029679313,0.004838892680445199,0.0193433297096451,0.00485000000000001,0.01930719702967931
tshirt_vs_shirt,within_tops,coarse_minus_random,coarse,conv2,110,1568,32,42,10,5,50,0.004230000000000007,0.017217756022460656,0.004198267783265927,0.01710986801505565,0.004229999999999996,0.017217756022460628
tshirt_vs_shirt,within_tops,coarse_minus_random,coarse,conv2,150,1568,32,42,10,5,50,0.0007499999999999884,0.012860019519457066,0.000756475417101552,0.012783488546771683,0.0007499999999999973,0.012860019519457045
tshirt_vs_shirt,within_tops,coarse_minus_random,coarse,conv2,200,1568,32,42,10,5,50,-0.0010200000000000031,0.011184884114422526,-0.0008694715208806225,0.011173548716182952,-0.0010200000000000077,0.011184884114422502
tshirt_vs_shirt,within_tops,coarse_minus_random,coarse,fc,10,128,32,42,10,5,50,0.06228999999999999,0.07314300292954222,0.06170643082946115,0.07526542243421694,0.06228999999999999,0.07314300292954219
tshirt_vs_shirt,within_tops,coarse_minus_random,coarse,fc,20,128,32,42,10,5,50,0.027069999999999993,0.026502793460774842,0.025614637108912514,0.026970784022036603,0.02707000000000001,0.026502793460774846
tshirt_vs_shirt,within_tops,coarse_minus_random,coarse,fc,30,128,32,42,10,5,50,0.020339999999999997,0.021598951221704053,0.01911917532846027,0.021170614931728025,0.020340000000000007,0.021598951221704053
tshirt_vs_shirt,within_tops,coarse_minus_random,coarse,fc,50,128,32,42,10,5,50,0.018110000000000005,0.01813112387749928,0.017827477262918483,0.01812669219563852,0.01811000000000001,0.018131123877499274
tshirt_vs_shirt,within_tops,coarse_minus_random,coarse,fc,80,128,32,42,10,5,50,0.012250000000000014,0.01676708692891024,0.01174507061796322,0.016642248667061352,0.012250000000000013,0.016767086928910248
tshirt_vs_shirt,within_tops,coarse_minus_random,coarse,fc,110,128,32,42,10,5,50,0.009270000000000002,0.016137233533739578,0.008872682103621611,0.01594265212024368,0.00927000000000001,0.016137233533739567
tshirt_vs_shirt,within_tops,coarse_minus_random,coarse,fc,150,128,32,42,10,5,50,0.007660000000000007,0.014776373861329987,0.0073714611666167995,0.014946138124147756,0.007660000000000011,0.014776373861329978
tshirt_vs_shirt,within_tops,coarse_minus_random,coarse,fc,200,128,32,42,10,5,50,0.004630000000000006,0.01219016415151235,0.004553665521774386,0.012362842764265717,0.004630000000000016,0.012190164151512316
tshirt_vs_shirt,within_tops,fine_minus_random,fine,conv1,10,3136,32,42,10,5,50,0.0014999999999999924,0.027603423331026118,0.0013019816062481038,0.028042138227624698,0.001500000000000017,0.02760342333102611
tshirt_vs_shirt,within_tops,fine_minus_random,fine,conv1,20,3136,32,42,10,5,50,-0.002360000000000011,0.018388672200736034,-0.0023772539936027528,0.018581201746392217,-0.0023599999999999975,0.01838867220073603
tshirt_vs_shirt,within_tops,fine_minus_random,fine,conv1,30,3136,32,42,10,5,50,0.0007599999999999962,0.020571736108812303,0.000882410886220597,0.02085627657484958,0.0007600000000000096,0.02057173610881231
tshirt_vs_shirt,within_tops,fine_minus_random,fine,conv1,50,3136,32,42,10,5,50,-0.0034299999999999908,0.013557891745084429,-0.0035631760602918973,0.013517167674720743,-0.003429999999999995,0.013557891745084438
tshirt_vs_shirt,within_tops,fine_minus_random,fine,conv1,80,3136,32,42,10,5,50,-0.004430000000000005,0.01231806786465992,-0.0045535523007315315,0.012239294425389761,-0.004430000000000014,0.012318067864659926
tshirt_vs_shirt,within_tops,fine_minus_random,fine,conv1,110,3136,32,42,10,5,50,-0.005420000000000012,0.011623498366916668,-0.005479631346247887,0.011543870223690102,-0.005420000000000009,0.011623498366916651
tshirt_vs_shirt,within_tops,fine_minus_random,fine,conv1,150,3136,32,42,10,5,50,-0.004450000000000001,0.010480910733133774,-0.004483495889340427,0.010499656805177128,-0.0044500000000000026,0.010480910733133756
tshirt_vs_shirt,within_tops,fine_minus_random,fine,conv1,200,3136,32,42,10,5,50,-0.0029099999999999994,0.009561129853821288,-0.0029506834314599927,0.009640227308944326,-0.002910000000000015,0.00956112985382129
tshirt_vs_shirt,within_tops,fine_minus_random,fine,conv2,10,1568,32,42,10,5,50,0.03349,0.05019253644004967,0.033840656482551176,0.05108518334707495,0.03348999999999999,0.05019253644004966
tshirt_vs_shirt,within_tops,fine_minus_random,fine,conv2,20,1568,32,42,10,5,50,0.02819,0.02944571102824966,0.028163546249100824,0.029564947905640956,0.028190000000000003,0.029445711028249652
tshirt_vs_shirt,within_tops,fine_minus_random,fine,conv2,30,1568,32,42,10,5,50,0.022240000000000017,0.019861315080696305,0.022105037680337506,0.01994564090589531,0.022239999999999992,0.019861315080696305
tshirt_vs_shirt,within_tops,fine_minus_random,fine,conv2,50,1568,32,42,10,5,50,0.01502000000000001,0.01942724785407531,0.014822988699608422,0.01966437138759049,0.015019999999999993,0.01942724785407528
tshirt_vs_shirt,within_tops,fine_minus_random,fine,conv2,80,1568,32,42,10,5,50,0.01692000000000001,0.018516225647925613,0.016938192086854993,0.018477322352628566,0.016919999999999998,0.018516225647925624
tshirt_vs_shirt,within_tops,fine_minus_random,fine,conv2,110,1568,32,42,10,5,50,0.016360000000000013,0.01538719319062819,0.016263743770803554,0.015241813845301481,0.016359999999999996,0.015387193190628175
tshirt_vs_shirt,within_tops,fine_minus_random,fine,conv2,150,1568,32,42,10,5,50,0.01607,0.01643788866227867,0.016120024279752516,0.01634841930884625,0.016069999999999994,0.016437888662278657
tshirt_vs_shirt,within_tops,fine_minus_random,fine,conv2,200,1568,32,42,10,5,50,0.01213,0.012628446185545738,0.012306807228944004,0.012572963414790249,0.01213,0.012628446185545717
tshirt_vs_shirt,within_tops,fine_minus_random,fine,fc,10,128,32,42,10,5,50,0.11017999999999997,0.06500563240903022,0.11152896717973594,0.06656800029218404,0.11018,0.06500563240903019
tshirt_vs_shirt,within_tops,fine_minus_random,fine,fc,20,128,32,42,10,5,50,0.07533999999999999,0.03330401704029722,0.07550794190408751,0.034293795086238026,0.07533999999999999,0.03330401704029723
tshirt_vs_shirt,within_tops,fine_minus_random,fine,fc,30,128,32,42,10,5,50,0.07218999999999999,0.022562812550834192,0.07180675986146562,0.022764628787705864,0.07219000000000002,0.022562812550834206
tshirt_vs_shirt,within_tops,fine_minus_random,fine,fc,50,128,32,42,10,5,50,0.07003,0.023059906455020287,0.0702699917959335,0.023335582608329915,0.07003000000000001,0.023059906455020263
tshirt_vs_shirt,within_tops,fine_minus_random,fine,fc,80,128,32,42,10,5,50,0.06825,0.020161402303836493,0.06835274191076986,0.019924038048340125,0.06824999999999999,0.020161402303836486
tshirt_vs_shirt,within_tops,fine_minus_random,fine,fc,110,128,32,42,10,5,50,0.06992,0.01702080359742281,0.07015601048662978,0.016821848512028715,0.06992,0.0170208035974228
tshirt_vs_shirt,within_tops,fine_minus_random,fine,fc,150,128,32,42,10,5,50,0.07082000000000001,0.016800680258336486,0.07124475267410592,0.01673989817802067,0.07082,0.01680068025833648
tshirt_vs_shirt,within_tops,fine_minus_random,fine,fc,200,128,32,42,10,5,50,0.07116,0.01240574258074027,0.07173425330263479,0.012367434557517806,0.07116000000000003,0.012405742580740252
