task,task_category,condition,family,layer,sample_size,original_feature_count,feature_count,source_seed,n_sampling_repeats,n_projection_seeds,n_runs,test_accuracy_mean,test_accuracy_std,test_macro_f1_mean,test_macro_f1_std,test_balanced_accuracy_mean,test_balanced_accuracy_std,selected_c_mode
ankle_boot_vs_non_footwear,cross_pooled,constant,constant,constant,10,0,0,42,10,5,50,0.875,0.0,0.4666666666666666,5.607473066727768e-17,0.5,0.0,
ankle_boot_vs_non_footwear,cross_pooled,constant,constant,constant,20,0,0,42,10,5,50,0.875,0.0,0.4666666666666666,5.607473066727768e-17,0.5,0.0,
ankle_boot_vs_non_footwear,cross_pooled,constant,constant,constant,30,0,0,42,10,5,50,0.875,0.0,0.4666666666666666,5.607473066727768e-17,0.5,0.0,
ankle_boot_vs_non_footwear,cross_pooled,constant,constant,constant,50,0,0,42,10,5,50,0.875,0.0,0.4666666666666666,5.607473066727768e-17,0.5,0.0,
ankle_boot_vs_non_footwear,cross_pooled,constant,constant,constant,80,0,0,42,10,5,50,0.875,0.0,0.4666666666666666,5.607473066727768e-17,0.5,0.0,
ankle_boot_vs_non_footwear,cross_pooled,constant,constant,constant,110,0,0,42,10,5,50,0.875,0.0,0.4666666666666666,5.607473066727768e-17,0.5,0.0,
ankle_boot_vs_non_footwear,cross_pooled,constant,constant,constant,150,0,0,42,10,5,50,0.875,0.0,0.4666666666666666,5.607473066727768e-17,0.5,0.0,
ankle_boot_vs_non_footwear,cross_pooled,constant,constant,constant,200,0,0,42,10,5,50,0.875,0.0,0.4666666666666666,5.607473066727768e-17,0.5,0.0,
ankle_boot_vs_non_footwear,cross_pooled,pixels,pixels,pixels,10,784,32,42,10,5,50,0.95025,0.0424513602219514,0.9062004776378726,0.06436283280888183,0.95268,0.02706952361429189,1.0
ankle_boot_vs_non_footwear,cross_pooled,pixels,pixels,pixels,20,784,32,42,10,5,50,0.9717975000000001,0.017827938440285577,0.9415182819676079,0.03289965381827615,0.9715842857142856,0.012918405148734066,1.0
ankle_boot_vs_non_footwear,cross_pooled,pixels,pixels,pixels,30,784,32,42,10,5,50,0.9752649999999998,0.01608231060158068,0.9480283436574701,0.030416206511959105,0.9737285714285714,0.013302021403821996,1.0
ankle_boot_vs_non_footwear,cross_pooled,pixels,pixels,pixels,50,784,32,42,10,5,50,0.9805275,0.012921201776814056,0.958380911202161,0.025018960937929186,0.9790671428571427,0.010507632041142138,1.0
ankle_boot_vs_non_footwear,cross_pooled,pixels,pixels,pixels,80,784,32,42,10,5,50,0.9822624999999999,0.012580715167773775,0.9620753543886525,0.024059334187271648,0.9823471428571429,0.009695037631982038,1.0
ankle_boot_vs_non_footwear,cross_pooled,pixels,pixels,pixels,110,784,32,42,10,5,50,0.985445,0.007931312267570502,0.9682308477828007,0.016269732071526467,0.9848600000000002,0.0076247771217110676,1.0
ankle_boot_vs_non_footwear,cross_pooled,pixels,pixels,pixels,150,784,32,42,10,5,50,0.98728,0.00643127720834767,0.9720297077760114,0.01336237968639253,0.9863542857142857,0.0059819066356041105,1.0
ankle_boot_vs_non_footwear,cross_pooled,pixels,pixels,pixels,200,784,32,42,10,5,50,0.9883874999999999,0.005539644342263816,0.9743622879017737,0.011685673291373166,0.9877671428571427,0.005519999041763916,1.0
ankle_boot_vs_non_footwear,cross_pooled,random_conv1,random,conv1,10,3136,32,42,10,5,50,0.9677925,0.02207517897516834,0.9344101864632093,0.04000188697516428,0.9675899999999998,0.017425385707507124,1.0
ankle_boot_vs_non_footwear,cross_pooled,random_conv1,random,conv1,20,3136,32,42,10,5,50,0.9785825,0.01374505036144923,0.9547611093982895,0.026065972016736185,0.9790014285714287,0.01040901847226809,1.0
ankle_boot_vs_non_footwear,cross_pooled,random_conv1,random,conv1,30,3136,32,42,10,5,50,0.9825325,0.011295170371645123,0.9626144074108589,0.022257533967526527,0.9830671428571429,0.007514561873451952,1.0
ankle_boot_vs_non_footwear,cross_pooled,random_conv1,random,conv1,50,3136,32,42,10,5,50,0.9865299999999999,0.007488024452689882,0.9706094492630623,0.015480651081429809,0.9866971428571429,0.005363942429221882,1.0
ankle_boot_vs_non_footwear,cross_pooled,random_conv1,random,conv1,80,3136,32,42,10,5,50,0.9901225000000002,0.005998590927229901,0.9782374804004297,0.012296893500726613,0.9905242857142857,0.0035933615154093287,1.0
ankle_boot_vs_non_footwear,cross_pooled,random_conv1,random,conv1,110,3136,32,42,10,5,50,0.99245,0.003485941151867852,0.9831580870689562,0.00745739477659748,0.9925485714285714,0.002518132493266451,1.0
ankle_boot_vs_non_footwear,cross_pooled,random_conv1,random,conv1,150,3136,32,42,10,5,50,0.9932,0.0030911947033270986,0.9847920447460408,0.006712636702700735,0.9932514285714285,0.002103785683575123,1.0
ankle_boot_vs_non_footwear,cross_pooled,random_conv1,random,conv1,200,3136,32,42,10,5,50,0.9941725000000001,0.002363072897819314,0.9869205245262377,0.005177174524847064,0.9942957142857144,0.0015301366608083378,1.0
ankle_boot_vs_non_footwear,cross_pooled,fine_conv1,fine,conv1,10,3136,32,42,10,5,50,0.9577199999999999,0.024849990760890162,0.9155641837015556,0.042699295582127275,0.9581485714285713,0.019277451204657164,1.0
ankle_boot_vs_non_footwear,cross_pooled,fine_conv1,fine,conv1,20,3136,32,42,10,5,50,0.9675175,0.018596531969039556,0.9334923872582392,0.03324913399622919,0.9694899999999999,0.012758571038473443,1.0
ankle_boot_vs_non_footwear,cross_pooled,fine_conv1,fine,conv1,30,3136,32,42,10,5,50,0.97218,0.016867849202986545,0.9423517566626927,0.03128816537560867,0.9741599999999999,0.01219546621023423,1.0
ankle_boot_vs_non_footwear,cross_pooled,fine_conv1,fine,conv1,50,3136,32,42,10,5,50,0.976315,0.013993033981235081,0.9501739053690528,0.02700353984648956,0.97792,0.009869258198707383,1.0
ankle_boot_vs_non_footwear,cross_pooled,fine_conv1,fine,conv1,80,3136,32,42,10,5,50,0.98,0.013134289715341696,0.9576500858530542,0.024803661453783432,0.9821428571428572,0.008301997170434906,1.0
ankle_boot_vs_non_footwear,cross_pooled,fine_conv1,fine,conv1,110,3136,32,42,10,5,50,0.9838049999999998,0.008529404422110509,0.9649743745298387,0.017217968108024128,0.9851057142857143,0.006157641034279183,1.0
ankle_boot_vs_non_footwear,cross_pooled,fine_conv1,fine,conv1,150,3136,32,42,10,5,50,0.9861325,0.007638826123221832,0.9697749222460937,0.015523554038447494,0.9867014285714285,0.005524597414571154,1.0
ankle_boot_vs_non_footwear,cross_pooled,fine_conv1,fine,conv1,200,3136,32,42,10,5,50,0.9877875,0.006087387114990731,0.9731966268836918,0.012484362990352249,0.9885042857142858,0.004532459864116293,1.0
ankle_boot_vs_non_footwear,cross_pooled,coarse_conv1,coarse,conv1,10,3136,32,42,10,5,50,0.9713225,0.02077980847002735,0.9412007595972582,0.03857705446427916,0.9716042857142857,0.015527918254371784,1.0
ankle_boot_vs_non_footwear,cross_pooled,coarse_conv1,coarse,conv1,20,3136,32,42,10,5,50,0.9801899999999999,0.012292674523421478,0.9579791429300987,0.023865645732683537,0.9814371428571427,0.007548588135571007,1.0
ankle_boot_vs_non_footwear,cross_pooled,coarse_conv1,coarse,conv1,30,3136,32,42,10,5,50,0.9832075,0.011463551656516963,0.9640793037923504,0.02289382190830988,0.9837957142857143,0.007928197270083074,1.0
ankle_boot_vs_non_footwear,cross_pooled,coarse_conv1,coarse,conv1,50,3136,32,42,10,5,50,0.987285,0.008098014054856481,0.9722783644140818,0.01680488451680081,0.9876771428571428,0.006225948975837282,1.0
ankle_boot_vs_non_footwear,cross_pooled,coarse_conv1,coarse,conv1,80,3136,32,42,10,5,50,0.9913625,0.004846117344465212,0.9808538696215331,0.010271460719632825,0.9915242857142856,0.0032473873777763536,1.0
ankle_boot_vs_non_footwear,cross_pooled,coarse_conv1,coarse,conv1,110,3136,32,42,10,5,50,0.9933425000000001,0.0027632807789411034,0.9850825412163705,0.0059930174824651275,0.9930414285714285,0.002379459249990562,1.0
ankle_boot_vs_non_footwear,cross_pooled,coarse_conv1,coarse,conv1,150,3136,32,42,10,5,50,0.9945949999999999,0.002144576691021679,0.9878417759509476,0.004718865174944499,0.9943485714285714,0.001717601264105653,1.0
ankle_boot_vs_non_footwear,cross_pooled,coarse_conv1,coarse,conv1,200,3136,32,42,10,5,50,0.9953150000000001,0.0017107925720232183,0.9894382059564922,0.003796056532947147,0.9952485714285715,0.0013272556888081419,1.0
ankle_boot_vs_non_footwear,cross_pooled,random_conv2,random,conv2,10,1568,32,42,10,5,50,0.9381799999999998,0.05542325637256236,0.8881772233229792,0.07552545585544815,0.9452771428571428,0.03865261847040778,1.0
ankle_boot_vs_non_footwear,cross_pooled,random_conv2,random,conv2,20,1568,32,42,10,5,50,0.9648650000000001,0.025230264059058052,0.9297849072632974,0.04229359162649416,0.970717142857143,0.017457659614535753,1.0
ankle_boot_vs_non_footwear,cross_pooled,random_conv2,random,conv2,30,1568,32,42,10,5,50,0.9743325,0.01623894070292337,0.9465949960307033,0.030962966296746892,0.9765471428571427,0.011479302581389773,1.0
ankle_boot_vs_non_footwear,cross_pooled,random_conv2,random,conv2,50,1568,32,42,10,5,50,0.9797825000000002,0.014473758141716267,0.9574350082734021,0.028054444496610854,0.9824557142857142,0.010170658424835085,1.0
ankle_boot_vs_non_footwear,cross_pooled,random_conv2,random,conv2,80,1568,32,42,10,5,50,0.9843725000000001,0.013425828224746816,0.9668365810223869,0.025666923283243825,0.9868442857142857,0.008597793392996532,1.0
ankle_boot_vs_non_footwear,cross_pooled,random_conv2,random,conv2,110,1568,32,42,10,5,50,0.9873824999999999,0.010273132495763412,0.9727906271590766,0.0206534950211466,0.9890442857142857,0.006918320540447287,1.0
ankle_boot_vs_non_footwear,cross_pooled,random_conv2,random,conv2,150,1568,32,42,10,5,50,0.9890625,0.009090224130619556,0.9762628645381447,0.01855095266864555,0.9904585714285714,0.005911485971310814,1.0
ankle_boot_vs_non_footwear,cross_pooled,random_conv2,random,conv2,200,1568,32,42,10,5,50,0.9907775000000001,0.00656036967366185,0.9797307278844025,0.01384791765127564,0.9919442857142857,0.004488410964501321,1.0
ankle_boot_vs_non_footwear,cross_pooled,fine_conv2,fine,conv2,10,1568,32,42,10,5,50,0.9348575,0.03111278046749225,0.8775348584531285,0.04591874062864237,0.9449814285714286,0.019864046506359943,1.0
ankle_boot_vs_non_footwear,cross_pooled,fine_conv2,fine,conv2,20,1568,32,42,10,5,50,0.9540000000000001,0.01547119195835424,0.9086469457991098,0.026500153078397138,0.9646199999999999,0.008818374667614533,1.0
ankle_boot_vs_non_footwear,cross_pooled,fine_conv2,fine,conv2,30,1568,32,42,10,5,50,0.96062,0.014317753358138624,0.9205229984521845,0.02549931181390483,0.9701171428571428,0.008853953625010456,1.0
ankle_boot_vs_non_footwear,cross_pooled,fine_conv2,fine,conv2,50,1568,32,42,10,5,50,0.9688875000000001,0.014467112818953421,0.9360544432869399,0.026728766039000755,0.9761442857142856,0.008485753673672458,1.0
ankle_boot_vs_non_footwear,cross_pooled,fine_conv2,fine,conv2,80,1568,32,42,10,5,50,0.973715,0.015231526113791166,0.945611941477247,0.027547386120466925,0.9803085714285714,0.007853304654888866,1.0
ankle_boot_vs_non_footwear,cross_pooled,fine_conv2,fine,conv2,110,1568,32,42,10,5,50,0.979105,0.008590505556385231,0.9554687403646082,0.01687497479520773,0.9834828571428571,0.005015771876145879,1.0
ankle_boot_vs_non_footwear,cross_pooled,fine_conv2,fine,conv2,150,1568,32,42,10,5,50,0.9820625,0.00836352206163828,0.9615107291667685,0.016536256149697507,0.9858157142857142,0.004496634170925916,1.0
ankle_boot_vs_non_footwear,cross_pooled,fine_conv2,fine,conv2,200,1568,32,42,10,5,50,0.9838775000000001,0.006630003405207362,0.9651159246975968,0.013445488511988478,0.9874100000000001,0.004098557003715217,1.0
ankle_boot_vs_non_footwear,cross_pooled,coarse_conv2,coarse,conv2,10,1568,32,42,10,5,50,0.9683624999999999,0.03674016988131877,0.9387281598710001,0.05669626178714098,0.9712328571428572,0.025183366724887413,1.0
ankle_boot_vs_non_footwear,cross_pooled,coarse_conv2,coarse,conv2,20,1568,32,42,10,5,50,0.9823475,0.012983513142459097,0.9625985457934864,0.02606943264457006,0.9850614285714285,0.009258842144182801,1.0
ankle_boot_vs_non_footwear,cross_pooled,coarse_conv2,coarse,conv2,30,1568,32,42,10,5,50,0.9849750000000002,0.012583800730158063,0.9680382109478548,0.02547602027336137,0.9875057142857143,0.008918295427721042,1.0
ankle_boot_vs_non_footwear,cross_pooled,coarse_conv2,coarse,conv2,50,1568,32,42,10,5,50,0.9887825000000001,0.012870276278293012,0.9761553679223712,0.02562792186658337,0.9906842857142858,0.008639755485186779,1.0
ankle_boot_vs_non_footwear,cross_pooled,coarse_conv2,coarse,conv2,80,1568,32,42,10,5,50,0.990815,0.012179965358015146,0.9804676293650333,0.024031742150898795,0.9926085714285713,0.007449723753714897,1.0
ankle_boot_vs_non_footwear,cross_pooled,coarse_conv2,coarse,conv2,110,1568,32,42,10,5,50,0.9946650000000001,0.00442096408822644,0.9881010225363691,0.009601526457695716,0.9949371428571431,0.0037524569210860294,1.0
ankle_boot_vs_non_footwear,cross_pooled,coarse_conv2,coarse,conv2,150,1568,32,42,10,5,50,0.9951499999999999,0.004111721050849634,0.9891621194325075,0.008957763298869383,0.9953085714285715,0.0034964860089327144,1.0
ankle_boot_vs_non_footwear,cross_pooled,coarse_conv2,coarse,conv2,200,1568,32,42,10,5,50,0.9961749999999999,0.002539735242508721,0.9913793952050266,0.005646780188168744,0.9962628571428571,0.0027986148177195067,1.0
ankle_boot_vs_non_footwear,cross_pooled,random_fc,random,fc,10,128,32,42,10,5,50,0.9672974999999999,0.0234589563691263,0.9344852446692826,0.04313512432631717,0.9735814285714285,0.01683592459399277,1.0
ankle_boot_vs_non_footwear,cross_pooled,random_fc,random,fc,20,128,32,42,10,5,50,0.9829325,0.015252241596712587,0.9641894777986961,0.028753360303675087,0.9860557142857143,0.00869595273211627,1.0
ankle_boot_vs_non_footwear,cross_pooled,random_fc,random,fc,30,128,32,42,10,5,50,0.9869125000000001,0.01060378283723237,0.9718644463995296,0.02114630549325482,0.9888442857142857,0.006542204157263713,1.0
ankle_boot_vs_non_footwear,cross_pooled,random_fc,random,fc,50,128,32,42,10,5,50,0.9884549999999999,0.009019492779530349,0.9749662789600622,0.0184549146123246,0.9897942857142857,0.005655209199229246,1.0
ankle_boot_vs_non_footwear,cross_pooled,random_fc,random,fc,80,128,32,42,10,5,50,0.9907449999999999,0.006918575263265514,0.9797126929296076,0.014328821886563948,0.992097142857143,0.004071384072182773,1.0
ankle_boot_vs_non_footwear,cross_pooled,random_fc,random,fc,110,128,32,42,10,5,50,0.9923124999999999,0.004772118881843679,0.9829473113757841,0.010103805824665905,0.9929071428571429,0.0030921650664220497,1.0
ankle_boot_vs_non_footwear,cross_pooled,random_fc,random,fc,150,128,32,42,10,5,50,0.99328,0.004266890207260592,0.9850313418625538,0.009132496434090975,0.9934000000000001,0.0029578814868858987,1.0
ankle_boot_vs_non_footwear,cross_pooled,random_fc,random,fc,200,128,32,42,10,5,50,0.9945625000000001,0.0033079845041341766,0.9878205319505717,0.007167277220712226,0.9947585714285714,0.002524882008038986,1.0
ankle_boot_vs_non_footwear,cross_pooled,fine_fc,fine,fc,10,128,32,42,10,5,50,0.9817,0.021880706252825777,0.9629210162104153,0.040514866106120095,0.9832514285714287,0.013181637550513946,1.0
ankle_boot_vs_non_footwear,cross_pooled,fine_fc,fine,fc,20,128,32,42,10,5,50,0.9909574999999999,0.010665263147724213,0.980558971273039,0.02178365513547415,0.9918671428571427,0.007305110664179569,1.0
ankle_boot_vs_non_footwear,cross_pooled,fine_fc,fine,fc,30,128,32,42,10,5,50,0.9938125000000001,0.0076275819482684686,0.9864830873676834,0.01589333601072024,0.9940899999999999,0.004994724622286805,1.0
ankle_boot_vs_non_footwear,cross_pooled,fine_fc,fine,fc,50,128,32,42,10,5,50,0.99657,0.006124305458330663,0.9924706713564521,0.01266676432415406,0.9964114285714287,0.004029089353221543,1.0
ankle_boot_vs_non_footwear,cross_pooled,fine_fc,fine,fc,80,128,32,42,10,5,50,0.9981750000000001,0.0012077027442079248,0.9958551921377569,0.0027169713524734904,0.99768,0.001391519504215531,1.0
ankle_boot_vs_non_footwear,cross_pooled,fine_fc,fine,fc,110,128,32,42,10,5,50,0.99846,0.001145209632355934,0.9965023527768626,0.0025778954396987754,0.9981514285714287,0.0007859978285099237,1.0
ankle_boot_vs_non_footwear,cross_pooled,fine_fc,fine,fc,150,128,32,42,10,5,50,0.9985875,0.0009060630524980324,0.9967873126127026,0.0020449685039418465,0.9981471428571428,0.0007522574660936344,1.0
ankle_boot_vs_non_footwear,cross_pooled,fine_fc,fine,fc,200,128,32,42,10,5,50,0.9986049999999999,0.0009117151363205075,0.9968279513421129,0.0020562800602746314,0.99826,0.0007057448559849827,1.0
ankle_boot_vs_non_footwear,cross_pooled,coarse_fc,coarse,fc,10,128,32,42,10,5,50,0.9979299999999999,0.001420099881511651,0.9953128735108087,0.0031793958893015246,0.9983885714285714,0.0008114856465780821,0.01
ankle_boot_vs_non_footwear,cross_pooled,coarse_fc,coarse,fc,20,128,32,42,10,5,50,0.9978275,0.0013804137393682945,0.9950809137013907,0.0030884600863910695,0.9983299999999999,0.0007888078510675953,0.01
ankle_boot_vs_non_footwear,cross_pooled,coarse_fc,coarse,fc,30,128,32,42,10,5,50,0.9983325,0.0009132003881841097,0.9962132391792166,0.0020553761940193603,0.9986185714285716,0.0005218287932480624,0.01
ankle_boot_vs_non_footwear,cross_pooled,coarse_fc,coarse,fc,50,128,32,42,10,5,50,0.9984175,0.0007136649087918068,0.9964031213591106,0.0016096332024775444,0.998667142857143,0.0004078085193096098,0.01
ankle_boot_vs_non_footwear,cross_pooled,coarse_fc,coarse,fc,80,128,32,42,10,5,50,0.9985575,0.0005842370308045057,0.9967188447529368,0.001319912318165924,0.9987471428571427,0.0003338497318882887,0.01
ankle_boot_vs_non_footwear,cross_pooled,coarse_fc,coarse,fc,110,128,32,42,10,5,50,0.9985425000000001,0.0005672896985146326,0.9966847214531488,0.0012818399788212486,0.9987385714285715,0.0003241655420083589,0.01
ankle_boot_vs_non_footwear,cross_pooled,coarse_fc,coarse,fc,150,128,32,42,10,5,50,0.9986325,0.0004611224659148989,0.9968878135916267,0.0010436345621329555,0.99879,0.0002634985519513854,0.01
ankle_boot_vs_non_footwear,cross_pooled,coarse_fc,coarse,fc,200,128,32,42,10,5,50,0.9987325,0.000352659357523631,0.9971138633376857,0.0007990318450103168,0.9988471428571429,0.00020151963287065022,0.01
footwear_three_way,within_footwear,constant,constant,constant,10,0,0,42,10,5,50,0.33333333333333326,5.607473066727768e-17,0.16666666666666663,2.803736533363884e-17,0.33333333333333326,5.607473066727768e-17,
footwear_three_way,within_footwear,constant,constant,constant,20,0,0,42,10,5,50,0.33333333333333326,5.607473066727768e-17,0.16666666666666663,2.803736533363884e-17,0.33333333333333326,5.607473066727768e-17,
footwear_three_way,within_footwear,constant,constant,constant,30,0,0,42,10,5,50,0.33333333333333326,5.607473066727768e-17,0.16666666666666663,2.803736533363884e-17,0.33333333333333326,5.607473066727768e-17,
footwear_three_way,within_footwear,constant,constant,constant,50,0,0,42,10,5,50,0.33333333333333326,5.607473066727768e-17,0.16666666666666663,2.803736533363884e-17,0.33333333333333326,5.607473066727768e-17,
footwear_three_way,within_footwear,constant,constant,constant,80,0,0,42,10,5,50,0.33333333333333326,5.607473066727768e-17,0.16666666666666663,2.803736533363884e-17,0.33333333333333326,5.607473066727768e-17,
footwear_three_way,within_footwear,constant,constant,constant,110,0,0,42,10,5,50,0.33333333333333326,5.607473066727768e-17,0.16666666666666663,2.803736533363884e-17,0.33333333333333326,5.607473066727768e-17,
footwear_three_way,within_footwear,constant,constant,constant,150,0,0,42,10,5,50,0.33333333333333326,5.607473066727768e-17,0.16666666666666663,2.803736533363884e-17,0.33333333333333326,5.607473066727768e-17,
footwear_three_way,within_footwear,constant,constant,constant,200,0,0,42,10,5,50,0.33333333333333326,5.607473066727768e-17,0.16666666666666663,2.803736533363884e-17,0.33333333333333326,5.607473066727768e-17,
footwear_three_way,within_footwear,pixels,pixels,pixels,10,784,32,42,10,5,50,0.73462,0.04757936489402544,0.7279009758917249,0.051514897740645375,0.73462,0.04757936489402544,0.1
footwear_three_way,within_footwear,pixels,pixels,pixels,20,784,32,42,10,5,50,0.7825,0.02792086728473836,0.7805399095893664,0.02950739034237821,0.7825,0.02792086728473838,0.1
footwear_three_way,within_footwear,pixels,pixels,pixels,30,784,32,42,10,5,50,0.7980800000000001,0.02084589390064639,0.7963303566887749,0.022891592453309195,0.7980800000000001,0.020845893900646402,0.01
footwear_three_way,within_footwear,pixels,pixels,pixels,50,784,32,42,10,5,50,0.8074266666666666,0.014916249946674103,0.8063041310016108,0.015382486523021495,0.8074266666666666,0.014916249946674108,0.01
footwear_three_way,within_footwear,pixels,pixels,pixels,80,784,32,42,10,5,50,0.8148733333333332,0.012413307539960188,0.8140785483642814,0.012769171547403481,0.8148733333333332,0.01241330753996019,0.01
footwear_three_way,within_footwear,pixels,pixels,pixels,110,784,32,42,10,5,50,0.8206866666666666,0.010823341284154716,0.8201181984210545,0.011129738154797595,0.8206866666666666,0.010823341284154731,0.1
footwear_three_way,within_footwear,pixels,pixels,pixels,150,784,32,42,10,5,50,0.8261066666666668,0.011717274105851386,0.8257769717237027,0.011983375267522162,0.8261066666666668,0.011717274105851392,0.1
footwear_three_way,within_footwear,pixels,pixels,pixels,200,784,32,42,10,5,50,0.8295600000000001,0.010690967217485591,0.8292831920590704,0.010891056973547936,0.8295599999999999,0.010690967217485576,0.1
footwear_three_way,within_footwear,random_conv1,random,conv1,10,3136,32,42,10,5,50,0.7242799999999998,0.041008508602213015,0.7135258822802859,0.04873890567409693,0.7242799999999999,0.041008508602213,0.1
footwear_three_way,within_footwear,random_conv1,random,conv1,20,3136,32,42,10,5,50,0.7705733333333333,0.02769636468528036,0.7677935195384482,0.02897192891608805,0.7705733333333333,0.027696364685280365,0.1
footwear_three_way,within_footwear,random_conv1,random,conv1,30,3136,32,42,10,5,50,0.7909866666666667,0.02529624567700657,0.7885970294031659,0.027713166208301592,0.7909866666666667,0.02529624567700658,0.1
footwear_three_way,within_footwear,random_conv1,random,conv1,50,3136,32,42,10,5,50,0.80686,0.0186055961639712,0.8048658997278879,0.0201032564504749,0.8068600000000002,0.018605596163971186,0.1
footwear_three_way,within_footwear,random_conv1,random,conv1,80,3136,32,42,10,5,50,0.8215333333333333,0.014772960529690427,0.8204926163448606,0.015462461893384872,0.8215333333333333,0.014772960529690434,0.1
footwear_three_way,within_footwear,random_conv1,random,conv1,110,3136,32,42,10,5,50,0.8289266666666666,0.01301234195231205,0.828197707673352,0.013576072972690648,0.8289266666666666,0.013012341952312045,0.1
footwear_three_way,within_footwear,random_conv1,random,conv1,150,3136,32,42,10,5,50,0.8384066666666666,0.01264934189355858,0.8380471542427718,0.012928097423856245,0.8384066666666666,0.01264934189355858,0.1
footwear_three_way,within_footwear,random_conv1,random,conv1,200,3136,32,42,10,5,50,0.8447466666666668,0.01263073313395283,0.8444816572158872,0.012776588904071733,0.8447466666666668,0.012630733133952831,0.1
footwear_three_way,within_footwear,fine_conv1,fine,conv1,10,3136,32,42,10,5,50,0.69708,0.037077082175863536,0.6837525469864576,0.04346352395014394,0.69708,0.03707708217586353,0.1
footwear_three_way,within_footwear,fine_conv1,fine,conv1,20,3136,32,42,10,5,50,0.75458,0.03213377720076194,0.7496546562025191,0.03478888120340513,0.75458,0.032133777200761944,0.1
footwear_three_way,within_footwear,fine_conv1,fine,conv1,30,3136,32,42,10,5,50,0.7762533333333334,0.03023982447248965,0.772985667497908,0.03276648563449284,0.7762533333333334,0.03023982447248964,0.1
footwear_three_way,within_footwear,fine_conv1,fine,conv1,50,3136,32,42,10,5,50,0.7969466666666668,0.0206312358126328,0.7945746279599584,0.02180622656014105,0.7969466666666668,0.0206312358126328,0.1
footwear_three_way,within_footwear,fine_conv1,fine,conv1,80,3136,32,42,10,5,50,0.8114133333333333,0.017039577778934358,0.8098002722072993,0.018186279046739428,0.8114133333333333,0.01703957777893435,0.1
footwear_three_way,within_footwear,fine_conv1,fine,conv1,110,3136,32,42,10,5,50,0.8191266666666667,0.016984572164466714,0.8179752008273222,0.01791012777966578,0.8191266666666667,0.016984572164466725,0.1
footwear_three_way,within_footwear,fine_conv1,fine,conv1,150,3136,32,42,10,5,50,0.8294,0.013918616711313763,0.8287241935736178,0.014473169396308789,0.8294,0.013918616711313744,0.1
footwear_three_way,within_footwear,fine_conv1,fine,conv1,200,3136,32,42,10,5,50,0.8366666666666667,0.011095749017461758,0.8362945103093098,0.01131086918984858,0.8366666666666667,0.011095749017461767,0.1
footwear_three_way,within_footwear,coarse_conv1,coarse,conv1,10,3136,32,42,10,5,50,0.7267133333333333,0.040928786669424885,0.7159641691874751,0.048909982074844774,0.7267133333333333,0.0409287866694249,0.1
footwear_three_way,within_footwear,coarse_conv1,coarse,conv1,20,3136,32,42,10,5,50,0.7705,0.03254100849021263,0.7674411470966112,0.03433097099347718,0.7705,0.03254100849021263,0.1
footwear_three_way,within_footwear,coarse_conv1,coarse,conv1,30,3136,32,42,10,5,50,0.7916799999999999,0.024410878211500075,0.7893206272409085,0.027096776857121717,0.7916799999999999,0.02441087821150008,0.1
footwear_three_way,within_footwear,coarse_conv1,coarse,conv1,50,3136,32,42,10,5,50,0.8083999999999999,0.019729347823303225,0.8064933624241502,0.02077515081226169,0.8084,0.019729347823303225,0.1
footwear_three_way,within_footwear,coarse_conv1,coarse,conv1,80,3136,32,42,10,5,50,0.8213266666666666,0.016247028683518835,0.8203192444770839,0.016811654429225442,0.8213266666666666,0.016247028683518832,0.1
footwear_three_way,within_footwear,coarse_conv1,coarse,conv1,110,3136,32,42,10,5,50,0.8307066666666667,0.012391870643687604,0.8300309573243877,0.012809423662195278,0.8307066666666667,0.012391870643687604,0.1
footwear_three_way,within_footwear,coarse_conv1,coarse,conv1,150,3136,32,42,10,5,50,0.8407333333333332,0.011421029257341562,0.8403953531020185,0.011674307136840999,0.8407333333333332,0.011421029257341566,0.1
footwear_three_way,within_footwear,coarse_conv1,coarse,conv1,200,3136,32,42,10,5,50,0.8459399999999999,0.010556551092807565,0.8457177282893443,0.010677487756596256,0.8459399999999999,0.010556551092807566,0.1
footwear_three_way,within_footwear,random_conv2,random,conv2,10,1568,32,42,10,5,50,0.7182733333333334,0.04386252952804523,0.7075129249459343,0.04981676634115932,0.7182733333333334,0.043862529528045216,1.0
footwear_three_way,within_footwear,random_conv2,random,conv2,20,1568,32,42,10,5,50,0.7773600000000002,0.03250242202731549,0.7744845109123881,0.03403595667715939,0.7773600000000002,0.0325024220273155,0.1
footwear_three_way,within_footwear,random_conv2,random,conv2,30,1568,32,42,10,5,50,0.7985066666666667,0.032811371846495234,0.7963922494270972,0.034645939489116324,0.7985066666666666,0.03281137184649523,1.0
footwear_three_way,within_footwear,random_conv2,random,conv2,50,1568,32,42,10,5,50,0.8210933333333333,0.01963118441053785,0.8197463440256609,0.020362692490910255,0.8210933333333333,0.01963118441053785,0.1
footwear_three_way,within_footwear,random_conv2,random,conv2,80,1568,32,42,10,5,50,0.8364666666666666,0.014678103147823314,0.8357515721298653,0.014968791701979591,0.8364666666666666,0.014678103147823305,0.1
footwear_three_way,within_footwear,random_conv2,random,conv2,110,1568,32,42,10,5,50,0.8443733333333333,0.014727092592763433,0.8439869049355402,0.015026300790329688,0.8443733333333334,0.014727092592763434,0.1
footwear_three_way,within_footwear,random_conv2,random,conv2,150,1568,32,42,10,5,50,0.8526933333333333,0.014040731160423033,0.8525294471030916,0.014201056298645818,0.8526933333333333,0.014040731160423037,0.1
footwear_three_way,within_footwear,random_conv2,random,conv2,200,1568,32,42,10,5,50,0.8579133333333334,0.011073002448295333,0.8578363296563626,0.011093231317390479,0.8579133333333334,0.01107300244829535,0.1
footwear_three_way,within_footwear,fine_conv2,fine,conv2,10,1568,32,42,10,5,50,0.7401733333333336,0.04077782510640021,0.733269760482373,0.04490850977395408,0.7401733333333336,0.040777825106400205,0.1
footwear_three_way,within_footwear,fine_conv2,fine,conv2,20,1568,32,42,10,5,50,0.8031600000000002,0.02904287549090215,0.8016301211076446,0.030207506998902227,0.80316,0.029042875490902148,0.1
footwear_three_way,within_footwear,fine_conv2,fine,conv2,30,1568,32,42,10,5,50,0.8270333333333333,0.03385638938281542,0.8256479834660553,0.036399430110875944,0.8270333333333333,0.033856389382815426,0.1
footwear_three_way,within_footwear,fine_conv2,fine,conv2,50,1568,32,42,10,5,50,0.8531666666666666,0.02312906212407302,0.8529379179337865,0.02380301947489923,0.8531666666666666,0.023129062124073008,0.1
footwear_three_way,within_footwear,fine_conv2,fine,conv2,80,1568,32,42,10,5,50,0.86812,0.01591427716508277,0.8681975034411253,0.016136564468394538,0.86812,0.015914277165082775,0.1
footwear_three_way,within_footwear,fine_conv2,fine,conv2,110,1568,32,42,10,5,50,0.87736,0.013870446894464306,0.8775068902661051,0.014039562475569567,0.87736,0.013870446894464285,0.1
footwear_three_way,within_footwear,fine_conv2,fine,conv2,150,1568,32,42,10,5,50,0.8825799999999999,0.013852610942778003,0.8827874284861957,0.013910730662194615,0.8825799999999999,0.013852610942778005,0.1
footwear_three_way,within_footwear,fine_conv2,fine,conv2,200,1568,32,42,10,5,50,0.88876,0.012605840348201853,0.8889301538230902,0.012647825740890581,0.8887599999999999,0.012605840348201867,0.1
footwear_three_way,within_footwear,coarse_conv2,coarse,conv2,10,1568,32,42,10,5,50,0.7294066666666665,0.05039424120358656,0.7200277760848084,0.05446325204962089,0.7294066666666665,0.05039424120358657,0.1
footwear_three_way,within_footwear,coarse_conv2,coarse,conv2,20,1568,32,42,10,5,50,0.7920133333333336,0.03543938391073961,0.7889653759817779,0.03802694064043035,0.7920133333333336,0.03543938391073961,0.1
footwear_three_way,within_footwear,coarse_conv2,coarse,conv2,30,1568,32,42,10,5,50,0.8088466666666666,0.034450872708619275,0.8065667747038832,0.037945299768978924,0.8088466666666666,0.03445087270861926,0.1
footwear_three_way,within_footwear,coarse_conv2,coarse,conv2,50,1568,32,42,10,5,50,0.8314199999999999,0.019918406123340573,0.8303810674849895,0.020933459612885338,0.8314199999999999,0.019918406123340584,0.1
footwear_three_way,within_footwear,coarse_conv2,coarse,conv2,80,1568,32,42,10,5,50,0.8470799999999999,0.01448348187300045,0.8465785973873154,0.014998113443840855,0.8470799999999999,0.014483481873000475,1.0
footwear_three_way,within_footwear,coarse_conv2,coarse,conv2,110,1568,32,42,10,5,50,0.8569600000000002,0.012797682613352646,0.8567942951958852,0.01310618668194789,0.8569600000000002,0.012797682613352656,0.1
footwear_three_way,within_footwear,coarse_conv2,coarse,conv2,150,1568,32,42,10,5,50,0.86164,0.012642626668153049,0.8616094640028947,0.01288184894612905,0.86164,0.012642626668153061,0.1
footwear_three_way,within_footwear,coarse_conv2,coarse,conv2,200,1568,32,42,10,5,50,0.8669933333333333,0.010107918810305956,0.8670658503011677,0.010092437055367307,0.8669933333333333,0.01010791881030594,0.1
footwear_three_way,within_footwear,random_fc,random,fc,10,128,32,42,10,5,50,0.7267600000000001,0.046313828420330855,0.717981266011828,0.05164215768842901,0.7267600000000001,0.04631382842033087,0.1
footwear_three_way,within_footwear,random_fc,random,fc,20,128,32,42,10,5,50,0.7792333333333332,0.02914272097696169,0.7773528380772713,0.030261609735895353,0.7792333333333332,0.029142720976961682,0.1
footwear_three_way,within_footwear,random_fc,random,fc,30,128,32,42,10,5,50,0.7959466666666667,0.02752902899925319,0.7947322853709909,0.02888738951049751,0.7959466666666667,0.027529028999253205,0.1
footwear_three_way,within_footwear,random_fc,random,fc,50,128,32,42,10,5,50,0.8244066666666667,0.0224115586067474,0.823770946226681,0.023081327327416974,0.8244066666666667,0.0224115586067474,1.0
footwear_three_way,within_footwear,random_fc,random,fc,80,128,32,42,10,5,50,0.8409266666666667,0.020507096277445677,0.8408097803302715,0.020742237817965657,0.8409266666666667,0.020507096277445694,0.1
footwear_three_way,within_footwear,random_fc,random,fc,110,128,32,42,10,5,50,0.8500466666666666,0.017498430120709185,0.8500531745362377,0.017616200229842036,0.8500466666666666,0.017498430120709174,0.1
footwear_three_way,within_footwear,random_fc,random,fc,150,128,32,42,10,5,50,0.85568,0.018019384875531046,0.8557989251614556,0.018055366187340147,0.8556800000000001,0.018019384875531057,0.1
footwear_three_way,within_footwear,random_fc,random,fc,200,128,32,42,10,5,50,0.86334,0.01631040873511685,0.8635073686212678,0.0162694037593628,0.8633400000000002,0.01631040873511685,0.1
footwear_three_way,within_footwear,fine_fc,fine,fc,10,128,32,42,10,5,50,0.9023466666666667,0.030452145276276307,0.9027260421069753,0.030399116281175875,0.9023466666666667,0.030452145276276314,1.0
footwear_three_way,within_footwear,fine_fc,fine,fc,20,128,32,42,10,5,50,0.9302866666666668,0.019972317576779995,0.9303050041742376,0.020419432987856225,0.9302866666666668,0.019972317576779985,1.0
footwear_three_way,within_footwear,fine_fc,fine,fc,30,128,32,42,10,5,50,0.9354066666666667,0.019856091099244494,0.9354816286764565,0.02029409356888599,0.9354066666666667,0.019856091099244508,1.0
footwear_three_way,within_footwear,fine_fc,fine,fc,50,128,32,42,10,5,50,0.9445066666666665,0.009417559707217272,0.9446989978171717,0.00934738608270537,0.9445066666666664,0.009417559707217272,1.0
footwear_three_way,within_footwear,fine_fc,fine,fc,80,128,32,42,10,5,50,0.9508533333333332,0.007497893884179261,0.9509860755907973,0.0074530805212777,0.9508533333333332,0.007497893884179245,0.1
footwear_three_way,within_footwear,fine_fc,fine,fc,110,128,32,42,10,5,50,0.9543133333333332,0.005632111528734931,0.9544406331171964,0.005579471515394289,0.9543133333333332,0.005632111528734908,0.1
footwear_three_way,within_footwear,fine_fc,fine,fc,150,128,32,42,10,5,50,0.9565333333333333,0.0053744165954544895,0.9566433870458871,0.005326945913343627,0.9565333333333333,0.00537441659545448,0.1
footwear_three_way,within_footwear,fine_fc,fine,fc,200,128,32,42,10,5,50,0.9584266666666665,0.0042169294908814626,0.958515883680543,0.004173359263805571,0.9584266666666665,0.004216929490881449,0.1
footwear_three_way,within_footwear,coarse_fc,coarse,fc,10,128,32,42,10,5,50,0.6533599999999999,0.07335274449341724,0.6411796957255379,0.07116434653760456,0.6533599999999999,0.07335274449341724,1.0
footwear_three_way,within_footwear,coarse_fc,coarse,fc,20,128,32,42,10,5,50,0.7300399999999999,0.05090623811837876,0.7252736582440258,0.05297935444751416,0.7300399999999999,0.05090623811837878,1.0
footwear_three_way,within_footwear,coarse_fc,coarse,fc,30,128,32,42,10,5,50,0.7625066666666666,0.0312952612816191,0.7597414368165224,0.03274148500407916,0.7625066666666666,0.03129526128161911,1.0
footwear_three_way,within_footwear,coarse_fc,coarse,fc,50,128,32,42,10,5,50,0.8018733333333334,0.02721501602986243,0.8002530740182823,0.02793459785881969,0.8018733333333334,0.027215016029862434,1.0
footwear_three_way,within_footwear,coarse_fc,coarse,fc,80,128,32,42,10,5,50,0.8236066666666666,0.013338551699912824,0.8233060146887641,0.013814092669234106,0.8236066666666666,0.013338551699912833,1.0
footwear_three_way,within_footwear,coarse_fc,coarse,fc,110,128,32,42,10,5,50,0.8343933333333332,0.013549554636186475,0.8344706395647572,0.013778829033202093,0.8343933333333332,0.01354955463618647,1.0
footwear_three_way,within_footwear,coarse_fc,coarse,fc,150,128,32,42,10,5,50,0.8428533333333332,0.011508482526729029,0.8430625624448557,0.011561165836406416,0.8428533333333332,0.011508482526729024,1.0
footwear_three_way,within_footwear,coarse_fc,coarse,fc,200,128,32,42,10,5,50,0.8502466666666667,0.010838499030054372,0.8505466370853658,0.010799514158595815,0.8502466666666667,0.010838499030054377,1.0
sandal_vs_ankle_boot,within_footwear,constant,constant,constant,10,0,0,42,10,5,50,0.5,0.0,0.33333333333333326,5.607473066727768e-17,0.5,0.0,
sandal_vs_ankle_boot,within_footwear,constant,constant,constant,20,0,0,42,10,5,50,0.5,0.0,0.33333333333333326,5.607473066727768e-17,0.5,0.0,
sandal_vs_ankle_boot,within_footwear,constant,constant,constant,30,0,0,42,10,5,50,0.5,0.0,0.33333333333333326,5.607473066727768e-17,0.5,0.0,
sandal_vs_ankle_boot,within_footwear,constant,constant,constant,50,0,0,42,10,5,50,0.5,0.0,0.33333333333333326,5.607473066727768e-17,0.5,0.0,
sandal_vs_ankle_boot,within_footwear,constant,constant,constant,80,0,0,42,10,5,50,0.5,0.0,0.33333333333333326,5.607473066727768e-17,0.5,0.0,
sandal_vs_ankle_boot,within_footwear,constant,constant,constant,110,0,0,42,10,5,50,0.5,0.0,0.33333333333333326,5.607473066727768e-17,0.5,0.0,
sandal_vs_ankle_boot,within_footwear,constant,constant,constant,150,0,0,42,10,5,50,0.5,0.0,0.33333333333333326,5.607473066727768e-17,0.5,0.0,
sandal_vs_ankle_boot,within_footwear,constant,constant,constant,200,0,0,42,10,5,50,0.5,0.0,0.33333333333333326,5.607473066727768e-17,0.5,0.0,
sandal_vs_ankle_boot,within_footwear,pixels,pixels,pixels,10,784,32,42,10,5,50,0.9031399999999999,0.019460593358825194,0.9029621903007484,0.019662432422101007,0.9031399999999999,0.0194605933588252,1.0
sandal_vs_ankle_boot,within_footwear,pixels,pixels,pixels,20,784,32,42,10,5,50,0.9138199999999999,0.01577836286481833,0.9137216335533318,0.015886234075273363,0.9138199999999999,0.01577836286481833,0.1
sandal_vs_ankle_boot,within_footwear,pixels,pixels,pixels,30,784,32,42,10,5,50,0.9183300000000001,0.014659958654617762,0.9182759840652046,0.014704002677982945,0.9183300000000001,0.014659958654617753,0.1
sandal_vs_ankle_boot,within_footwear,pixels,pixels,pixels,50,784,32,42,10,5,50,0.92526,0.011296215728991641,0.9252280826078014,0.011315089628102317,0.92526,0.011296215728991647,0.1
sandal_vs_ankle_boot,within_footwear,pixels,pixels,pixels,80,784,32,42,10,5,50,0.92781,0.010456367067241755,0.9277893703560467,0.01046613889314253,0.92781,0.010456367067241741,0.1
sandal_vs_ankle_boot,within_footwear,pixels,pixels,pixels,110,784,32,42,10,5,50,0.93116,0.009254585184586897,0.9311490466208209,0.009257877448531857,0.93116,0.009254585184586887,0.1
sandal_vs_ankle_boot,within_footwear,pixels,pixels,pixels,150,784,32,42,10,5,50,0.9337799999999998,0.009507333367201432,0.9337699245415615,0.009513233654765307,0.9337799999999998,0.009507333367201436,0.1
sandal_vs_ankle_boot,within_footwear,pixels,pixels,pixels,200,784,32,42,10,5,50,0.9354600000000001,0.008529564431303331,0.9354524150457345,0.008533284135733623,0.9354600000000001,0.008529564431303325,0.1
sandal_vs_ankle_boot,within_footwear,random_conv1,random,conv1,10,3136,32,42,10,5,50,0.87391,0.029419154179769706,0.8734242414964184,0.03009780425596831,0.87391,0.029419154179769695,0.01
sandal_vs_ankle_boot,within_footwear,random_conv1,random,conv1,20,3136,32,42,10,5,50,0.8946600000000001,0.018474317529025678,0.8944416881752183,0.01881541832717179,0.8946600000000001,0.018474317529025692,1.0
sandal_vs_ankle_boot,within_footwear,random_conv1,random,conv1,30,3136,32,42,10,5,50,0.9025200000000001,0.017536539113566084,0.9023667006708801,0.017725070356880767,0.9025200000000002,0.017536539113566084,0.1
sandal_vs_ankle_boot,within_footwear,random_conv1,random,conv1,50,3136,32,42,10,5,50,0.9150200000000001,0.01440944984716486,0.9149448767954919,0.014440128979449924,0.9150200000000001,0.014409449847164855,0.1
sandal_vs_ankle_boot,within_footwear,random_conv1,random,conv1,80,3136,32,42,10,5,50,0.92131,0.013628036078134616,0.9212728965821753,0.013645162756610842,0.92131,0.013628036078134606,0.1
sandal_vs_ankle_boot,within_footwear,random_conv1,random,conv1,110,3136,32,42,10,5,50,0.9257100000000001,0.01247940752779947,0.9256929654837343,0.01248615787086302,0.9257100000000001,0.012479407527799451,0.1
sandal_vs_ankle_boot,within_footwear,random_conv1,random,conv1,150,3136,32,42,10,5,50,0.9307,0.011785497833510187,0.9306815874948994,0.01179480010290373,0.9307,0.011785497833510171,0.1
sandal_vs_ankle_boot,within_footwear,random_conv1,random,conv1,200,3136,32,42,10,5,50,0.9344000000000001,0.01158024355600202,0.934386285902178,0.011586786398982172,0.9344000000000001,0.011580243556002009,1.0
sandal_vs_ankle_boot,within_footwear,fine_conv1,fine,conv1,10,3136,32,42,10,5,50,0.8610000000000001,0.023806404557580377,0.860492176959628,0.024177055925048756,0.8610000000000001,0.023806404557580384,1.0
sandal_vs_ankle_boot,within_footwear,fine_conv1,fine,conv1,20,3136,32,42,10,5,50,0.88334,0.02203022969485709,0.88303544789792,0.022339182764493634,0.88334,0.0220302296948571,1.0
sandal_vs_ankle_boot,within_footwear,fine_conv1,fine,conv1,30,3136,32,42,10,5,50,0.8947999999999999,0.020379311237885656,0.8946178208352239,0.020505057910024105,0.8948,0.020379311237885663,1.0
sandal_vs_ankle_boot,within_footwear,fine_conv1,fine,conv1,50,3136,32,42,10,5,50,0.90854,0.01577903543261354,0.9084533203817869,0.015804518821402085,0.90854,0.015779035432613546,0.1
sandal_vs_ankle_boot,within_footwear,fine_conv1,fine,conv1,80,3136,32,42,10,5,50,0.91554,0.013345044176833314,0.9154837416782854,0.013370781762821417,0.91554,0.013345044176833317,0.1
sandal_vs_ankle_boot,within_footwear,fine_conv1,fine,conv1,110,3136,32,42,10,5,50,0.92252,0.010754666761125487,0.9224960143702464,0.010762289777083883,0.92252,0.010754666761125464,0.1
sandal_vs_ankle_boot,within_footwear,fine_conv1,fine,conv1,150,3136,32,42,10,5,50,0.9269300000000001,0.010710003906323725,0.9269121782807018,0.010717404844867651,0.9269300000000001,0.010710003906323715,0.1
sandal_vs_ankle_boot,within_footwear,fine_conv1,fine,conv1,200,3136,32,42,10,5,50,0.9300300000000001,0.008196819940858588,0.9300144408866029,0.00820281494884097,0.9300300000000001,0.008196819940858597,0.1
sandal_vs_ankle_boot,within_footwear,coarse_conv1,coarse,conv1,10,3136,32,42,10,5,50,0.8739100000000001,0.02994309057978798,0.8734381657314875,0.030751453334622748,0.8739100000000001,0.029943090579788,0.01
sandal_vs_ankle_boot,within_footwear,coarse_conv1,coarse,conv1,20,3136,32,42,10,5,50,0.8934000000000001,0.022267620860242584,0.8932161023566342,0.022453832496791913,0.8934000000000001,0.022267620860242577,1.0
sandal_vs_ankle_boot,within_footwear,coarse_conv1,coarse,conv1,30,3136,32,42,10,5,50,0.9022000000000001,0.018261144207171204,0.9020749119985524,0.018330671422572796,0.9022000000000001,0.018261144207171197,1.0
sandal_vs_ankle_boot,within_footwear,coarse_conv1,coarse,conv1,50,3136,32,42,10,5,50,0.91353,0.01506225516356183,0.9134612733753089,0.015091601512448266,0.91353,0.015062255163561827,0.1
sandal_vs_ankle_boot,within_footwear,coarse_conv1,coarse,conv1,80,3136,32,42,10,5,50,0.91998,0.01469796598450386,0.9199429851990117,0.014710431602182973,0.91998,0.014697965984503845,0.1
sandal_vs_ankle_boot,within_footwear,coarse_conv1,coarse,conv1,110,3136,32,42,10,5,50,0.9273399999999998,0.012272600975093972,0.9273248630571375,0.012277525893680207,0.9273399999999998,0.012272600975093964,0.1
sandal_vs_ankle_boot,within_footwear,coarse_conv1,coarse,conv1,150,3136,32,42,10,5,50,0.9315000000000001,0.011517954041674338,0.9314889028019755,0.011521813110658311,0.9315000000000001,0.011517954041674336,0.1
sandal_vs_ankle_boot,within_footwear,coarse_conv1,coarse,conv1,200,3136,32,42,10,5,50,0.93624,0.010281368129400118,0.9362307315704687,0.010285184283258761,0.93624,0.010281368129400132,0.1
sandal_vs_ankle_boot,within_footwear,random_conv2,random,conv2,10,1568,32,42,10,5,50,0.8655200000000001,0.03277193298901874,0.8648458338477392,0.03347607141843408,0.8655200000000001,0.03277193298901874,1.0
sandal_vs_ankle_boot,within_footwear,random_conv2,random,conv2,20,1568,32,42,10,5,50,0.89301,0.027339791214884383,0.8927314540572574,0.027579846576034663,0.89301,0.027339791214884397,1.0
sandal_vs_ankle_boot,within_footwear,random_conv2,random,conv2,30,1568,32,42,10,5,50,0.9084300000000001,0.024059452298378692,0.908295351212605,0.024148322993757684,0.9084300000000001,0.02405945229837868,1.0
sandal_vs_ankle_boot,within_footwear,random_conv2,random,conv2,50,1568,32,42,10,5,50,0.9231400000000001,0.02193404771079865,0.9230790633219642,0.02196926448094787,0.92314,0.021934047710798658,1.0
sandal_vs_ankle_boot,within_footwear,random_conv2,random,conv2,80,1568,32,42,10,5,50,0.9321,0.020807426068397715,0.9320689487131886,0.02082602712175277,0.9321,0.020807426068397698,1.0
sandal_vs_ankle_boot,within_footwear,random_conv2,random,conv2,110,1568,32,42,10,5,50,0.9377499999999999,0.019328325940791386,0.9377300210343665,0.019346931417083785,0.9377499999999999,0.019328325940791365,0.1
sandal_vs_ankle_boot,within_footwear,random_conv2,random,conv2,150,1568,32,42,10,5,50,0.9416500000000001,0.017232281642668348,0.9416336647526637,0.017247339159853395,0.9416500000000001,0.017232281642668327,1.0
sandal_vs_ankle_boot,within_footwear,random_conv2,random,conv2,200,1568,32,42,10,5,50,0.9451400000000001,0.015806883026719974,0.9451289799520243,0.015815225819881703,0.94514,0.015806883026719967,1.0
sandal_vs_ankle_boot,within_footwear,fine_conv2,fine,conv2,10,1568,32,42,10,5,50,0.87788,0.0470560412742951,0.8767910049735046,0.04925077107400677,0.87788,0.0470560412742951,0.01
sandal_vs_ankle_boot,within_footwear,fine_conv2,fine,conv2,20,1568,32,42,10,5,50,0.9191600000000001,0.036020464704817734,0.918912615953599,0.03636481997325743,0.9191600000000001,0.03602046470481772,1.0
sandal_vs_ankle_boot,within_footwear,fine_conv2,fine,conv2,30,1568,32,42,10,5,50,0.93191,0.029403368195233856,0.9317491722847567,0.029678584201914902,0.93191,0.029403368195233863,1.0
sandal_vs_ankle_boot,within_footwear,fine_conv2,fine,conv2,50,1568,32,42,10,5,50,0.9483599999999999,0.01970575384738877,0.9483318304398825,0.019739122322254485,0.9483599999999999,0.01970575384738876,0.1
sandal_vs_ankle_boot,within_footwear,fine_conv2,fine,conv2,80,1568,32,42,10,5,50,0.95328,0.017707994274465125,0.9532613817777666,0.01772904068807698,0.95328,0.017707994274465115,0.1
sandal_vs_ankle_boot,within_footwear,fine_conv2,fine,conv2,110,1568,32,42,10,5,50,0.9578399999999999,0.016626889949348765,0.9578299632677476,0.0166386095267747,0.9578399999999999,0.016626889949348755,0.1
sandal_vs_ankle_boot,within_footwear,fine_conv2,fine,conv2,150,1568,32,42,10,5,50,0.9591200000000001,0.015605650468039205,0.9591153519413935,0.015610578392891756,0.9591200000000001,0.015605650468039182,0.1
sandal_vs_ankle_boot,within_footwear,fine_conv2,fine,conv2,200,1568,32,42,10,5,50,0.9607100000000002,0.014749296074520905,0.9607055769981627,0.014755597499595345,0.96071,0.014749296074520888,0.1
sandal_vs_ankle_boot,within_footwear,coarse_conv2,coarse,conv2,10,1568,32,42,10,5,50,0.8811199999999999,0.04068100895744743,0.8805137402646533,0.04148050231279113,0.8811199999999999,0.040681008957447445,1.0
sandal_vs_ankle_boot,within_footwear,coarse_conv2,coarse,conv2,20,1568,32,42,10,5,50,0.9069900000000001,0.02930234545185064,0.9067120639724747,0.029715702556620437,0.9069900000000001,0.02930234545185063,1.0
sandal_vs_ankle_boot,within_footwear,coarse_conv2,coarse,conv2,30,1568,32,42,10,5,50,0.9244199999999998,0.01761155696625117,0.9242910288330793,0.01773227102188148,0.9244199999999999,0.01761155696625118,1.0
sandal_vs_ankle_boot,within_footwear,coarse_conv2,coarse,conv2,50,1568,32,42,10,5,50,0.93574,0.01305726789561886,0.9356892303597403,0.013099355283618407,0.93574,0.013057267895618868,0.1
sandal_vs_ankle_boot,within_footwear,coarse_conv2,coarse,conv2,80,1568,32,42,10,5,50,0.9393300000000001,0.011524423930885878,0.9393015385624524,0.011542733940280103,0.9393300000000001,0.011524423930885878,0.1
sandal_vs_ankle_boot,within_footwear,coarse_conv2,coarse,conv2,110,1568,32,42,10,5,50,0.9451200000000002,0.009442932785519371,0.9451011388709573,0.009457816812579515,0.9451200000000002,0.009442932785519378,1.0
sandal_vs_ankle_boot,within_footwear,coarse_conv2,coarse,conv2,150,1568,32,42,10,5,50,0.94723,0.00957420535414116,0.9472178905554266,0.009582746491149105,0.94723,0.009574205354141153,0.1
sandal_vs_ankle_boot,within_footwear,coarse_conv2,coarse,conv2,200,1568,32,42,10,5,50,0.95026,0.008891201796593926,0.9502506803256184,0.008898635722208104,0.95026,0.008891201796593926,0.1
sandal_vs_ankle_boot,within_footwear,random_fc,random,fc,10,128,32,42,10,5,50,0.87249,0.0384547826170224,0.8714132443606003,0.040715339215605675,0.87249,0.03845478261702241,1.0
sandal_vs_ankle_boot,within_footwear,random_fc,random,fc,20,128,32,42,10,5,50,0.8962299999999999,0.027030445797285703,0.8959096786118582,0.02749723984260332,0.8962300000000001,0.027030445797285692,1.0
sandal_vs_ankle_boot,within_footwear,random_fc,random,fc,30,128,32,42,10,5,50,0.91282,0.022082812598147417,0.912699700727498,0.022170408498208706,0.91282,0.022082812598147417,1.0
sandal_vs_ankle_boot,within_footwear,random_fc,random,fc,50,128,32,42,10,5,50,0.93164,0.01603886860481277,0.9316110453090211,0.016054505929331414,0.93164,0.01603886860481276,1.0
sandal_vs_ankle_boot,within_footwear,random_fc,random,fc,80,128,32,42,10,5,50,0.93843,0.014196510781433124,0.9384118300653619,0.01420842780968684,0.93843,0.0141965107814331,1.0
sandal_vs_ankle_boot,within_footwear,random_fc,random,fc,110,128,32,42,10,5,50,0.94391,0.012511500831683788,0.943900167939718,0.012516693128197027,0.94391,0.012511500831683776,1.0
sandal_vs_ankle_boot,within_footwear,random_fc,random,fc,150,128,32,42,10,5,50,0.9475399999999999,0.012008432411417887,0.947533790849817,0.01201153675467574,0.9475399999999999,0.012008432411417875,1.0
sandal_vs_ankle_boot,within_footwear,random_fc,random,fc,200,128,32,42,10,5,50,0.9503,0.010756583176485595,0.9502946963099214,0.01076053734138396,0.9503,0.010756583176485585,1.0
sandal_vs_ankle_boot,within_footwear,fine_fc,fine,fc,10,128,32,42,10,5,50,0.9609499999999999,0.018400379876291603,0.9608842856999416,0.018515977386706794,0.9609499999999999,0.018400379876291586,0.01
sandal_vs_ankle_boot,within_footwear,fine_fc,fine,fc,20,128,32,42,10,5,50,0.9719,0.013252647020924713,0.9718777344447602,0.013301500391479303,0.9719,0.013252647020924707,1.0
sandal_vs_ankle_boot,within_footwear,fine_fc,fine,fc,30,128,32,42,10,5,50,0.9760700000000001,0.011044441763962142,0.9760536053024766,0.011083220984988632,0.9760700000000001,0.011044441763962132,0.1
sandal_vs_ankle_boot,within_footwear,fine_fc,fine,fc,50,128,32,42,10,5,50,0.9827199999999999,0.004411441524777438,0.9827176267770874,0.004413816499697497,0.9827199999999999,0.004411441524777431,0.1
sandal_vs_ankle_boot,within_footwear,fine_fc,fine,fc,80,128,32,42,10,5,50,0.9843299999999999,0.004272133243355086,0.9843279799017886,0.004274467697305071,0.9843299999999999,0.004272133243355088,0.1
sandal_vs_ankle_boot,within_footwear,fine_fc,fine,fc,110,128,32,42,10,5,50,0.9858199999999999,0.0039945881757544885,0.985818845864203,0.003995780507119216,0.9858199999999999,0.0039945881757544885,0.01
sandal_vs_ankle_boot,within_footwear,fine_fc,fine,fc,150,128,32,42,10,5,50,0.9861800000000001,0.0036432212703169406,0.9861789337990922,0.003644444556860747,0.9861800000000001,0.003643221270316953,0.1
sandal_vs_ankle_boot,within_footwear,fine_fc,fine,fc,200,128,32,42,10,5,50,0.98724,0.003391526054682735,0.9872392409150283,0.0033922199041416462,0.98724,0.0033915260546827385,0.1
sandal_vs_ankle_boot,within_footwear,coarse_fc,coarse,fc,10,128,32,42,10,5,50,0.84219,0.06646634026148199,0.8409684930957962,0.06742563121103104,0.84219,0.06646634026148199,1.0
sandal_vs_ankle_boot,within_footwear,coarse_fc,coarse,fc,20,128,32,42,10,5,50,0.8870100000000001,0.03586887827311344,0.8866530884942947,0.03609683683531099,0.8870100000000001,0.03586887827311342,1.0
sandal_vs_ankle_boot,within_footwear,coarse_fc,coarse,fc,30,128,32,42,10,5,50,0.9168,0.029215770133436424,0.916490219557132,0.029764601316601802,0.9168,0.029215770133436417,1.0
sandal_vs_ankle_boot,within_footwear,coarse_fc,coarse,fc,50,128,32,42,10,5,50,0.9368899999999999,0.01390723273872194,0.9368235419228016,0.014051080438018095,0.9368899999999999,0.013907232738721942,1.0
sandal_vs_ankle_boot,within_footwear,coarse_fc,coarse,fc,80,128,32,42,10,5,50,0.9449299999999999,0.010583010065232684,0.944897636963547,0.010642042317342814,0.94493,0.010583010065232688,1.0
sandal_vs_ankle_boot,within_footwear,coarse_fc,coarse,fc,110,128,32,42,10,5,50,0.94999,0.005523133168772957,0.9499779775915859,0.005530138799176662,0.94999,0.005523133168772945,1.0
sandal_vs_ankle_boot,within_footwear,coarse_fc,coarse,fc,150,128,32,42,10,5,50,0.9508,0.006258056032517002,0.9507898157120741,0.006265171432979432,0.9508,0.006258056032516995,1.0
sandal_vs_ankle_boot,within_footwear,coarse_fc,coarse,fc,200,128,32,42,10,5,50,0.95375,0.006285105489998421,0.9537424793227376,0.006291723517464813,0.95375,0.006285105489998397,1.0
sandal_vs_non_footwear,cross_pooled,constant,constant,constant,10,0,0,42,10,5,50,0.875,0.0,0.4666666666666666,5.607473066727768e-17,0.5,0.0,
sandal_vs_non_footwear,cross_pooled,constant,constant,constant,20,0,0,42,10,5,50,0.875,0.0,0.4666666666666666,5.607473066727768e-17,0.5,0.0,
sandal_vs_non_footwear,cross_pooled,constant,constant,constant,30,0,0,42,10,5,50,0.875,0.0,0.4666666666666666,5.607473066727768e-17,0.5,0.0,
sandal_vs_non_footwear,cross_pooled,constant,constant,constant,50,0,0,42,10,5,50,0.875,0.0,0.4666666666666666,5.607473066727768e-17,0.5,0.0,
sandal_vs_non_footwear,cross_pooled,constant,constant,constant,80,0,0,42,10,5,50,0.875,0.0,0.4666666666666666,5.607473066727768e-17,0.5,0.0,
sandal_vs_non_footwear,cross_pooled,constant,constant,constant,110,0,0,42,10,5,50,0.875,0.0,0.4666666666666666,5.607473066727768e-17,0.5,0.0,
sandal_vs_non_footwear,cross_pooled,constant,constant,constant,150,0,0,42,10,5,50,0.875,0.0,0.4666666666666666,5.607473066727768e-17,0.5,0.0,
sandal_vs_non_footwear,cross_pooled,constant,constant,constant,200,0,0,42,10,5,50,0.875,0.0,0.4666666666666666,5.607473066727768e-17,0.5,0.0,
sandal_vs_non_footwear,cross_pooled,pixels,pixels,pixels,10,784,32,42,10,5,50,0.8866149999999999,0.04414139676271318,0.8078519528531749,0.05647342989796248,0.9110628571428572,0.034529899519831306,1.0
sandal_vs_non_footwear,cross_pooled,pixels,pixels,pixels,20,784,32,42,10,5,50,0.9145274999999999,0.024938959793087294,0.8448111390096958,0.03658010378381992,0.9334328571428572,0.02453822341938712,1.0
sandal_vs_non_footwear,cross_pooled,pixels,pixels,pixels,30,784,32,42,10,5,50,0.9328825000000001,0.01770444373049102,0.8719458031474734,0.028922360499463402,0.9442557142857144,0.017505119677124564,1.0
sandal_vs_non_footwear,cross_pooled,pixels,pixels,pixels,50,784,32,42,10,5,50,0.9413800000000001,0.01565693593450336,0.885541040726998,0.026801118812373907,0.9498657142857145,0.018072979225696607,1.0
sandal_vs_non_footwear,cross_pooled,pixels,pixels,pixels,80,784,32,42,10,5,50,0.94631,0.014684766680100146,0.8942816970671396,0.025106698626130554,0.9552285714285716,0.013829260217045976,1.0
sandal_vs_non_footwear,cross_pooled,pixels,pixels,pixels,110,784,32,42,10,5,50,0.9525675,0.01378044426470544,0.9050457464031868,0.02439070474305685,0.9596185714285714,0.013428359048627606,1.0
sandal_vs_non_footwear,cross_pooled,pixels,pixels,pixels,150,784,32,42,10,5,50,0.9549300000000001,0.014106807410116669,0.9093910825085787,0.02504241897352439,0.9620057142857144,0.01297921351008123,1.0
sandal_vs_non_footwear,cross_pooled,pixels,pixels,pixels,200,784,32,42,10,5,50,0.9584725000000001,0.012275517207192607,0.9154926162195018,0.022374883133131487,0.9639528571428571,0.012405659068597717,1.0
sandal_vs_non_footwear,cross_pooled,random_conv1,random,conv1,10,3136,32,42,10,5,50,0.9148999999999999,0.03739451149294397,0.8478954878177095,0.04975516698571497,0.9345971428571428,0.021844528267821395,1.0
sandal_vs_non_footwear,cross_pooled,random_conv1,random,conv1,20,3136,32,42,10,5,50,0.9390925,0.019543104014992513,0.8832858574387802,0.029400473833198777,0.9532385714285714,0.013786054996620526,1.0
sandal_vs_non_footwear,cross_pooled,random_conv1,random,conv1,30,3136,32,42,10,5,50,0.95191,0.0143343377871431,0.9040973309400958,0.025012403981584108,0.9603914285714287,0.016789719390681492,1.0
sandal_vs_non_footwear,cross_pooled,random_conv1,random,conv1,50,3136,32,42,10,5,50,0.961995,0.01188910172367612,0.9225834142825822,0.02182730574204596,0.9709542857142857,0.011273563965377842,1.0
sandal_vs_non_footwear,cross_pooled,random_conv1,random,conv1,80,3136,32,42,10,5,50,0.9663974999999999,0.012746590430465738,0.9310789873989931,0.02302731602634848,0.9753642857142857,0.009693343164647672,1.0
sandal_vs_non_footwear,cross_pooled,random_conv1,random,conv1,110,3136,32,42,10,5,50,0.9720674999999999,0.010263126550015484,0.9417708589682404,0.019327062377683904,0.9799499999999999,0.007016955279256594,1.0
sandal_vs_non_footwear,cross_pooled,random_conv1,random,conv1,150,3136,32,42,10,5,50,0.9750325000000001,0.010126332426815115,0.947508859613235,0.01918682388871429,0.9814557142857141,0.0068965233682580646,1.0
sandal_vs_non_footwear,cross_pooled,random_conv1,random,conv1,200,3136,32,42,10,5,50,0.9770750000000001,0.008773147225762138,0.9514190897288798,0.016839881253451094,0.9828457142857142,0.0062988261072226435,1.0
sandal_vs_non_footwear,cross_pooled,fine_conv1,fine,conv1,10,3136,32,42,10,5,50,0.8946575,0.04231438918249625,0.8170750193669076,0.05477699319441754,0.90971,0.03313063201317881,0.01
sandal_vs_non_footwear,cross_pooled,fine_conv1,fine,conv1,20,3136,32,42,10,5,50,0.9253049999999999,0.02545402969179969,0.8602609079482757,0.03566532538258905,0.9354857142857143,0.022905733701444702,1.0
sandal_vs_non_footwear,cross_pooled,fine_conv1,fine,conv1,30,3136,32,42,10,5,50,0.9424724999999999,0.017941733394348427,0.8876048642176687,0.029204442060461498,0.9492471428571431,0.016158975737227316,1.0
sandal_vs_non_footwear,cross_pooled,fine_conv1,fine,conv1,50,3136,32,42,10,5,50,0.9510474999999999,0.013801408766085141,0.9024436354579887,0.02415847866319551,0.9587757142857143,0.012649291818393313,1.0
sandal_vs_non_footwear,cross_pooled,fine_conv1,fine,conv1,80,3136,32,42,10,5,50,0.9564775,0.015285186280934147,0.9127055424707649,0.026392311804831318,0.9651014285714286,0.010527023296824145,1.0
sandal_vs_non_footwear,cross_pooled,fine_conv1,fine,conv1,110,3136,32,42,10,5,50,0.9621774999999999,0.012020154471570165,0.9227682806510435,0.021752700892934712,0.9692842857142858,0.008268851469404556,1.0
sandal_vs_non_footwear,cross_pooled,fine_conv1,fine,conv1,150,3136,32,42,10,5,50,0.9656525,0.009908551565827019,0.9290284490915881,0.018463334857823793,0.9715271428571428,0.006978978520612493,1.0
sandal_vs_non_footwear,cross_pooled,fine_conv1,fine,conv1,200,3136,32,42,10,5,50,0.9678999999999999,0.008875628750363865,0.9331755840030107,0.01678962567702172,0.9731542857142856,0.006956600154837534,1.0
sandal_vs_non_footwear,cross_pooled,coarse_conv1,coarse,conv1,10,3136,32,42,10,5,50,0.9159725000000001,0.0303045372983543,0.8490373765340529,0.04213995448790383,0.93839,0.01792608388769061,1.0
sandal_vs_non_footwear,cross_pooled,coarse_conv1,coarse,conv1,20,3136,32,42,10,5,50,0.938945,0.01762206264421775,0.8829919144025267,0.027231779425978618,0.953557142857143,0.012802768078452306,1.0
sandal_vs_non_footwear,cross_pooled,coarse_conv1,coarse,conv1,30,3136,32,42,10,5,50,0.950615,0.015182769167442314,0.9023820770067874,0.026000567322224312,0.9615542857142857,0.013272741715124334,1.0
sandal_vs_non_footwear,cross_pooled,coarse_conv1,coarse,conv1,50,3136,32,42,10,5,50,0.9602900000000001,0.013155138865531924,0.9197353399166778,0.023931838014863097,0.9706228571428571,0.011106935820630964,1.0
sandal_vs_non_footwear,cross_pooled,coarse_conv1,coarse,conv1,80,3136,32,42,10,5,50,0.96576,0.014244333817991195,0.930211586708471,0.02567274838513757,0.9756942857142856,0.009201038457951722,1.0
sandal_vs_non_footwear,cross_pooled,coarse_conv1,coarse,conv1,110,3136,32,42,10,5,50,0.9713949999999998,0.01181326217711713,0.9406290700753168,0.02192445201656263,0.9794200000000001,0.0078078048073730215,1.0
sandal_vs_non_footwear,cross_pooled,coarse_conv1,coarse,conv1,150,3136,32,42,10,5,50,0.9749025,0.010595691570017444,0.947325940368332,0.019981275276333685,0.9815442857142856,0.006888970263178937,1.0
sandal_vs_non_footwear,cross_pooled,coarse_conv1,coarse,conv1,200,3136,32,42,10,5,50,0.9772125000000002,0.009134142400792716,0.9517389952656928,0.01755686616566608,0.9830185714285714,0.006381603773519566,1.0
sandal_vs_non_footwear,cross_pooled,random_conv2,random,conv2,10,1568,32,42,10,5,50,0.91702,0.046435098167622466,0.8509285372123745,0.05777738034924732,0.9294914285714286,0.03000742529238473,1.0
sandal_vs_non_footwear,cross_pooled,random_conv2,random,conv2,20,1568,32,42,10,5,50,0.9443050000000001,0.016588952403233152,0.8906403284704291,0.028525762525945502,0.9508342857142859,0.01615942182709278,1.0
sandal_vs_non_footwear,cross_pooled,random_conv2,random,conv2,30,1568,32,42,10,5,50,0.9556600000000001,0.014262795007591297,0.9101600892518205,0.0263949394921127,0.9593542857142856,0.01784637552932044,1.0
sandal_vs_non_footwear,cross_pooled,random_conv2,random,conv2,50,1568,32,42,10,5,50,0.9671175,0.012060894865182243,0.9318048525668039,0.02303791950620244,0.9720300000000001,0.013602688335246672,1.0
sandal_vs_non_footwear,cross_pooled,random_conv2,random,conv2,80,1568,32,42,10,5,50,0.9709725,0.014112528131242181,0.9397280906421497,0.026347976647172477,0.9765128571428571,0.012375146476400587,1.0
sandal_vs_non_footwear,cross_pooled,random_conv2,random,conv2,110,1568,32,42,10,5,50,0.9752875,0.01133213357119965,0.9479680968394705,0.02212133571938126,0.9800157142857144,0.009360711824654328,1.0
sandal_vs_non_footwear,cross_pooled,random_conv2,random,conv2,150,1568,32,42,10,5,50,0.97807,0.010450965437289923,0.9534397938245127,0.020617299070382292,0.9819314285714286,0.00845373473602577,1.0
sandal_vs_non_footwear,cross_pooled,random_conv2,random,conv2,200,1568,32,42,10,5,50,0.98002,0.009633307440588506,0.9572927976289397,0.019346277602319387,0.9833714285714286,0.008369437270006658,1.0
sandal_vs_non_footwear,cross_pooled,fine_conv2,fine,conv2,10,1568,32,42,10,5,50,0.91975,0.0368383119115113,0.8513732957406471,0.055844878125689404,0.9232428571428573,0.043952913448178726,1.0
sandal_vs_non_footwear,cross_pooled,fine_conv2,fine,conv2,20,1568,32,42,10,5,50,0.9410675,0.029680733224516174,0.8868842258682357,0.04744156871685569,0.9466099999999998,0.028251846828649764,1.0
sandal_vs_non_footwear,cross_pooled,fine_conv2,fine,conv2,30,1568,32,42,10,5,50,0.9532500000000002,0.023169572323041555,0.9071430211654717,0.04008120971642267,0.95622,0.022023220678703888,1.0
sandal_vs_non_footwear,cross_pooled,fine_conv2,fine,conv2,50,1568,32,42,10,5,50,0.9614725000000002,0.01874185690520291,0.9220674082025472,0.03368136821185213,0.96631,0.015905015397210596,1.0
sandal_vs_non_footwear,cross_pooled,fine_conv2,fine,conv2,80,1568,32,42,10,5,50,0.9655974999999999,0.017867948337907256,0.9298081642792869,0.031965275307534444,0.9705442857142857,0.013622130929559358,1.0
sandal_vs_non_footwear,cross_pooled,fine_conv2,fine,conv2,110,1568,32,42,10,5,50,0.9695225,0.01240041170522913,0.936454506083226,0.023783104774430748,0.97307,0.012472831699828416,1.0
sandal_vs_non_footwear,cross_pooled,fine_conv2,fine,conv2,150,1568,32,42,10,5,50,0.9717224999999999,0.011596431596198296,0.9408162876428589,0.022314096727495562,0.9757585714285714,0.009729621426921173,1.0
sandal_vs_non_footwear,cross_pooled,fine_conv2,fine,conv2,200,1568,32,42,10,5,50,0.9737025000000001,0.011535877099691364,0.9447548991684339,0.022360605631209382,0.9777042857142857,0.009336071237719233,1.0
sandal_vs_non_footwear,cross_pooled,coarse_conv2,coarse,conv2,10,1568,32,42,10,5,50,0.9546125000000001,0.03776137017914104,0.9122807579317957,0.05806649185001924,0.9539985714285715,0.029673836037652838,1.0
sandal_vs_non_footwear,cross_pooled,coarse_conv2,coarse,conv2,20,1568,32,42,10,5,50,0.9715700000000002,0.018084255047201833,0.9411162830310522,0.03260190569799429,0.9712914285714285,0.015518961276463537,1.0
sandal_vs_non_footwear,cross_pooled,coarse_conv2,coarse,conv2,30,1568,32,42,10,5,50,0.9788374999999999,0.013156855171742378,0.9549328675327026,0.025509500981380277,0.9774928571428572,0.012639288504930584,1.0
sandal_vs_non_footwear,cross_pooled,coarse_conv2,coarse,conv2,50,1568,32,42,10,5,50,0.9822375,0.012965398663365506,0.9622026221587177,0.024528111291622454,0.9837128571428572,0.009499967009302853,1.0
sandal_vs_non_footwear,cross_pooled,coarse_conv2,coarse,conv2,80,1568,32,42,10,5,50,0.9835550000000001,0.012560723932731183,0.9650095678759355,0.023633663821054175,0.9862828571428571,0.007812208645129467,1.0
sandal_vs_non_footwear,cross_pooled,coarse_conv2,coarse,conv2,110,1568,32,42,10,5,50,0.987325,0.006603232433545597,0.9723129870248687,0.013744776338831685,0.9891742857142855,0.0047533753543640075,1.0
sandal_vs_non_footwear,cross_pooled,coarse_conv2,coarse,conv2,150,1568,32,42,10,5,50,0.9887600000000001,0.005402654298526583,0.9752745191393069,0.01130183690709736,0.9900371428571428,0.004144747733890766,1.0
sandal_vs_non_footwear,cross_pooled,coarse_conv2,coarse,conv2,200,1568,32,42,10,5,50,0.9903974999999999,0.0040768048776221935,0.9787300557794661,0.00873239310346596,0.9915042857142857,0.0033460492222546524,1.0
sandal_vs_non_footwear,cross_pooled,random_fc,random,fc,10,128,32,42,10,5,50,0.9342525,0.04345112556079531,0.8789816608169596,0.06293961911560061,0.9429728571428571,0.02925970860566563,1.0
sandal_vs_non_footwear,cross_pooled,random_fc,random,fc,20,128,32,42,10,5,50,0.9557675000000002,0.019362282033924223,0.9114267967901303,0.03383545438827635,0.96143,0.01955888220143462,1.0
sandal_vs_non_footwear,cross_pooled,random_fc,random,fc,30,128,32,42,10,5,50,0.9667074999999999,0.01364488134758951,0.9307128518815307,0.02620743274844686,0.968272857142857,0.018211188154835717,1.0
sandal_vs_non_footwear,cross_pooled,random_fc,random,fc,50,128,32,42,10,5,50,0.9743200000000001,0.00925562294621216,0.945673802395967,0.01786662659195913,0.9776628571428571,0.009337688587382612,1.0
sandal_vs_non_footwear,cross_pooled,random_fc,random,fc,80,128,32,42,10,5,50,0.9770574999999999,0.009311407106120877,0.9513416732629936,0.017987032080530093,0.9814042857142857,0.006673151243742776,1.0
sandal_vs_non_footwear,cross_pooled,random_fc,random,fc,110,128,32,42,10,5,50,0.981215,0.007395489524441395,0.9595737228798035,0.014777277436137128,0.984242857142857,0.006283328463197394,1.0
sandal_vs_non_footwear,cross_pooled,random_fc,random,fc,150,128,32,42,10,5,50,0.983005,0.007431359366954087,0.9632952897906071,0.014948088153337692,0.985822857142857,0.005673051665726242,1.0
sandal_vs_non_footwear,cross_pooled,random_fc,random,fc,200,128,32,42,10,5,50,0.9845099999999999,0.006307128700841579,0.9663297815968335,0.013061075963308489,0.9869485714285715,0.005300429442025209,1.0
sandal_vs_non_footwear,cross_pooled,fine_fc,fine,fc,10,128,32,42,10,5,50,0.9615524999999999,0.0392793346281035,0.9282875970008471,0.06617462217263834,0.9729385714285713,0.026469726092593217,1.0
sandal_vs_non_footwear,cross_pooled,fine_fc,fine,fc,20,128,32,42,10,5,50,0.9832350000000001,0.01765811659358531,0.9653685052844186,0.033467131447688286,0.9875399999999999,0.011064426074806046,1.0
sandal_vs_non_footwear,cross_pooled,fine_fc,fine,fc,30,128,32,42,10,5,50,0.9905425000000001,0.01000253826204497,0.9796052789305204,0.01981851395462844,0.9923671428571429,0.005935724196839104,1.0
sandal_vs_non_footwear,cross_pooled,fine_fc,fine,fc,50,128,32,42,10,5,50,0.9956075,0.0028764980569137475,0.9901495419862373,0.006299698567105054,0.9964185714285716,0.001901358049479338,1.0
sandal_vs_non_footwear,cross_pooled,fine_fc,fine,fc,80,128,32,42,10,5,50,0.9970474999999999,0.001971397838787372,0.9933393842582742,0.004367549180303705,0.9976871428571428,0.0013463116969481689,1.0
sandal_vs_non_footwear,cross_pooled,fine_fc,fine,fc,110,128,32,42,10,5,50,0.997455,0.0012616194646046777,0.9942393127916381,0.0028276012038747976,0.9980828571428572,0.0009573756298477686,1.0
sandal_vs_non_footwear,cross_pooled,fine_fc,fine,fc,150,128,32,42,10,5,50,0.99769,0.0011169610739933248,0.9947659259879239,0.0025098305404794036,0.99826,0.0008804839455335736,1.0
sandal_vs_non_footwear,cross_pooled,fine_fc,fine,fc,200,128,32,42,10,5,50,0.9979324999999999,0.0010397734496180458,0.9953113299326602,0.002339764909282754,0.9984242857142857,0.0008634860044995969,1.0
sandal_vs_non_footwear,cross_pooled,coarse_fc,coarse,fc,10,128,32,42,10,5,50,0.9974525,0.0018820259519128524,0.9942533179758429,0.004179561215116458,0.99851,0.001057588945357688,0.01
sandal_vs_non_footwear,cross_pooled,coarse_fc,coarse,fc,20,128,32,42,10,5,50,0.9978124999999999,0.001412239230037581,0.99505175408047,0.0031525528103631072,0.9987157142857144,0.0007929681061216259,0.01
sandal_vs_non_footwear,cross_pooled,coarse_fc,coarse,fc,30,128,32,42,10,5,50,0.9982099999999999,0.0009399848023087567,0.9959399380103985,0.0021120368662687953,0.998942857142857,0.000521507442415539,0.01
sandal_vs_non_footwear,cross_pooled,coarse_fc,coarse,fc,50,128,32,42,10,5,50,0.9982950000000002,0.000687330684159926,0.9961288326013478,0.0015500868086554657,0.9989914285714286,0.0003871208561519432,0.01
sandal_vs_non_footwear,cross_pooled,coarse_fc,coarse,fc,80,128,32,42,10,5,50,0.998495,0.0005949189620684269,0.9965801953338937,0.0013424431130768329,0.9991228571428572,0.00034665054053202934,0.01
sandal_vs_non_footwear,cross_pooled,coarse_fc,coarse,fc,110,128,32,42,10,5,50,0.99849,0.0005840350492697352,0.9965688508940066,0.001318161392696677,0.9991285714285714,0.00033347213547691253,0.01
sandal_vs_non_footwear,cross_pooled,coarse_fc,coarse,fc,150,128,32,42,10,5,50,0.9985350000000001,0.0006398939644302636,0.9966711786836394,0.0014425644525113983,0.9991542857142857,0.00036602938320729004,0.01
sandal_vs_non_footwear,cross_pooled,coarse_fc,coarse,fc,200,128,32,42,10,5,50,0.9986825,0.00047528858043706124,0.9970037594294512,0.0010737594256652941,0.9992385714285716,0.00027479499003307193,0.01
sandal_vs_sneaker,within_footwear,constant,constant,constant,10,0,0,42,10,5,50,0.5,0.0,0.33333333333333326,5.607473066727768e-17,0.5,0.0,
sandal_vs_sneaker,within_footwear,constant,constant,constant,20,0,0,42,10,5,50,0.5,0.0,0.33333333333333326,5.607473066727768e-17,0.5,0.0,
sandal_vs_sneaker,within_footwear,constant,constant,constant,30,0,0,42,10,5,50,0.5,0.0,0.33333333333333326,5.607473066727768e-17,0.5,0.0,
sandal_vs_sneaker,within_footwear,constant,constant,constant,50,0,0,42,10,5,50,0.5,0.0,0.33333333333333326,5.607473066727768e-17,0.5,0.0,
sandal_vs_sneaker,within_footwear,constant,constant,constant,80,0,0,42,10,5,50,0.5,0.0,0.33333333333333326,5.607473066727768e-17,0.5,0.0,
sandal_vs_sneaker,within_footwear,constant,constant,constant,110,0,0,42,10,5,50,0.5,0.0,0.33333333333333326,5.607473066727768e-17,0.5,0.0,
sandal_vs_sneaker,within_footwear,constant,constant,constant,150,0,0,42,10,5,50,0.5,0.0,0.33333333333333326,5.607473066727768e-17,0.5,0.0,
sandal_vs_sneaker,within_footwear,constant,constant,constant,200,0,0,42,10,5,50,0.5,0.0,0.33333333333333326,5.607473066727768e-17,0.5,0.0,
sandal_vs_sneaker,within_footwear,pixels,pixels,pixels,10,784,32,42,10,5,50,0.7699200000000002,0.04337853790782267,0.7664861759774436,0.04570956307736908,0.7699200000000002,0.04337853790782266,0.01
sandal_vs_sneaker,within_footwear,pixels,pixels,pixels,20,784,32,42,10,5,50,0.8088099999999998,0.027437478092595034,0.807254171293838,0.029150420372765322,0.8088099999999998,0.02743747809259504,0.01
sandal_vs_sneaker,within_footwear,pixels,pixels,pixels,30,784,32,42,10,5,50,0.82308,0.023182144782886115,0.8222107785542079,0.02376809449737852,0.82308,0.023182144782886122,0.1
sandal_vs_sneaker,within_footwear,pixels,pixels,pixels,50,784,32,42,10,5,50,0.8330299999999998,0.020392678257909438,0.8325000657853806,0.020760807216970236,0.8330299999999999,0.02039267825790943,0.1
sandal_vs_sneaker,within_footwear,pixels,pixels,pixels,80,784,32,42,10,5,50,0.8433700000000001,0.016928664858090584,0.8430403879342111,0.017045343479145974,0.8433700000000001,0.01692866485809058,0.1
sandal_vs_sneaker,within_footwear,pixels,pixels,pixels,110,784,32,42,10,5,50,0.8507400000000002,0.01543526309911093,0.8505069125030664,0.015470460614405393,0.8507400000000002,0.015435263099110925,0.1
sandal_vs_sneaker,within_footwear,pixels,pixels,pixels,150,784,32,42,10,5,50,0.85568,0.015061357501763193,0.855545805303985,0.015081138327858562,0.85568,0.015061357501763193,0.1
sandal_vs_sneaker,within_footwear,pixels,pixels,pixels,200,784,32,42,10,5,50,0.85752,0.01448784148934576,0.8574140268453031,0.01449662212773785,0.85752,0.014487841489345765,0.1
sandal_vs_sneaker,within_footwear,random_conv1,random,conv1,10,3136,32,42,10,5,50,0.7696000000000001,0.05257472815732219,0.7662710148942083,0.05360942408576215,0.7696000000000001,0.052574728157322184,0.01
sandal_vs_sneaker,within_footwear,random_conv1,random,conv1,20,3136,32,42,10,5,50,0.81495,0.03943701384771024,0.8128880715161126,0.04148059522893941,0.81495,0.03943701384771024,1.0
sandal_vs_sneaker,within_footwear,random_conv1,random,conv1,30,3136,32,42,10,5,50,0.8354900000000001,0.026540398548289382,0.8343143971361389,0.0272391862130609,0.8354900000000001,0.026540398548289372,1.0
sandal_vs_sneaker,within_footwear,random_conv1,random,conv1,50,3136,32,42,10,5,50,0.8500999999999999,0.02524916648452509,0.8494640991223824,0.025616344066666165,0.8500999999999999,0.02524916648452509,1.0
sandal_vs_sneaker,within_footwear,random_conv1,random,conv1,80,3136,32,42,10,5,50,0.8688700000000001,0.019455813359235002,0.8685725494551125,0.019600299047707638,0.86887,0.019455813359235016,1.0
sandal_vs_sneaker,within_footwear,random_conv1,random,conv1,110,3136,32,42,10,5,50,0.8780999999999999,0.016605875527680433,0.8778919329668039,0.016714429326158027,0.8780999999999999,0.016605875527680433,0.1
sandal_vs_sneaker,within_footwear,random_conv1,random,conv1,150,3136,32,42,10,5,50,0.8843099999999998,0.017005368300051834,0.8841865287357552,0.01705995624150481,0.8843099999999999,0.01700536830005184,0.1
sandal_vs_sneaker,within_footwear,random_conv1,random,conv1,200,3136,32,42,10,5,50,0.8872600000000002,0.01732234607290212,0.8871670648305353,0.01734781763412048,0.8872600000000002,0.017322346072902124,1.0
sandal_vs_sneaker,within_footwear,fine_conv1,fine,conv1,10,3136,32,42,10,5,50,0.7415100000000001,0.05758352318899168,0.7353517814258163,0.06088988436110778,0.7415100000000001,0.057583523188991674,0.01
sandal_vs_sneaker,within_footwear,fine_conv1,fine,conv1,20,3136,32,42,10,5,50,0.80135,0.04358176106996118,0.7987821694723695,0.046138971102304985,0.8013499999999999,0.04358176106996118,0.1
sandal_vs_sneaker,within_footwear,fine_conv1,fine,conv1,30,3136,32,42,10,5,50,0.8221999999999998,0.03385021026070411,0.8206924414044943,0.034469019503563375,0.8221999999999998,0.0338502102607041,1.0
sandal_vs_sneaker,within_footwear,fine_conv1,fine,conv1,50,3136,32,42,10,5,50,0.8403399999999999,0.029986466335087003,0.8394608983700106,0.030587790968472302,0.8403400000000001,0.029986466335087014,0.1
sandal_vs_sneaker,within_footwear,fine_conv1,fine,conv1,80,3136,32,42,10,5,50,0.8593999999999999,0.02298557666655064,0.858899921919145,0.023343243707171467,0.8593999999999999,0.02298557666655065,0.1
sandal_vs_sneaker,within_footwear,fine_conv1,fine,conv1,110,3136,32,42,10,5,50,0.8663299999999999,0.021126347318464873,0.8659887817404962,0.02130025164312618,0.8663299999999999,0.021126347318464866,0.1
sandal_vs_sneaker,within_footwear,fine_conv1,fine,conv1,150,3136,32,42,10,5,50,0.8742800000000002,0.01844051661589838,0.8740864945870515,0.01858532512851322,0.8742800000000002,0.018440516615898392,0.1
sandal_vs_sneaker,within_footwear,fine_conv1,fine,conv1,200,3136,32,42,10,5,50,0.8775999999999999,0.017429742349425206,0.8774406078565776,0.01753502468412817,0.8775999999999999,0.017429742349425237,0.1
sandal_vs_sneaker,within_footwear,coarse_conv1,coarse,conv1,10,3136,32,42,10,5,50,0.7697700000000002,0.05356659121017082,0.7665904726626768,0.05454075655288679,0.7697700000000002,0.05356659121017083,0.01
sandal_vs_sneaker,within_footwear,coarse_conv1,coarse,conv1,20,3136,32,42,10,5,50,0.81648,0.028866858336231906,0.8147415113642311,0.03078716580785245,0.81648,0.02886685833623191,1.0
sandal_vs_sneaker,within_footwear,coarse_conv1,coarse,conv1,30,3136,32,42,10,5,50,0.83648,0.025456437379995516,0.8354073731302195,0.025991144907044232,0.83648,0.02545643737999551,1.0
sandal_vs_sneaker,within_footwear,coarse_conv1,coarse,conv1,50,3136,32,42,10,5,50,0.85019,0.025119691032156832,0.8496127888630934,0.025379911941901964,0.8501899999999999,0.025119691032156825,1.0
sandal_vs_sneaker,within_footwear,coarse_conv1,coarse,conv1,80,3136,32,42,10,5,50,0.86952,0.0197168631855463,0.8691769349018682,0.019873474050253297,0.86952,0.019716863185546288,1.0
sandal_vs_sneaker,within_footwear,coarse_conv1,coarse,conv1,110,3136,32,42,10,5,50,0.87851,0.01704749966704674,0.8783503293920378,0.0170582262729838,0.87851,0.017047499667046752,1.0
sandal_vs_sneaker,within_footwear,coarse_conv1,coarse,conv1,150,3136,32,42,10,5,50,0.8855299999999998,0.01591636623999693,0.8854246653299331,0.015934495276039885,0.8855299999999998,0.015916366239996958,1.0
sandal_vs_sneaker,within_footwear,coarse_conv1,coarse,conv1,200,3136,32,42,10,5,50,0.88738,0.01554504974030548,0.887288476350848,0.015557229737390058,0.88738,0.015545049740305475,0.1
sandal_vs_sneaker,within_footwear,random_conv2,random,conv2,10,1568,32,42,10,5,50,0.77277,0.04928138800887849,0.7698880362901416,0.04940043300239446,0.77277,0.04928138800887849,0.1
sandal_vs_sneaker,within_footwear,random_conv2,random,conv2,20,1568,32,42,10,5,50,0.8264800000000001,0.037045884400570175,0.8250533418988202,0.037948388253482,0.82648,0.037045884400570175,1.0
sandal_vs_sneaker,within_footwear,random_conv2,random,conv2,30,1568,32,42,10,5,50,0.8514499999999999,0.02943381541349878,0.8504686570725181,0.03011756478094021,0.8514499999999999,0.02943381541349878,1.0
sandal_vs_sneaker,within_footwear,random_conv2,random,conv2,50,1568,32,42,10,5,50,0.86696,0.022699195346702377,0.8664578858123383,0.023140623073868945,0.86696,0.022699195346702384,1.0
sandal_vs_sneaker,within_footwear,random_conv2,random,conv2,80,1568,32,42,10,5,50,0.8822,0.01731343703719213,0.8819771858517172,0.017424050260910127,0.8822,0.01731343703719213,1.0
sandal_vs_sneaker,within_footwear,random_conv2,random,conv2,110,1568,32,42,10,5,50,0.8873000000000001,0.015983728971574025,0.8871186648940993,0.016118145919534595,0.8873000000000001,0.015983728971574032,1.0
sandal_vs_sneaker,within_footwear,random_conv2,random,conv2,150,1568,32,42,10,5,50,0.8919399999999998,0.016603306776614327,0.8918129221327692,0.01671212106409776,0.8919400000000001,0.016603306776614334,1.0
sandal_vs_sneaker,within_footwear,random_conv2,random,conv2,200,1568,32,42,10,5,50,0.89545,0.01642616441994358,0.8953459562114792,0.016500165338467362,0.8954500000000002,0.016426164419943576,1.0
sandal_vs_sneaker,within_footwear,fine_conv2,fine,conv2,10,1568,32,42,10,5,50,0.8112999999999999,0.05128909658564312,0.80787788962687,0.05395660973129636,0.8112999999999999,0.05128909658564312,0.01
sandal_vs_sneaker,within_footwear,fine_conv2,fine,conv2,20,1568,32,42,10,5,50,0.86506,0.040851103449738344,0.863358250417826,0.04377299196318431,0.86506,0.04085110344973835,1.0
sandal_vs_sneaker,within_footwear,fine_conv2,fine,conv2,30,1568,32,42,10,5,50,0.88872,0.025241114823854754,0.8880044929101564,0.02627918528364186,0.88872,0.025241114823854754,1.0
sandal_vs_sneaker,within_footwear,fine_conv2,fine,conv2,50,1568,32,42,10,5,50,0.9075600000000001,0.013749077891158487,0.9073448936083282,0.013886936790707917,0.90756,0.013749077891158487,1.0
sandal_vs_sneaker,within_footwear,fine_conv2,fine,conv2,80,1568,32,42,10,5,50,0.9152899999999999,0.011594813231680417,0.9151208085285338,0.011705421712392111,0.9152899999999999,0.011594813231680417,0.1
sandal_vs_sneaker,within_footwear,fine_conv2,fine,conv2,110,1568,32,42,10,5,50,0.92012,0.010321643596376127,0.920015276908009,0.010379179956657013,0.9201199999999998,0.01032164359637613,0.1
sandal_vs_sneaker,within_footwear,fine_conv2,fine,conv2,150,1568,32,42,10,5,50,0.9254399999999999,0.008743884160033327,0.9253847228099491,0.008774156872613605,0.9254399999999999,0.008743884160033317,0.1
sandal_vs_sneaker,within_footwear,fine_conv2,fine,conv2,200,1568,32,42,10,5,50,0.92803,0.008673446458553129,0.9279840341131336,0.008692911822196994,0.92803,0.008673446458553133,0.1
sandal_vs_sneaker,within_footwear,coarse_conv2,coarse,conv2,10,1568,32,42,10,5,50,0.7924599999999999,0.05920681841594577,0.789152030745542,0.06118872990641183,0.7924599999999999,0.05920681841594577,0.01
sandal_vs_sneaker,within_footwear,coarse_conv2,coarse,conv2,20,1568,32,42,10,5,50,0.8294499999999999,0.046280891503593005,0.8270369702355127,0.04976096721833644,0.8294499999999999,0.046280891503593,1.0
sandal_vs_sneaker,within_footwear,coarse_conv2,coarse,conv2,30,1568,32,42,10,5,50,0.85008,0.0395126381228661,0.8484002990307805,0.04132774452339621,0.85008,0.03951263812286609,1.0
sandal_vs_sneaker,within_footwear,coarse_conv2,coarse,conv2,50,1568,32,42,10,5,50,0.87279,0.025251407315802638,0.8720795947875097,0.026034833302905392,0.87279,0.025251407315802638,1.0
sandal_vs_sneaker,within_footwear,coarse_conv2,coarse,conv2,80,1568,32,42,10,5,50,0.8857900000000001,0.019248400410614565,0.8853791932112723,0.01956937786956807,0.8857900000000001,0.019248400410614562,1.0
sandal_vs_sneaker,within_footwear,coarse_conv2,coarse,conv2,110,1568,32,42,10,5,50,0.89148,0.016367576210924085,0.8911721198515419,0.016610273241620732,0.89148,0.016367576210924092,1.0
sandal_vs_sneaker,within_footwear,coarse_conv2,coarse,conv2,150,1568,32,42,10,5,50,0.89646,0.015085416663730818,0.8963038849872719,0.015189365018303098,0.8964599999999998,0.015085416663730823,1.0
sandal_vs_sneaker,within_footwear,coarse_conv2,coarse,conv2,200,1568,32,42,10,5,50,0.90116,0.014485897434739624,0.9010431579072202,0.014525700818353545,0.90116,0.014485897434739613,1.0
sandal_vs_sneaker,within_footwear,random_fc,random,fc,10,128,32,42,10,5,50,0.78023,0.038209840862996405,0.7759160482424741,0.04249699218236677,0.78023,0.038209840862996405,0.01
sandal_vs_sneaker,within_footwear,random_fc,random,fc,20,128,32,42,10,5,50,0.81832,0.027781171130601294,0.8165577793338373,0.02938667150863903,0.81832,0.027781171130601304,1.0
sandal_vs_sneaker,within_footwear,random_fc,random,fc,30,128,32,42,10,5,50,0.8499599999999999,0.022385500044557808,0.84914400232841,0.0228976623753043,0.8499599999999999,0.0223855000445578,1.0
sandal_vs_sneaker,within_footwear,random_fc,random,fc,50,128,32,42,10,5,50,0.8688300000000001,0.022632514537402025,0.8684696705835114,0.022882615130862177,0.8688300000000001,0.022632514537402025,1.0
sandal_vs_sneaker,within_footwear,random_fc,random,fc,80,128,32,42,10,5,50,0.8876600000000002,0.01714358331795286,0.8875139958166113,0.017204300827788264,0.88766,0.017143583317952873,1.0
sandal_vs_sneaker,within_footwear,random_fc,random,fc,110,128,32,42,10,5,50,0.8918299999999999,0.015211975008968065,0.8917204740188825,0.015272843604256597,0.8918299999999999,0.015211975008968079,1.0
sandal_vs_sneaker,within_footwear,random_fc,random,fc,150,128,32,42,10,5,50,0.9013800000000002,0.012281793394272354,0.9013154505121738,0.012319445773447525,0.9013800000000002,0.012281793394272355,1.0
sandal_vs_sneaker,within_footwear,random_fc,random,fc,200,128,32,42,10,5,50,0.9051699999999999,0.011336958703861512,0.9051200804895077,0.011365864976154931,0.9051699999999999,0.011336958703861514,1.0
sandal_vs_sneaker,within_footwear,fine_fc,fine,fc,10,128,32,42,10,5,50,0.95382,0.02577666243970721,0.9536371446828602,0.026173223776849552,0.95382,0.025776662439707203,0.01
sandal_vs_sneaker,within_footwear,fine_fc,fine,fc,20,128,32,42,10,5,50,0.95978,0.024828628965904067,0.9596194033379112,0.025278481693972957,0.95978,0.024828628965904067,1.0
sandal_vs_sneaker,within_footwear,fine_fc,fine,fc,30,128,32,42,10,5,50,0.9627,0.024640476075443236,0.9625575990226674,0.025008535291205603,0.9626999999999998,0.02464047607544322,1.0
sandal_vs_sneaker,within_footwear,fine_fc,fine,fc,50,128,32,42,10,5,50,0.9729399999999998,0.008796822246280363,0.9729251660336362,0.008816708413329962,0.9729399999999999,0.00879682224628035,1.0
sandal_vs_sneaker,within_footwear,fine_fc,fine,fc,80,128,32,42,10,5,50,0.9756599999999999,0.005493446930996377,0.9756504355722906,0.005504705657506658,0.9756599999999999,0.005493446930996377,1.0
sandal_vs_sneaker,within_footwear,fine_fc,fine,fc,110,128,32,42,10,5,50,0.9779699999999998,0.005170964856873476,0.9779639996805152,0.005179882241287013,0.9779699999999998,0.005170964856873468,0.1
sandal_vs_sneaker,within_footwear,fine_fc,fine,fc,150,128,32,42,10,5,50,0.9793299999999999,0.0037479382087124286,0.9793263018197398,0.0037518888728539984,0.9793299999999999,0.0037479382087124303,0.1
sandal_vs_sneaker,within_footwear,fine_fc,fine,fc,200,128,32,42,10,5,50,0.9806999999999999,0.002984654630825168,0.9806973222692856,0.0029871913703396684,0.9806999999999999,0.002984654630825177,0.1
sandal_vs_sneaker,within_footwear,coarse_fc,coarse,fc,10,128,32,42,10,5,50,0.69845,0.050431733004900316,0.6933128760394436,0.05121283943581368,0.69845,0.0504317330049003,1.0
sandal_vs_sneaker,within_footwear,coarse_fc,coarse,fc,20,128,32,42,10,5,50,0.7615200000000002,0.0448006878591508,0.7591430982941505,0.04555605522013095,0.76152,0.0448006878591508,1.0
sandal_vs_sneaker,within_footwear,coarse_fc,coarse,fc,30,128,32,42,10,5,50,0.79142,0.03484606966974283,0.7890970572469207,0.03599492518771315,0.79142,0.034846069669742845,1.0
sandal_vs_sneaker,within_footwear,coarse_fc,coarse,fc,50,128,32,42,10,5,50,0.8222000000000002,0.029024444307289315,0.8209798532496313,0.02964604458120194,0.8222000000000002,0.029024444307289312,1.0
sandal_vs_sneaker,within_footwear,coarse_fc,coarse,fc,80,128,32,42,10,5,50,0.8485300000000001,0.019631141961024015,0.8478560825093956,0.019931629379429442,0.8485300000000001,0.019631141961024008,1.0
sandal_vs_sneaker,within_footwear,coarse_fc,coarse,fc,110,128,32,42,10,5,50,0.8584299999999999,0.01852879997656158,0.8578802356741925,0.018739627931624644,0.8584299999999999,0.01852879997656158,1.0
sandal_vs_sneaker,within_footwear,coarse_fc,coarse,fc,150,128,32,42,10,5,50,0.8658999999999999,0.017675937754761527,0.8655479306828164,0.01775387252719106,0.8659,0.017675937754761513,1.0
sandal_vs_sneaker,within_footwear,coarse_fc,coarse,fc,200,128,32,42,10,5,50,0.87684,0.016198526010040508,0.8765661665837957,0.016224691399585326,0.87684,0.0161985260100405,1.0
sneaker_vs_ankle_boot,within_footwear,constant,constant,constant,10,0,0,42,10,5,50,0.5,0.0,0.33333333333333326,5.607473066727768e-17,0.5,0.0,
sneaker_vs_ankle_boot,within_footwear,constant,constant,constant,20,0,0,42,10,5,50,0.5,0.0,0.33333333333333326,5.607473066727768e-17,0.5,0.0,
sneaker_vs_ankle_boot,within_footwear,constant,constant,constant,30,0,0,42,10,5,50,0.5,0.0,0.33333333333333326,5.607473066727768e-17,0.5,0.0,
sneaker_vs_ankle_boot,within_footwear,constant,constant,constant,50,0,0,42,10,5,50,0.5,0.0,0.33333333333333326,5.607473066727768e-17,0.5,0.0,
sneaker_vs_ankle_boot,within_footwear,constant,constant,constant,80,0,0,42,10,5,50,0.5,0.0,0.33333333333333326,5.607473066727768e-17,0.5,0.0,
sneaker_vs_ankle_boot,within_footwear,constant,constant,constant,110,0,0,42,10,5,50,0.5,0.0,0.33333333333333326,5.607473066727768e-17,0.5,0.0,
sneaker_vs_ankle_boot,within_footwear,constant,constant,constant,150,0,0,42,10,5,50,0.5,0.0,0.33333333333333326,5.607473066727768e-17,0.5,0.0,
sneaker_vs_ankle_boot,within_footwear,constant,constant,constant,200,0,0,42,10,5,50,0.5,0.0,0.33333333333333326,5.607473066727768e-17,0.5,0.0,
sneaker_vs_ankle_boot,within_footwear,pixels,pixels,pixels,10,784,32,42,10,5,50,0.8876999999999999,0.03408363063922359,0.8870654228818589,0.03529047058727469,0.8876999999999999,0.03408363063922358,0.01
sneaker_vs_ankle_boot,within_footwear,pixels,pixels,pixels,20,784,32,42,10,5,50,0.90681,0.014134517743337923,0.906708443394047,0.01419243898870496,0.9068100000000001,0.014134517743337936,0.01
sneaker_vs_ankle_boot,within_footwear,pixels,pixels,pixels,30,784,32,42,10,5,50,0.9079799999999999,0.012565323192770475,0.9078871707068391,0.012630804279785416,0.9079799999999999,0.012565323192770476,0.01
sneaker_vs_ankle_boot,within_footwear,pixels,pixels,pixels,50,784,32,42,10,5,50,0.9133,0.010088384915539346,0.913245276596835,0.010106612343837645,0.9133,0.01008838491553934,0.1
sneaker_vs_ankle_boot,within_footwear,pixels,pixels,pixels,80,784,32,42,10,5,50,0.9149799999999999,0.009124960162060096,0.9149362469774927,0.009140015629143315,0.9149799999999999,0.009124960162060077,0.01
sneaker_vs_ankle_boot,within_footwear,pixels,pixels,pixels,110,784,32,42,10,5,50,0.91777,0.008609563974832571,0.9177403258122052,0.00861654344211709,0.91777,0.00860956397483256,0.1
sneaker_vs_ankle_boot,within_footwear,pixels,pixels,pixels,150,784,32,42,10,5,50,0.91931,0.00981091125185816,0.9192851203272114,0.009822248158811879,0.91931,0.009810911251858153,0.1
sneaker_vs_ankle_boot,within_footwear,pixels,pixels,pixels,200,784,32,42,10,5,50,0.9211099999999999,0.008547758985457501,0.9210889370140461,0.008562622037233639,0.9211099999999999,0.0085477589854575,0.1
sneaker_vs_ankle_boot,within_footwear,random_conv1,random,conv1,10,3136,32,42,10,5,50,0.8976000000000001,0.02446133976006103,0.8970553630126483,0.02561154656406181,0.8976000000000001,0.02446133976006104,1.0
sneaker_vs_ankle_boot,within_footwear,random_conv1,random,conv1,20,3136,32,42,10,5,50,0.9089900000000002,0.010487353900614532,0.9088571305109093,0.010595484707407805,0.9089900000000002,0.010487353900614525,0.01
sneaker_vs_ankle_boot,within_footwear,random_conv1,random,conv1,30,3136,32,42,10,5,50,0.9126400000000001,0.008824270797184376,0.9125471039842542,0.008892483458299474,0.9126400000000001,0.008824270797184371,0.1
sneaker_vs_ankle_boot,within_footwear,random_conv1,random,conv1,50,3136,32,42,10,5,50,0.91881,0.0071399208250340716,0.9187597902534546,0.007175468578087666,0.91881,0.007139920825034061,0.1
sneaker_vs_ankle_boot,within_footwear,random_conv1,random,conv1,80,3136,32,42,10,5,50,0.92277,0.00707915162679131,0.922720420962685,0.007102613650492981,0.92277,0.007079151626791308,0.1
sneaker_vs_ankle_boot,within_footwear,random_conv1,random,conv1,110,3136,32,42,10,5,50,0.9241400000000002,0.007994921857667155,0.9241126349522463,0.008005754718277809,0.9241400000000002,0.00799492185766715,0.1
sneaker_vs_ankle_boot,within_footwear,random_conv1,random,conv1,150,3136,32,42,10,5,50,0.92539,0.0068774179421509955,0.9253610652554695,0.0068989134001593965,0.92539,0.006877417942151004,0.1
sneaker_vs_ankle_boot,within_footwear,random_conv1,random,conv1,200,3136,32,42,10,5,50,0.9280800000000002,0.006628140380073373,0.9280590268963975,0.006641870548483208,0.92808,0.006628140380073371,0.1
sneaker_vs_ankle_boot,within_footwear,fine_conv1,fine,conv1,10,3136,32,42,10,5,50,0.8939100000000001,0.02754934163441653,0.8933470102274521,0.028761704600500777,0.8939100000000001,0.02754934163441652,0.01
sneaker_vs_ankle_boot,within_footwear,fine_conv1,fine,conv1,20,3136,32,42,10,5,50,0.91024,0.011790362719663232,0.9101030720236243,0.011943954066199556,0.91024,0.011790362719663255,0.01
sneaker_vs_ankle_boot,within_footwear,fine_conv1,fine,conv1,30,3136,32,42,10,5,50,0.91333,0.008910329937316396,0.913245600021878,0.0089628734414874,0.91333,0.008910329937316401,0.01
sneaker_vs_ankle_boot,within_footwear,fine_conv1,fine,conv1,50,3136,32,42,10,5,50,0.91866,0.007785019628250466,0.9186170321203165,0.0078083190489501575,0.91866,0.007785019628250463,0.01
sneaker_vs_ankle_boot,within_footwear,fine_conv1,fine,conv1,80,3136,32,42,10,5,50,0.9219799999999999,0.006069293742323925,0.9219410853993775,0.006089769088866129,0.9219799999999999,0.006069293742323924,0.1
sneaker_vs_ankle_boot,within_footwear,fine_conv1,fine,conv1,110,3136,32,42,10,5,50,0.92345,0.006310220087367835,0.923423215197571,0.006327425498163836,0.92345,0.00631022008736782,0.1
sneaker_vs_ankle_boot,within_footwear,fine_conv1,fine,conv1,150,3136,32,42,10,5,50,0.9252800000000001,0.007460207361565163,0.9252534666461864,0.007481361334608116,0.9252800000000001,0.007460207361565175,0.1
sneaker_vs_ankle_boot,within_footwear,fine_conv1,fine,conv1,200,3136,32,42,10,5,50,0.92668,0.006849519572009923,0.926659971942382,0.006855773770751844,0.92668,0.006849519572009923,0.1
sneaker_vs_ankle_boot,within_footwear,coarse_conv1,coarse,conv1,10,3136,32,42,10,5,50,0.90116,0.027007829552610423,0.9005847113013555,0.028367253232865732,0.9011600000000002,0.027007829552610434,0.01
sneaker_vs_ankle_boot,within_footwear,coarse_conv1,coarse,conv1,20,3136,32,42,10,5,50,0.91402,0.009656318646146607,0.9139012654171133,0.009785875651811092,0.91402,0.009656318646146593,0.01
sneaker_vs_ankle_boot,within_footwear,coarse_conv1,coarse,conv1,30,3136,32,42,10,5,50,0.91647,0.008623301370740351,0.9163823287551972,0.00873693346532513,0.91647,0.008623301370740355,0.1
sneaker_vs_ankle_boot,within_footwear,coarse_conv1,coarse,conv1,50,3136,32,42,10,5,50,0.9202799999999999,0.008029384808823363,0.9202261946880185,0.008097778369760148,0.9202799999999999,0.008029384808823361,0.1
sneaker_vs_ankle_boot,within_footwear,coarse_conv1,coarse,conv1,80,3136,32,42,10,5,50,0.9237499999999998,0.005955832332723127,0.9237051900182657,0.0059834690671198175,0.92375,0.0059558323327231315,0.1
sneaker_vs_ankle_boot,within_footwear,coarse_conv1,coarse,conv1,110,3136,32,42,10,5,50,0.9256,0.006974443142133798,0.9255689613462534,0.006997171614360918,0.9255999999999999,0.006974443142133792,0.1
sneaker_vs_ankle_boot,within_footwear,coarse_conv1,coarse,conv1,150,3136,32,42,10,5,50,0.9271600000000001,0.006894570475440538,0.9271340658047064,0.00691434859855736,0.92716,0.006894570475440544,0.1
sneaker_vs_ankle_boot,within_footwear,coarse_conv1,coarse,conv1,200,3136,32,42,10,5,50,0.92833,0.006311319600688972,0.9283110158158324,0.006324611518493726,0.92833,0.00631131960068897,0.1
sneaker_vs_ankle_boot,within_footwear,random_conv2,random,conv2,10,1568,32,42,10,5,50,0.8992899999999999,0.026161213305820764,0.898786886680042,0.02709619567199674,0.8992899999999999,0.02616121330582076,1.0
sneaker_vs_ankle_boot,within_footwear,random_conv2,random,conv2,20,1568,32,42,10,5,50,0.9118599999999999,0.01292720592631001,0.9117374066572498,0.013008750401581287,0.9118599999999999,0.012927205926310015,1.0
sneaker_vs_ankle_boot,within_footwear,random_conv2,random,conv2,30,1568,32,42,10,5,50,0.91565,0.010808278195486113,0.9155661002999005,0.01087652972792158,0.91565,0.010808278195486116,0.1
sneaker_vs_ankle_boot,within_footwear,random_conv2,random,conv2,50,1568,32,42,10,5,50,0.92232,0.008840860610061145,0.9222764543357588,0.008870051667798043,0.9223199999999998,0.008840860610061136,0.1
sneaker_vs_ankle_boot,within_footwear,random_conv2,random,conv2,80,1568,32,42,10,5,50,0.92357,0.006684592396713814,0.9235325749375063,0.006695233617245353,0.92357,0.006684592396713794,1.0
sneaker_vs_ankle_boot,within_footwear,random_conv2,random,conv2,110,1568,32,42,10,5,50,0.9276000000000001,0.007208271892310207,0.9275755752124997,0.007224833239487091,0.9276000000000001,0.0072082718923102175,0.1
sneaker_vs_ankle_boot,within_footwear,random_conv2,random,conv2,150,1568,32,42,10,5,50,0.9297899999999999,0.005707218844478944,0.9297632351836392,0.005734190882977939,0.9297899999999999,0.005707218844478938,0.1
sneaker_vs_ankle_boot,within_footwear,random_conv2,random,conv2,200,1568,32,42,10,5,50,0.9320300000000001,0.006176329072865731,0.9320104542665325,0.006192945413706444,0.9320300000000001,0.006176329072865739,0.1
sneaker_vs_ankle_boot,within_footwear,fine_conv2,fine,conv2,10,1568,32,42,10,5,50,0.8845099999999999,0.026666016361118296,0.8837018299272017,0.027792026163096825,0.8845099999999999,0.02666601636111829,0.1
sneaker_vs_ankle_boot,within_footwear,fine_conv2,fine,conv2,20,1568,32,42,10,5,50,0.9031600000000001,0.012896938412203242,0.902906863958377,0.013154615964957934,0.9031600000000001,0.012896938412203247,0.1
sneaker_vs_ankle_boot,within_footwear,fine_conv2,fine,conv2,30,1568,32,42,10,5,50,0.91232,0.011755051020297454,0.9122040032361829,0.011852639082417637,0.91232,0.01175505102029744,1.0
sneaker_vs_ankle_boot,within_footwear,fine_conv2,fine,conv2,50,1568,32,42,10,5,50,0.9180799999999999,0.01147551074849288,0.9180254807325686,0.011495365346457039,0.9180799999999999,0.01147551074849287,0.1
sneaker_vs_ankle_boot,within_footwear,fine_conv2,fine,conv2,80,1568,32,42,10,5,50,0.9218500000000001,0.01240648694705101,0.9218045391566015,0.012425464926224632,0.9218500000000001,0.012406486947050996,0.1
sneaker_vs_ankle_boot,within_footwear,fine_conv2,fine,conv2,110,1568,32,42,10,5,50,0.92547,0.012236366841076138,0.9254369733151049,0.01225548898421771,0.92547,0.012236366841076145,0.1
sneaker_vs_ankle_boot,within_footwear,fine_conv2,fine,conv2,150,1568,32,42,10,5,50,0.9290900000000001,0.011773669169561608,0.9290674511796999,0.011776748383255875,0.9290900000000001,0.011773669169561605,0.1
sneaker_vs_ankle_boot,within_footwear,fine_conv2,fine,conv2,200,1568,32,42,10,5,50,0.9300700000000001,0.011438393101073837,0.9300522268980593,0.011443244253238689,0.93007,0.011438393101073828,0.1
sneaker_vs_ankle_boot,within_footwear,coarse_conv2,coarse,conv2,10,1568,32,42,10,5,50,0.8970199999999998,0.023324017576703354,0.8964849296836427,0.024407167268474448,0.8970199999999998,0.02332401757670336,1.0
sneaker_vs_ankle_boot,within_footwear,coarse_conv2,coarse,conv2,20,1568,32,42,10,5,50,0.91042,0.01105245378610007,0.9102603184381327,0.011158564998938766,0.91042,0.011052453786100067,1.0
sneaker_vs_ankle_boot,within_footwear,coarse_conv2,coarse,conv2,30,1568,32,42,10,5,50,0.91519,0.008828808364828028,0.9150944487065951,0.00892431372871393,0.91519,0.008828808364828028,1.0
sneaker_vs_ankle_boot,within_footwear,coarse_conv2,coarse,conv2,50,1568,32,42,10,5,50,0.9227399999999999,0.008850942530231994,0.9226830355935876,0.008895556061922202,0.9227399999999999,0.008850942530231993,1.0
sneaker_vs_ankle_boot,within_footwear,coarse_conv2,coarse,conv2,80,1568,32,42,10,5,50,0.9251,0.008383657572069263,0.9250538091316952,0.008402304284785351,0.9251,0.008383657572069273,0.1
sneaker_vs_ankle_boot,within_footwear,coarse_conv2,coarse,conv2,110,1568,32,42,10,5,50,0.9286799999999998,0.008714730667797186,0.9286521601263881,0.008725638668696446,0.9286799999999998,0.008714730667797177,1.0
sneaker_vs_ankle_boot,within_footwear,coarse_conv2,coarse,conv2,150,1568,32,42,10,5,50,0.9320299999999999,0.006345824595426371,0.9320047907499601,0.006358276600156092,0.9320299999999999,0.006345824595426381,1.0
sneaker_vs_ankle_boot,within_footwear,coarse_conv2,coarse,conv2,200,1568,32,42,10,5,50,0.93476,0.005224783952178174,0.9347435337482933,0.005231343235428903,0.9347599999999998,0.005224783952178183,1.0
sneaker_vs_ankle_boot,within_footwear,random_fc,random,fc,10,128,32,42,10,5,50,0.8892700000000001,0.03141334208938123,0.8884313175470075,0.03279798379799524,0.8892700000000001,0.031413342089381215,0.01
sneaker_vs_ankle_boot,within_footwear,random_fc,random,fc,20,128,32,42,10,5,50,0.90551,0.014595040393285418,0.9053123539008205,0.01475758411010038,0.90551,0.014595040393285406,0.01
sneaker_vs_ankle_boot,within_footwear,random_fc,random,fc,30,128,32,42,10,5,50,0.90956,0.012853031088551278,0.9094146179702595,0.012994084929447135,0.90956,0.012853031088551278,0.1
sneaker_vs_ankle_boot,within_footwear,random_fc,random,fc,50,128,32,42,10,5,50,0.9173699999999999,0.010591587921264583,0.9173202963857834,0.010622949189265122,0.9173699999999999,0.010591587921264566,0.1
sneaker_vs_ankle_boot,within_footwear,random_fc,random,fc,80,128,32,42,10,5,50,0.91868,0.008459845128123622,0.9186264755546663,0.008476366486879362,0.91868,0.008459845128123613,0.1
sneaker_vs_ankle_boot,within_footwear,random_fc,random,fc,110,128,32,42,10,5,50,0.9222500000000001,0.007117275619568066,0.922217546980095,0.007123543915294001,0.9222500000000001,0.007117275619568054,0.1
sneaker_vs_ankle_boot,within_footwear,random_fc,random,fc,150,128,32,42,10,5,50,0.92616,0.007036667810658044,0.9261316837592888,0.007052739798380018,0.92616,0.007036667810658054,0.1
sneaker_vs_ankle_boot,within_footwear,random_fc,random,fc,200,128,32,42,10,5,50,0.9279900000000001,0.007006185313925203,0.9279666436080448,0.0070143031450128155,0.9279900000000001,0.0070061853139252025,0.1
sneaker_vs_ankle_boot,within_footwear,fine_fc,fine,fc,10,128,32,42,10,5,50,0.93905,0.02563783277478334,0.9387742094056145,0.026131804802889232,0.93905,0.025637832774783337,1.0
sneaker_vs_ankle_boot,within_footwear,fine_fc,fine,fc,20,128,32,42,10,5,50,0.9538399999999999,0.011157700736006759,0.9537890428658128,0.011220297520649711,0.9538399999999999,0.011157700736006748,1.0
sneaker_vs_ankle_boot,within_footwear,fine_fc,fine,fc,30,128,32,42,10,5,50,0.9590099999999999,0.007362681687581844,0.9589887268251249,0.007378987216199377,0.9590099999999999,0.007362681687581831,1.0
sneaker_vs_ankle_boot,within_footwear,fine_fc,fine,fc,50,128,32,42,10,5,50,0.96248,0.004923869392654357,0.9624697806192353,0.004930397962214561,0.96248,0.00492386939265433,1.0
sneaker_vs_ankle_boot,within_footwear,fine_fc,fine,fc,80,128,32,42,10,5,50,0.96475,0.004531353359130817,0.9647392171473748,0.0045386305545153235,0.96475,0.004531353359130812,0.1
sneaker_vs_ankle_boot,within_footwear,fine_fc,fine,fc,110,128,32,42,10,5,50,0.96667,0.0037479382087124286,0.9666644067110614,0.0037498036895957493,0.9666699999999997,0.0037479382087124294,0.1
sneaker_vs_ankle_boot,within_footwear,fine_fc,fine,fc,150,128,32,42,10,5,50,0.9672499999999999,0.003489415482306932,0.9672456003014076,0.0034909844218767388,0.9672499999999999,0.0034894154823069284,0.1
sneaker_vs_ankle_boot,within_footwear,fine_fc,fine,fc,200,128,32,42,10,5,50,0.9684900000000001,0.0032395672424518967,0.9684860767224278,0.00324145075848969,0.9684900000000001,0.0032395672424518794,0.1
sneaker_vs_ankle_boot,within_footwear,coarse_fc,coarse,fc,10,128,32,42,10,5,50,0.89851,0.037529918677214946,0.8978238336769376,0.038814705512761866,0.89851,0.03752991867721495,0.01
sneaker_vs_ankle_boot,within_footwear,coarse_fc,coarse,fc,20,128,32,42,10,5,50,0.91398,0.008161607484723459,0.9138387016190912,0.008282532440202111,0.9139799999999998,0.008161607484723466,0.01
sneaker_vs_ankle_boot,within_footwear,coarse_fc,coarse,fc,30,128,32,42,10,5,50,0.9174899999999999,0.007589930224733722,0.917390140539406,0.007690436438882169,0.9174899999999998,0.007589930224733727,1.0
sneaker_vs_ankle_boot,within_footwear,coarse_fc,coarse,fc,50,128,32,42,10,5,50,0.9191000000000001,0.004079565803226755,0.9190589161051759,0.004100181204890805,0.9191000000000001,0.00407956580322675,0.01
sneaker_vs_ankle_boot,within_footwear,coarse_fc,coarse,fc,80,128,32,42,10,5,50,0.9209499999999998,0.004640383956668473,0.9208949812156617,0.004670069405912588,0.9209499999999998,0.004640383956668477,1.0
sneaker_vs_ankle_boot,within_footwear,coarse_fc,coarse,fc,110,128,32,42,10,5,50,0.9254000000000001,0.0062245399797241025,0.9253748438559495,0.006229342350507647,0.9254000000000001,0.006224539979724093,1.0
sneaker_vs_ankle_boot,within_footwear,coarse_fc,coarse,fc,150,128,32,42,10,5,50,0.92658,0.00535605703281579,0.9265572925319084,0.005365425986361449,0.92658,0.005356057032815777,1.0
sneaker_vs_ankle_boot,within_footwear,coarse_fc,coarse,fc,200,128,32,42,10,5,50,0.9296399999999998,0.004425159976354135,0.9296257250306996,0.004427003645136268,0.9296399999999998,0.004425159976354138,1.0
sneaker_vs_non_footwear,cross_pooled,constant,constant,constant,10,0,0,42,10,5,50,0.875,0.0,0.4666666666666666,5.607473066727768e-17,0.5,0.0,
sneaker_vs_non_footwear,cross_pooled,constant,constant,constant,20,0,0,42,10,5,50,0.875,0.0,0.4666666666666666,5.607473066727768e-17,0.5,0.0,
sneaker_vs_non_footwear,cross_pooled,constant,constant,constant,30,0,0,42,10,5,50,0.875,0.0,0.4666666666666666,5.607473066727768e-17,0.5,0.0,
sneaker_vs_non_footwear,cross_pooled,constant,constant,constant,50,0,0,42,10,5,50,0.875,0.0,0.4666666666666666,5.607473066727768e-17,0.5,0.0,
sneaker_vs_non_footwear,cross_pooled,constant,constant,constant,80,0,0,42,10,5,50,0.875,0.0,0.4666666666666666,5.607473066727768e-17,0.5,0.0,
sneaker_vs_non_footwear,cross_pooled,constant,constant,constant,110,0,0,42,10,5,50,0.875,0.0,0.4666666666666666,5.607473066727768e-17,0.5,0.0,
sneaker_vs_non_footwear,cross_pooled,constant,constant,constant,150,0,0,42,10,5,50,0.875,0.0,0.4666666666666666,5.607473066727768e-17,0.5,0.0,
sneaker_vs_non_footwear,cross_pooled,constant,constant,constant,200,0,0,42,10,5,50,0.875,0.0,0.4666666666666666,5.607473066727768e-17,0.5,0.0,
sneaker_vs_non_footwear,cross_pooled,pixels,pixels,pixels,10,784,32,42,10,5,50,0.9176725,0.048400255694319536,0.8566685598941983,0.06833044555733661,0.9425842857142858,0.029477907673651584,1.0
sneaker_vs_non_footwear,cross_pooled,pixels,pixels,pixels,20,784,32,42,10,5,50,0.9541499999999999,0.023337215724141182,0.9105720508153042,0.039014081368150835,0.9674914285714286,0.01462262799497352,1.0
sneaker_vs_non_footwear,cross_pooled,pixels,pixels,pixels,30,784,32,42,10,5,50,0.9626025000000001,0.01825640595567396,0.9249267179005503,0.03239394413941803,0.9732214285714285,0.012281079622792726,1.0
sneaker_vs_non_footwear,cross_pooled,pixels,pixels,pixels,50,784,32,42,10,5,50,0.969865,0.014518084254066138,0.9380056081218805,0.026958104734819115,0.9776628571428572,0.009561165029327462,1.0
sneaker_vs_non_footwear,cross_pooled,pixels,pixels,pixels,80,784,32,42,10,5,50,0.9734150000000001,0.012901126157140268,0.9448341250086777,0.024331699778193213,0.9814571428571428,0.007083837802878658,1.0
sneaker_vs_non_footwear,cross_pooled,pixels,pixels,pixels,110,784,32,42,10,5,50,0.9774100000000001,0.010998725575525298,0.9524789113588897,0.021427839080895517,0.9841000000000001,0.00626703426276302,1.0
sneaker_vs_non_footwear,cross_pooled,pixels,pixels,pixels,150,784,32,42,10,5,50,0.9797425000000001,0.009253185124538444,0.9569500236798741,0.018235590122352843,0.9856128571428572,0.005619662815724114,1.0
sneaker_vs_non_footwear,cross_pooled,pixels,pixels,pixels,200,784,32,42,10,5,50,0.9819024999999999,0.0075613262286939355,0.9611681807310074,0.015182204008871861,0.9869071428571428,0.004870014885116657,1.0
sneaker_vs_non_footwear,cross_pooled,random_conv1,random,conv1,10,3136,32,42,10,5,50,0.9530974999999999,0.027177119939653025,0.9099944017172309,0.044582303659842615,0.9700871428571428,0.015205987348036779,1.0
sneaker_vs_non_footwear,cross_pooled,random_conv1,random,conv1,20,3136,32,42,10,5,50,0.9707574999999998,0.01421878092057639,0.9399892710345609,0.025430042340111106,0.9814814285714286,0.00805454140435604,1.0
sneaker_vs_non_footwear,cross_pooled,random_conv1,random,conv1,30,3136,32,42,10,5,50,0.9753774999999999,0.010768656390617337,0.948536951136368,0.020409870067230326,0.9844385714285715,0.006752959306253813,1.0
sneaker_vs_non_footwear,cross_pooled,random_conv1,random,conv1,50,3136,32,42,10,5,50,0.9815725000000002,0.007625359225395645,0.9604800928105316,0.015505620703782743,0.9868300000000001,0.00722218183473508,1.0
sneaker_vs_non_footwear,cross_pooled,random_conv1,random,conv1,80,3136,32,42,10,5,50,0.9832375,0.00907976451922019,0.9641272946085894,0.017857286391303462,0.9887757142857143,0.005621310118370737,1.0
sneaker_vs_non_footwear,cross_pooled,random_conv1,random,conv1,110,3136,32,42,10,5,50,0.9865675,0.007087788164965751,0.9709031009816583,0.01445385306534467,0.9912700000000001,0.004050115305252332,1.0
sneaker_vs_non_footwear,cross_pooled,random_conv1,random,conv1,150,3136,32,42,10,5,50,0.9877075,0.006330230454102035,0.9732394579394088,0.012986424791688097,0.9919471428571428,0.003706366585953295,1.0
sneaker_vs_non_footwear,cross_pooled,random_conv1,random,conv1,200,3136,32,42,10,5,50,0.9892274999999999,0.004456327907410704,0.9763361133250956,0.00932032616339791,0.9928328571428571,0.0027059335206620332,1.0
sneaker_vs_non_footwear,cross_pooled,fine_conv1,fine,conv1,10,3136,32,42,10,5,50,0.9304725,0.0371725095408048,0.8744077447085468,0.054032028048244314,0.9567814285714286,0.021637602485398384,0.01
sneaker_vs_non_footwear,cross_pooled,fine_conv1,fine,conv1,20,3136,32,42,10,5,50,0.95455,0.019299218155888375,0.9110375928358139,0.03206734415860372,0.9717828571428571,0.011095510909778832,1.0
sneaker_vs_non_footwear,cross_pooled,fine_conv1,fine,conv1,30,3136,32,42,10,5,50,0.9606449999999999,0.016322822697570617,0.9212737740030768,0.028516767378074303,0.9741942857142858,0.01205386736490184,1.0
sneaker_vs_non_footwear,cross_pooled,fine_conv1,fine,conv1,50,3136,32,42,10,5,50,0.968175,0.013792281929264882,0.9348782560614634,0.025509675894696895,0.978522857142857,0.009695718836945392,1.0
sneaker_vs_non_footwear,cross_pooled,fine_conv1,fine,conv1,80,3136,32,42,10,5,50,0.9716499999999999,0.013968189991285672,0.9416265345788908,0.02573244305721732,0.9813999999999998,0.008350792483972445,1.0
sneaker_vs_non_footwear,cross_pooled,fine_conv1,fine,conv1,110,3136,32,42,10,5,50,0.9765575000000001,0.011662784491356966,0.950926943136423,0.022392671701300156,0.9843414285714286,0.006727025473425583,1.0
sneaker_vs_non_footwear,cross_pooled,fine_conv1,fine,conv1,150,3136,32,42,10,5,50,0.9789825000000001,0.010314351565381406,0.9555940430920815,0.02017279694469491,0.9857614285714286,0.0061140522352631935,1.0
sneaker_vs_non_footwear,cross_pooled,fine_conv1,fine,conv1,200,3136,32,42,10,5,50,0.9801599999999999,0.008783319940869375,0.9577883745916962,0.01740715859681615,0.9863828571428571,0.005483509791500882,1.0
sneaker_vs_non_footwear,cross_pooled,coarse_conv1,coarse,conv1,10,3136,32,42,10,5,50,0.955955,0.02461093636527286,0.914487940641153,0.041169221463934605,0.9717285714285714,0.014500003590457554,1.0
sneaker_vs_non_footwear,cross_pooled,coarse_conv1,coarse,conv1,20,3136,32,42,10,5,50,0.9707875,0.013779612130215557,0.9399984690085933,0.02517634387363575,0.9812585714285711,0.00796850435407943,1.0
sneaker_vs_non_footwear,cross_pooled,coarse_conv1,coarse,conv1,30,3136,32,42,10,5,50,0.9751449999999999,0.009853951346686108,0.9478553502584218,0.018853233231951087,0.9831828571428572,0.008407162115947041,1.0
sneaker_vs_non_footwear,cross_pooled,coarse_conv1,coarse,conv1,50,3136,32,42,10,5,50,0.9803099999999999,0.008265571266848213,0.9580042864657997,0.01647942076964096,0.9861600000000001,0.006470700311065146,1.0
sneaker_vs_non_footwear,cross_pooled,coarse_conv1,coarse,conv1,80,3136,32,42,10,5,50,0.9828199999999999,0.009251074124066866,0.9632941721211438,0.0181977271221729,0.9885971428571427,0.005582141155063355,1.0
sneaker_vs_non_footwear,cross_pooled,coarse_conv1,coarse,conv1,110,3136,32,42,10,5,50,0.986265,0.007257589271983939,0.9702773217969741,0.014854643801288696,0.9909942857142855,0.004250703447675852,1.0
sneaker_vs_non_footwear,cross_pooled,coarse_conv1,coarse,conv1,150,3136,32,42,10,5,50,0.9877625000000001,0.0062512371224602,0.973340265273003,0.01291050382878012,0.9918157142857144,0.0036934854341432372,1.0
sneaker_vs_non_footwear,cross_pooled,coarse_conv1,coarse,conv1,200,3136,32,42,10,5,50,0.9889950000000001,0.004387915338792232,0.9758235938480894,0.009208560124236511,0.9924771428571428,0.0028244647279765268,1.0
sneaker_vs_non_footwear,cross_pooled,random_conv2,random,conv2,10,1568,32,42,10,5,50,0.9463250000000001,0.03180255372559549,0.8987664091519899,0.05011228226384555,0.9627028571428572,0.021372528073866724,1.0
sneaker_vs_non_footwear,cross_pooled,random_conv2,random,conv2,20,1568,32,42,10,5,50,0.9705374999999999,0.010745616393845147,0.9389405252954782,0.020025991987063722,0.9789471428571429,0.008533184969924503,1.0
sneaker_vs_non_footwear,cross_pooled,random_conv2,random,conv2,30,1568,32,42,10,5,50,0.97356,0.008193733606126284,0.94454904215735,0.015684826051900348,0.9812914285714285,0.006676072013244824,1.0
sneaker_vs_non_footwear,cross_pooled,random_conv2,random,conv2,50,1568,32,42,10,5,50,0.980255,0.00733774140860742,0.957744043181731,0.01454908095701252,0.9851171428571429,0.005585385821693627,1.0
sneaker_vs_non_footwear,cross_pooled,random_conv2,random,conv2,80,1568,32,42,10,5,50,0.9828199999999999,0.00667915199921153,0.9630539809466218,0.013430213406211405,0.9885028571428571,0.003946987315827562,1.0
sneaker_vs_non_footwear,cross_pooled,random_conv2,random,conv2,110,1568,32,42,10,5,50,0.9852650000000002,0.007502025236765146,0.9681971887625349,0.015136799124355768,0.9901657142857144,0.004191715516002619,1.0
sneaker_vs_non_footwear,cross_pooled,random_conv2,random,conv2,150,1568,32,42,10,5,50,0.9872525000000002,0.006369695171798465,0.9722726183181014,0.0129924654845594,0.9914471428571427,0.003492444692360365,1.0
sneaker_vs_non_footwear,cross_pooled,random_conv2,random,conv2,200,1568,32,42,10,5,50,0.9885925,0.00493088778383109,0.9750112912158425,0.010301257569152537,0.9924271428571428,0.002906981141768993,1.0
sneaker_vs_non_footwear,cross_pooled,fine_conv2,fine,conv2,10,1568,32,42,10,5,50,0.9417475000000001,0.04010659815493237,0.8930476725882831,0.05747896181106372,0.9632242857142854,0.023190530613178797,1.0
sneaker_vs_non_footwear,cross_pooled,fine_conv2,fine,conv2,20,1568,32,42,10,5,50,0.963875,0.017557431271605275,0.9275797451954096,0.03138278231274801,0.9770771428571429,0.010451598444136878,1.0
sneaker_vs_non_footwear,cross_pooled,fine_conv2,fine,conv2,30,1568,32,42,10,5,50,0.9671875,0.016052871230558662,0.9334634034535209,0.02874127104078324,0.9788671428571427,0.009732522433553234,1.0
sneaker_vs_non_footwear,cross_pooled,fine_conv2,fine,conv2,50,1568,32,42,10,5,50,0.9754550000000001,0.013421986417358464,0.9489751123496647,0.025344327090890066,0.983942857142857,0.008451468626764694,1.0
sneaker_vs_non_footwear,cross_pooled,fine_conv2,fine,conv2,80,1568,32,42,10,5,50,0.9787425000000001,0.014286995701457658,0.9556595612876086,0.026232864912177137,0.9865671428571428,0.008312180135735321,1.0
sneaker_vs_non_footwear,cross_pooled,fine_conv2,fine,conv2,110,1568,32,42,10,5,50,0.9826325000000001,0.010150192581363932,0.9630445191295044,0.019753072065301133,0.9889528571428572,0.005767835999022529,1.0
sneaker_vs_non_footwear,cross_pooled,fine_conv2,fine,conv2,150,1568,32,42,10,5,50,0.985295,0.008257794709811314,0.9683429485052725,0.01656444584653551,0.9903285714285714,0.004553673611155569,1.0
sneaker_vs_non_footwear,cross_pooled,fine_conv2,fine,conv2,200,1568,32,42,10,5,50,0.9869975,0.005997687160523646,0.9717094796373169,0.012230976560413736,0.9914042857142857,0.0033608970386822534,1.0
sneaker_vs_non_footwear,cross_pooled,coarse_conv2,coarse,conv2,10,1568,32,42,10,5,50,0.96604,0.039456652784791456,0.9354969385698243,0.05608114790513263,0.9774657142857142,0.02250881284208883,1.0
sneaker_vs_non_footwear,cross_pooled,coarse_conv2,coarse,conv2,20,1568,32,42,10,5,50,0.9815725,0.01348407247307666,0.9612315425998978,0.026109275387069187,0.9870614285714285,0.008568804384496026,1.0
sneaker_vs_non_footwear,cross_pooled,coarse_conv2,coarse,conv2,30,1568,32,42,10,5,50,0.9835400000000001,0.010794120423373348,0.9649050233527862,0.021374256660042286,0.988382857142857,0.007428666180153738,1.0
sneaker_vs_non_footwear,cross_pooled,coarse_conv2,coarse,conv2,50,1568,32,42,10,5,50,0.98724,0.008213930116526652,0.9723637442548991,0.01676035408451387,0.9908057142857143,0.00565943131849949,1.0
sneaker_vs_non_footwear,cross_pooled,coarse_conv2,coarse,conv2,80,1568,32,42,10,5,50,0.9899175000000001,0.006383653090959307,0.977939233428465,0.013292550173103615,0.9931157142857142,0.0038625620606841317,1.0
sneaker_vs_non_footwear,cross_pooled,coarse_conv2,coarse,conv2,110,1568,32,42,10,5,50,0.9914475000000001,0.005653758118928244,0.9811859705235676,0.011900157377272309,0.9942214285714286,0.003483143498298283,1.0
sneaker_vs_non_footwear,cross_pooled,coarse_conv2,coarse,conv2,150,1568,32,42,10,5,50,0.9925375000000001,0.0046973620745247805,0.9834868076066116,0.009980613219228543,0.9947585714285715,0.00295569428330749,1.0
sneaker_vs_non_footwear,cross_pooled,coarse_conv2,coarse,conv2,200,1568,32,42,10,5,50,0.99362,0.0035272228481353645,0.9857878847495672,0.007625744152731493,0.9954285714285714,0.0024650408696333926,1.0
sneaker_vs_non_footwear,cross_pooled,random_fc,random,fc,10,128,32,42,10,5,50,0.9705025,0.022197405305483756,0.9408363419418648,0.03925749614976096,0.98017,0.013410111451048026,1.0
sneaker_vs_non_footwear,cross_pooled,random_fc,random,fc,20,128,32,42,10,5,50,0.985135,0.007519440790106556,0.9678545772008735,0.015196902571506701,0.9892342857142856,0.006046674627634441,1.0
sneaker_vs_non_footwear,cross_pooled,random_fc,random,fc,30,128,32,42,10,5,50,0.98828,0.004498976641006994,0.9742521162808261,0.00947911529688617,0.9910485714285714,0.004804149254808169,1.0
sneaker_vs_non_footwear,cross_pooled,random_fc,random,fc,50,128,32,42,10,5,50,0.9899624999999999,0.0037648727178528477,0.9778457954952283,0.008033100942823102,0.9927728571428572,0.0028035308997831827,1.0
sneaker_vs_non_footwear,cross_pooled,random_fc,random,fc,80,128,32,42,10,5,50,0.9911575,0.0035947284604099954,0.9804256035373023,0.007677383573404508,0.9938414285714287,0.0024418386535551197,1.0
sneaker_vs_non_footwear,cross_pooled,random_fc,random,fc,110,128,32,42,10,5,50,0.9922150000000001,0.0033336028802581352,0.9827202063691582,0.00713903552438536,0.9947971428571428,0.0018075550642476775,1.0
sneaker_vs_non_footwear,cross_pooled,random_fc,random,fc,150,128,32,42,10,5,50,0.9923025,0.003831602777812285,0.9829375753830597,0.008177209018525228,0.9948814285714286,0.001986292572631228,1.0
sneaker_vs_non_footwear,cross_pooled,random_fc,random,fc,200,128,32,42,10,5,50,0.99316,0.0025746557130646294,0.9847522117608709,0.005579734156029824,0.99544,0.0013325108528055743,1.0
sneaker_vs_non_footwear,cross_pooled,fine_fc,fine,fc,10,128,32,42,10,5,50,0.9626775,0.033187057676056154,0.9291516468480168,0.056398658381918175,0.9782271428571429,0.01872679288510892,1.0
sneaker_vs_non_footwear,cross_pooled,fine_fc,fine,fc,20,128,32,42,10,5,50,0.9801100000000001,0.021400973895443858,0.9598870060086458,0.039600623637467136,0.9883428571428571,0.012107631980969234,1.0
sneaker_vs_non_footwear,cross_pooled,fine_fc,fine,fc,30,128,32,42,10,5,50,0.987635,0.01589488028856321,0.9743758320916411,0.03077989703569104,0.9926428571428572,0.008946006301027612,1.0
sneaker_vs_non_footwear,cross_pooled,fine_fc,fine,fc,50,128,32,42,10,5,50,0.9953825000000001,0.0049715651920882765,0.9897759219244339,0.01052243660525299,0.9971042857142857,0.0027776930941786427,1.0
sneaker_vs_non_footwear,cross_pooled,fine_fc,fine,fc,80,128,32,42,10,5,50,0.9975774999999999,0.0018987257407997338,0.9945331941794264,0.0041815140864180905,0.9984700000000001,0.0010879761999136265,1.0
sneaker_vs_non_footwear,cross_pooled,fine_fc,fine,fc,110,128,32,42,10,5,50,0.9981825000000001,0.0009035820157482478,0.9958767259013667,0.002026380550181918,0.9988671428571427,0.0005455148231936895,1.0
sneaker_vs_non_footwear,cross_pooled,fine_fc,fine,fc,150,128,32,42,10,5,50,0.9983350000000002,0.0008235376650246704,0.9962200364310221,0.00185140785782482,0.9989371428571429,0.0005230306073675253,1.0
sneaker_vs_non_footwear,cross_pooled,fine_fc,fine,fc,200,128,32,42,10,5,50,0.9984925,0.0006731029654078296,0.9965746385014528,0.0015178968454491882,0.9990357142857142,0.00044155503109018327,1.0
sneaker_vs_non_footwear,cross_pooled,coarse_fc,coarse,fc,10,128,32,42,10,5,50,0.9968899999999999,0.00273798861076029,0.9930200267223485,0.005974732588695804,0.9982228571428571,0.001564564920434461,0.01
sneaker_vs_non_footwear,cross_pooled,coarse_fc,coarse,fc,20,128,32,42,10,5,50,0.9973724999999999,0.0019896880203608136,0.9940766699043364,0.0043937126777825845,0.9984985714285713,0.001136964583063331,0.01
sneaker_vs_non_footwear,cross_pooled,coarse_fc,coarse,fc,30,128,32,42,10,5,50,0.9980000000000001,0.0011791124299442284,0.9954700196752425,0.00264515979122834,0.9988571428571427,0.0006737785313967074,0.01
sneaker_vs_non_footwear,cross_pooled,coarse_fc,coarse,fc,50,128,32,42,10,5,50,0.9982099999999999,0.0008289408043659385,0.9959386532689493,0.0018693276063542418,0.9989771428571429,0.00047368045963769605,0.01
sneaker_vs_non_footwear,cross_pooled,coarse_fc,coarse,fc,80,128,32,42,10,5,50,0.9984050000000001,0.0006969137504097553,0.9963777435377758,0.0015729858047814614,0.9990885714285714,0.00039823642880559775,0.01
sneaker_vs_non_footwear,cross_pooled,coarse_fc,coarse,fc,110,128,32,42,10,5,50,0.9984649999999999,0.0006087374019146437,0.9965125664265225,0.001374927431843907,0.9991228571428572,0.0003478499439512369,0.01
sneaker_vs_non_footwear,cross_pooled,coarse_fc,coarse,fc,150,128,32,42,10,5,50,0.998515,0.0006765194538434035,0.9966263307704749,0.0015261433338156773,0.9991514285714286,0.00038658254505337576,0.01
sneaker_vs_non_footwear,cross_pooled,coarse_fc,coarse,fc,200,128,32,42,10,5,50,0.9986174999999998,0.0005329751401331984,0.9968570350038763,0.0012048953160931296,0.9992099999999999,0.0003045572229332623,0.01
